config_id,scenario,topk,chunks,pair_index,order,P_e2e_ms,D_e2e_ms,D_minus_P_ms,relative_speedup
balanced_topk1_chunks2,balanced,1,2,0,"D,P",0.8540160059928894,0.8529919981956482,-0.001024007797241211,-0.0012004893356647145
balanced_topk1_chunks2,balanced,1,2,1,"P,D",0.8550400137901306,0.8529919981956482,-0.002048015594482422,-0.002400978671329429
balanced_topk1_chunks2,balanced,1,2,2,"D,P",0.8529919981956482,0.8540160059928894,0.001024007797241211,0.001199049889059968
balanced_topk1_chunks2,balanced,1,2,3,"P,D",0.8529919981956482,0.8550400137901306,0.002048015594482422,0.0023952277805154355
balanced_topk1_chunks2,balanced,1,2,4,"D,P",0.8540160059928894,0.8540160059928894,0.0,0.0
balanced_topk1_chunks2,balanced,1,2,5,"P,D",0.8529919981956482,0.8529919981956482,0.0,0.0
balanced_topk1_chunks2,balanced,1,2,6,"D,P",0.8529919981956482,0.8550400137901306,0.002048015594482422,0.0023952277805154355
balanced_topk1_chunks2,balanced,1,2,7,"P,D",0.8550400137901306,0.8540160059928894,-0.001024007797241211,-0.001199049889059968
balanced_topk1_chunks2,balanced,1,2,8,"D,P",0.8529919981956482,0.8591359853744507,0.00614398717880249,0.0071513558777597476
balanced_topk1_chunks2,balanced,1,2,9,"P,D",0.8550400137901306,0.8540160059928894,-0.001024007797241211,-0.001199049889059968
balanced_topk1_chunks2,balanced,1,2,10,"D,P",0.8540160059928894,0.8540160059928894,0.0,0.0
balanced_topk1_chunks2,balanced,1,2,11,"P,D",0.8550400137901306,0.8529919981956482,-0.002048015594482422,-0.002400978671329429
balanced_topk1_chunks2,balanced,1,2,12,"D,P",0.8540160059928894,0.8529919981956482,-0.001024007797241211,-0.0012004893356647145
balanced_topk1_chunks2,balanced,1,2,13,"P,D",0.8550400137901306,0.8540160059928894,-0.001024007797241211,-0.001199049889059968
balanced_topk1_chunks2,balanced,1,2,14,"D,P",0.8550400137901306,0.8540160059928894,-0.001024007797241211,-0.001199049889059968
balanced_topk1_chunks2,balanced,1,2,15,"P,D",0.8540160059928894,0.8540160059928894,0.0,0.0
balanced_topk1_chunks2,balanced,1,2,16,"D,P",0.8540160059928894,0.8529919981956482,-0.001024007797241211,-0.0012004893356647145
balanced_topk1_chunks2,balanced,1,2,17,"P,D",0.8540160059928894,0.8540160059928894,0.0,0.0
balanced_topk1_chunks2,balanced,1,2,18,"D,P",0.8540160059928894,0.8540160059928894,0.0,0.0
balanced_topk1_chunks2,balanced,1,2,19,"P,D",0.8540160059928894,0.8529919981956482,-0.001024007797241211,-0.0012004893356647145
balanced_topk1_chunks2,balanced,1,2,20,"D,P",0.8529919981956482,0.8529919981956482,0.0,0.0
balanced_topk1_chunks2,balanced,1,2,21,"P,D",0.8540160059928894,0.8529919981956482,-0.001024007797241211,-0.0012004893356647145
balanced_topk1_chunks2,balanced,1,2,22,"D,P",0.8540160059928894,0.8529919981956482,-0.001024007797241211,-0.0012004893356647145
balanced_topk1_chunks2,balanced,1,2,23,"P,D",0.8550400137901306,0.8529919981956482,-0.002048015594482422,-0.002400978671329429
balanced_topk1_chunks2,balanced,1,2,24,"D,P",0.8529919981956482,0.8540160059928894,0.001024007797241211,0.001199049889059968
balanced_topk1_chunks2,balanced,1,2,25,"P,D",0.8550400137901306,0.8540160059928894,-0.001024007797241211,-0.001199049889059968
balanced_topk1_chunks2,balanced,1,2,26,"D,P",0.8540160059928894,0.8529919981956482,-0.001024007797241211,-0.0012004893356647145
balanced_topk1_chunks2,balanced,1,2,27,"P,D",0.8550400137901306,0.8529919981956482,-0.002048015594482422,-0.002400978671329429
balanced_topk1_chunks2,balanced,1,2,28,"D,P",0.8540160059928894,0.8529919981956482,-0.001024007797241211,-0.0012004893356647145
balanced_topk1_chunks2,balanced,1,2,29,"P,D",0.8540160059928894,0.8550400137901306,0.001024007797241211,0.0011976138902577177
balanced_topk1_chunks2,balanced,1,2,30,"D,P",0.8540160059928894,0.8540160059928894,0.0,0.0
balanced_topk1_chunks2,balanced,1,2,31,"P,D",0.8540160059928894,0.8529919981956482,-0.001024007797241211,-0.0012004893356647145
balanced_topk1_chunks2,balanced,1,2,32,"D,P",0.8550400137901306,0.8529919981956482,-0.002048015594482422,-0.002400978671329429
balanced_topk1_chunks2,balanced,1,2,33,"P,D",0.8550400137901306,0.8529919981956482,-0.002048015594482422,-0.002400978671329429
balanced_topk1_chunks2,balanced,1,2,34,"D,P",0.8540160059928894,0.8540160059928894,0.0,0.0
balanced_topk1_chunks2,balanced,1,2,35,"P,D",0.8529919981956482,0.8540160059928894,0.001024007797241211,0.001199049889059968
balanced_topk1_chunks2,balanced,1,2,36,"D,P",0.8529919981956482,0.8540160059928894,0.001024007797241211,0.001199049889059968
balanced_topk1_chunks2,balanced,1,2,37,"P,D",0.8540160059928894,0.8540160059928894,0.0,0.0
balanced_topk1_chunks2,balanced,1,2,38,"D,P",0.8540160059928894,0.8550400137901306,0.001024007797241211,0.0011976138902577177
balanced_topk1_chunks2,balanced,1,2,39,"P,D",0.8550400137901306,0.8550400137901306,0.0,0.0
balanced_topk1_chunks2,balanced,1,2,40,"D,P",0.8550400137901306,0.8540160059928894,-0.001024007797241211,-0.001199049889059968
balanced_topk1_chunks2,balanced,1,2,41,"P,D",0.8550400137901306,0.8529919981956482,-0.002048015594482422,-0.002400978671329429
balanced_topk1_chunks2,balanced,1,2,42,"D,P",0.8540160059928894,0.8540160059928894,0.0,0.0
balanced_topk1_chunks2,balanced,1,2,43,"P,D",0.8540160059928894,0.8529919981956482,-0.001024007797241211,-0.0012004893356647145
balanced_topk1_chunks2,balanced,1,2,44,"D,P",0.8540160059928894,0.8529919981956482,-0.001024007797241211,-0.0012004893356647145
balanced_topk1_chunks2,balanced,1,2,45,"P,D",0.8550400137901306,0.8540160059928894,-0.001024007797241211,-0.001199049889059968
balanced_topk1_chunks2,balanced,1,2,46,"D,P",0.8540160059928894,0.8540160059928894,0.0,0.0
balanced_topk1_chunks2,balanced,1,2,47,"P,D",0.8540160059928894,0.8540160059928894,0.0,0.0
balanced_topk1_chunks2,balanced,1,2,48,"D,P",0.8529919981956482,0.8540160059928894,0.001024007797241211,0.001199049889059968
balanced_topk1_chunks2,balanced,1,2,49,"P,D",0.8540160059928894,0.8529919981956482,-0.001024007797241211,-0.0012004893356647145
balanced_topk1_chunks2,balanced,1,2,50,"D,P",0.8540160059928894,0.8529919981956482,-0.001024007797241211,-0.0012004893356647145
balanced_topk1_chunks2,balanced,1,2,51,"P,D",0.8540160059928894,0.8601599931716919,0.00614398717880249,0.007142842293963935
balanced_topk1_chunks2,balanced,1,2,52,"D,P",0.8550400137901306,0.8591359853744507,0.004095971584320068,0.004767547459363906
balanced_topk1_chunks2,balanced,1,2,53,"P,D",0.8529919981956482,0.8540160059928894,0.001024007797241211,0.001199049889059968
balanced_topk1_chunks2,balanced,1,2,54,"D,P",0.8540160059928894,0.8540160059928894,0.0,0.0
balanced_topk1_chunks2,balanced,1,2,55,"P,D",0.8540160059928894,0.8540160059928894,0.0,0.0
balanced_topk1_chunks2,balanced,1,2,56,"D,P",0.8540160059928894,0.8540160059928894,0.0,0.0
balanced_topk1_chunks2,balanced,1,2,57,"P,D",0.8540160059928894,0.8540160059928894,0.0,0.0
balanced_topk1_chunks2,balanced,1,2,58,"D,P",0.8540160059928894,0.8529919981956482,-0.001024007797241211,-0.0012004893356647145
balanced_topk1_chunks2,balanced,1,2,59,"P,D",0.8540160059928894,0.8540160059928894,0.0,0.0
balanced_topk1_chunks2,balanced,1,2,60,"D,P",0.8529919981956482,0.8540160059928894,0.001024007797241211,0.001199049889059968
balanced_topk1_chunks2,balanced,1,2,61,"P,D",0.8529919981956482,0.8540160059928894,0.001024007797241211,0.001199049889059968
balanced_topk1_chunks2,balanced,1,2,62,"D,P",0.8540160059928894,0.8540160059928894,0.0,0.0
balanced_topk1_chunks2,balanced,1,2,63,"P,D",0.8529919981956482,0.8550400137901306,0.002048015594482422,0.0023952277805154355
balanced_topk1_chunks2,balanced,1,2,64,"D,P",0.8560640215873718,0.8560640215873718,0.0,0.0
balanced_topk1_chunks2,balanced,1,2,65,"P,D",0.8550400137901306,0.8540160059928894,-0.001024007797241211,-0.001199049889059968
balanced_topk1_chunks2,balanced,1,2,66,"D,P",0.8529919981956482,0.8550400137901306,0.002048015594482422,0.0023952277805154355
balanced_topk1_chunks2,balanced,1,2,67,"P,D",0.8540160059928894,0.8540160059928894,0.0,0.0
balanced_topk1_chunks2,balanced,1,2,68,"D,P",0.8540160059928894,0.8529919981956482,-0.001024007797241211,-0.0012004893356647145
balanced_topk1_chunks2,balanced,1,2,69,"P,D",0.8529919981956482,0.8550400137901306,0.002048015594482422,0.0023952277805154355
balanced_topk1_chunks2,balanced,1,2,70,"D,P",0.8529919981956482,0.8540160059928894,0.001024007797241211,0.001199049889059968
balanced_topk1_chunks2,balanced,1,2,71,"P,D",0.8540160059928894,0.8529919981956482,-0.001024007797241211,-0.0012004893356647145
balanced_topk1_chunks2,balanced,1,2,72,"D,P",0.8529919981956482,0.8529919981956482,0.0,0.0
balanced_topk1_chunks2,balanced,1,2,73,"P,D",0.8529919981956482,0.8540160059928894,0.001024007797241211,0.001199049889059968
balanced_topk1_chunks2,balanced,1,2,74,"D,P",0.8529919981956482,0.8540160059928894,0.001024007797241211,0.001199049889059968
balanced_topk1_chunks2,balanced,1,2,75,"P,D",0.8540160059928894,0.8540160059928894,0.0,0.0
balanced_topk1_chunks2,balanced,1,2,76,"D,P",0.8540160059928894,0.8540160059928894,0.0,0.0
balanced_topk1_chunks2,balanced,1,2,77,"P,D",0.8529919981956482,0.8529919981956482,0.0,0.0
balanced_topk1_chunks2,balanced,1,2,78,"D,P",0.8540160059928894,0.8529919981956482,-0.001024007797241211,-0.0012004893356647145
balanced_topk1_chunks2,balanced,1,2,79,"P,D",0.8304640054702759,0.8110079765319824,-0.019456028938293457,-0.02398993536597627
balanced_topk1_chunks2,balanced,1,2,80,"D,P",0.779263973236084,0.7782400250434875,-0.0010239481925964355,-0.0013157228613874209
balanced_topk1_chunks2,balanced,1,2,81,"P,D",0.7782400250434875,0.7772160172462463,-0.001024007797241211,-0.001317533059688312
balanced_topk1_chunks2,balanced,1,2,82,"D,P",0.7772160172462463,0.7782400250434875,0.001024007797241211,0.0013157994504124741
balanced_topk1_chunks2,balanced,1,2,83,"P,D",0.7782400250434875,0.7782400250434875,0.0,0.0
balanced_topk1_chunks2,balanced,1,2,84,"D,P",0.7772160172462463,0.7782400250434875,0.001024007797241211,0.0013157994504124741
balanced_topk1_chunks2,balanced,1,2,85,"P,D",0.779263973236084,0.779263973236084,0.0,0.0
balanced_topk1_chunks2,balanced,1,2,86,"D,P",0.7782400250434875,0.7782400250434875,0.0,0.0
balanced_topk1_chunks2,balanced,1,2,87,"P,D",0.779263973236084,0.779263973236084,0.0,0.0
balanced_topk1_chunks2,balanced,1,2,88,"D,P",0.7782400250434875,0.779263973236084,0.0010239481925964355,0.0013139940094294884
balanced_topk1_chunks2,balanced,1,2,89,"P,D",0.7782400250434875,0.7782400250434875,0.0,0.0
balanced_topk1_chunks2,balanced,1,2,90,"D,P",0.779263973236084,0.779263973236084,0.0,0.0
balanced_topk1_chunks2,balanced,1,2,91,"P,D",0.779263973236084,0.7772160172462463,-0.0020479559898376465,-0.002634989429442999
balanced_topk1_chunks2,balanced,1,2,92,"D,P",0.7782400250434875,0.7782400250434875,0.0,0.0
balanced_topk1_chunks2,balanced,1,2,93,"P,D",0.779263973236084,0.779263973236084,0.0,0.0
balanced_topk1_chunks2,balanced,1,2,94,"D,P",0.7915520071983337,0.7854080200195312,-0.00614398717880249,-0.00782266926514158
balanced_topk1_chunks2,balanced,1,2,95,"P,D",0.7772160172462463,0.7782400250434875,0.001024007797241211,0.0013157994504124741
balanced_topk1_chunks2,balanced,1,2,96,"D,P",0.7782400250434875,0.7751680016517639,-0.003072023391723633,-0.003963042056918788
balanced_topk1_chunks2,balanced,1,2,97,"P,D",0.7772160172462463,0.7761920094490051,-0.001024007797241211,-0.0013192712431658793
balanced_topk1_chunks2,balanced,1,2,98,"D,P",0.7772160172462463,0.7772160172462463,0.0,0.0
balanced_topk1_chunks2,balanced,1,2,99,"P,D",0.7751680016517639,0.7772160172462463,0.002048015594482422,0.002635066119376624
balanced_topk1_chunks4,balanced,1,4,0,"D,P",2.203648090362549,2.1913599967956543,-0.012288093566894531,-0.005607519341807353
balanced_topk1_chunks4,balanced,1,4,1,"P,D",2.1780478954315186,2.1923840045928955,0.014336109161376953,0.006539050244548299
balanced_topk1_chunks4,balanced,1,4,2,"D,P",2.180095911026001,2.1934080123901367,0.013312101364135742,0.006069140483183366
balanced_topk1_chunks4,balanced,1,4,3,"P,D",2.1770238876342773,2.1923840045928955,0.015360116958618164,0.007006125262016035
balanced_topk1_chunks4,balanced,1,4,4,"D,P",2.1790719032287598,2.194432020187378,0.015360116958618164,0.006999586597951025
balanced_topk1_chunks4,balanced,1,4,5,"P,D",2.181119918823242,2.1934080123901367,0.012288093566894531,0.005602283522938492
balanced_topk1_chunks4,balanced,1,4,6,"D,P",2.1790719032287598,2.1923840045928955,0.013312101364135742,0.006071975227080564
balanced_topk1_chunks4,balanced,1,4,7,"P,D",2.180095911026001,2.190335988998413,0.01024007797241211,0.004675117435793331
balanced_topk1_chunks4,balanced,1,4,8,"D,P",2.1790719032287598,2.194432020187378,0.015360116958618164,0.006999586597951025
balanced_topk1_chunks4,balanced,1,4,9,"P,D",2.1790719032287598,2.1934080123901367,0.014336109161376953,0.006535997443428241
balanced_topk1_chunks4,balanced,1,4,10,"D,P",2.1831679344177246,2.1934080123901367,0.01024007797241211,0.004668569602448744
balanced_topk1_chunks4,balanced,1,4,11,"P,D",2.1790719032287598,2.1923840045928955,0.013312101364135742,0.006071975227080564
balanced_topk1_chunks4,balanced,1,4,12,"D,P",2.1760001182556152,2.1934080123901367,0.017407894134521484,0.007936459626383995
balanced_topk1_chunks4,balanced,1,4,13,"P,D",2.1760001182556152,2.1934080123901367,0.017407894134521484,0.007936459626383995
balanced_topk1_chunks4,balanced,1,4,14,"D,P",2.174976110458374,2.1913599967956543,0.016383886337280273,0.007476583656376786
balanced_topk1_chunks4,balanced,1,4,15,"P,D",2.1760001182556152,2.194432020187378,0.018431901931762695,0.008399395270484994
balanced_topk1_chunks4,balanced,1,4,16,"D,P",2.1760001182556152,2.1934080123901367,0.017407894134521484,0.007936459626383995
balanced_topk1_chunks4,balanced,1,4,17,"P,D",2.1770238876342773,2.1923840045928955,0.015360116958618164,0.007006125262016035
balanced_topk1_chunks4,balanced,1,4,18,"D,P",2.1780478954315186,2.1923840045928955,0.014336109161376953,0.006539050244548299
balanced_topk1_chunks4,balanced,1,4,19,"P,D",2.1780478954315186,2.1923840045928955,0.014336109161376953,0.006539050244548299
balanced_topk1_chunks4,balanced,1,4,20,"D,P",2.1790719032287598,2.195456027984619,0.016384124755859375,0.007462743296616897
balanced_topk1_chunks4,balanced,1,4,21,"P,D",2.1780478954315186,2.194432020187378,0.016384124755859375,0.007466225704481093
balanced_topk1_chunks4,balanced,1,4,22,"D,P",2.180095911026001,2.194432020187378,0.014336109161376953,0.006532947491420957
balanced_topk1_chunks4,balanced,1,4,23,"P,D",2.1760001182556152,2.1934080123901367,0.017407894134521484,0.007936459626383995
balanced_topk1_chunks4,balanced,1,4,24,"D,P",2.1770238876342773,2.1913599967956543,0.014336109161376953,0.0065421058987752455
balanced_topk1_chunks4,balanced,1,4,25,"P,D",2.1780478954315186,2.1975040435791016,0.019456148147583008,0.008853748508191385
balanced_topk1_chunks4,balanced,1,4,26,"D,P",2.1780478954315186,2.1923840045928955,0.014336109161376953,0.006539050244548299
balanced_topk1_chunks4,balanced,1,4,27,"P,D",2.1770238876342773,2.1923840045928955,0.015360116958618164,0.007006125262016035
balanced_topk1_chunks4,balanced,1,4,28,"D,P",2.1770238876342773,2.194432020187378,0.017408132553100586,0.007932864811011162
balanced_topk1_chunks4,balanced,1,4,29,"P,D",2.1770238876342773,2.1934080123901367,0.016384124755859375,0.00746971136391799
balanced_topk1_chunks4,balanced,1,4,30,"D,P",2.180095911026001,2.1913599967956543,0.01126408576965332,0.005140226063323408
balanced_topk1_chunks4,balanced,1,4,31,"P,D",2.1770238876342773,2.1923840045928955,0.015360116958618164,0.007006125262016035
balanced_topk1_chunks4,balanced,1,4,32,"D,P",2.1729280948638916,2.1934080123901367,0.020479917526245117,0.009337030507118618
balanced_topk1_chunks4,balanced,1,4,33,"P,D",2.1667840480804443,2.1821439266204834,0.015359878540039062,0.007038893426166953
balanced_topk1_chunks4,balanced,1,4,34,"D,P",2.032639980316162,2.1288959980010986,0.09625601768493652,0.04521405356359116
balanced_topk1_chunks4,balanced,1,4,35,"P,D",2.032639980316162,2.046976089477539,0.014336109161376953,0.007003554772853276
balanced_topk1_chunks4,balanced,1,4,36,"D,P",2.032639980316162,2.0480000972747803,0.015360116958618164,0.0075000567524666955
balanced_topk1_chunks4,balanced,1,4,37,"P,D",2.0336639881134033,2.0480000972747803,0.014336109161376953,0.007000052968968915
balanced_topk1_chunks4,balanced,1,4,38,"D,P",2.0336639881134033,2.0480000972747803,0.014336109161376953,0.007000052968968915
balanced_topk1_chunks4,balanced,1,4,39,"P,D",2.0305919647216797,2.0480000972747803,0.017408132553100586,0.008500064319462255
balanced_topk1_chunks4,balanced,1,4,40,"D,P",2.0336639881134033,2.045952081680298,0.012288093566894531,0.006006051498920041
balanced_topk1_chunks4,balanced,1,4,41,"P,D",2.031615972518921,2.0449280738830566,0.013312101364135742,0.006509813980331233
balanced_topk1_chunks4,balanced,1,4,42,"D,P",2.0285439491271973,2.0449280738830566,0.016384124755859375,0.008012078745023056
balanced_topk1_chunks4,balanced,1,4,43,"P,D",2.0295679569244385,2.042880058288574,0.013312101364135742,0.006516340159141783
balanced_topk1_chunks4,balanced,1,4,44,"D,P",2.0285439491271973,2.0439040660858154,0.015360116958618164,0.007515087040280517
balanced_topk1_chunks4,balanced,1,4,45,"P,D",2.0295679569244385,2.0439040660858154,0.014336109161376953,0.0070140812375951486
balanced_topk1_chunks4,balanced,1,4,46,"D,P",2.031615972518921,2.0449280738830566,0.013312101364135742,0.006509813980331233
balanced_topk1_chunks4,balanced,1,4,47,"P,D",2.031615972518921,2.0449280738830566,0.013312101364135742,0.006509813980331233
balanced_topk1_chunks4,balanced,1,4,48,"D,P",2.0285439491271973,2.0449280738830566,0.016384124755859375,0.008012078745023056
balanced_topk1_chunks4,balanced,1,4,49,"P,D",2.0295679569244385,2.0449280738830566,0.015360116958618164,0.007511323823459115
balanced_topk1_chunks4,balanced,1,4,50,"D,P",2.0285439491271973,2.0439040660858154,0.015360116958618164,0.007515087040280517
balanced_topk1_chunks4,balanced,1,4,51,"P,D",2.0295679569244385,2.042880058288574,0.013312101364135742,0.006516340159141783
balanced_topk1_chunks4,balanced,1,4,52,"D,P",2.0305919647216797,2.0449280738830566,0.014336109161376953,0.007010568901895174
balanced_topk1_chunks4,balanced,1,4,53,"P,D",2.0285439491271973,2.041856050491333,0.013312101364135742,0.006519608157946513
balanced_topk1_chunks4,balanced,1,4,54,"D,P",2.0285439491271973,2.0449280738830566,0.016384124755859375,0.008012078745023056
balanced_topk1_chunks4,balanced,1,4,55,"P,D",2.0305919647216797,2.0449280738830566,0.014336109161376953,0.007010568901895174
balanced_topk1_chunks4,balanced,1,4,56,"D,P",2.0285439491271973,2.0439040660858154,0.015360116958618164,0.007515087040280517
balanced_topk1_chunks4,balanced,1,4,57,"P,D",2.0305919647216797,2.0449280738830566,0.014336109161376953,0.007010568901895174
balanced_topk1_chunks4,balanced,1,4,58,"D,P",2.0305919647216797,2.0439040660858154,0.013312101364135742,0.006513075434909781
balanced_topk1_chunks4,balanced,1,4,59,"P,D",2.0295679569244385,2.0439040660858154,0.014336109161376953,0.0070140812375951486
balanced_topk1_chunks4,balanced,1,4,60,"D,P",2.0295679569244385,2.041856050491333,0.012288093566894531,0.006018099838104474
balanced_topk1_chunks4,balanced,1,4,61,"P,D",2.0305919647216797,2.045952081680298,0.015360116958618164,0.007507564373650051
balanced_topk1_chunks4,balanced,1,4,62,"D,P",2.0305919647216797,2.0439040660858154,0.013312101364135742,0.006513075434909781
balanced_topk1_chunks4,balanced,1,4,63,"P,D",2.0305919647216797,2.042880058288574,0.012288093566894531,0.006015083223823184
balanced_topk1_chunks4,balanced,1,4,64,"D,P",2.0305919647216797,2.0449280738830566,0.014336109161376953,0.007010568901895174
balanced_topk1_chunks4,balanced,1,4,65,"P,D",2.0285439491271973,2.0439040660858154,0.015360116958618164,0.007515087040280517
balanced_topk1_chunks4,balanced,1,4,66,"D,P",2.0285439491271973,2.0439040660858154,0.015360116958618164,0.007515087040280517
balanced_topk1_chunks4,balanced,1,4,67,"P,D",2.027519941329956,2.041856050491333,0.014336109161376953,0.007021116477788553
balanced_topk1_chunks4,balanced,1,4,68,"D,P",2.031615972518921,2.045952081680298,0.014336109161376953,0.007007060082073381
balanced_topk1_chunks4,balanced,1,4,69,"P,D",2.032639980316162,2.0480000972747803,0.015360116958618164,0.0075000567524666955
balanced_topk1_chunks4,balanced,1,4,70,"D,P",2.027519941329956,2.0449280738830566,0.017408132553100586,0.008512833666586997
balanced_topk1_chunks4,balanced,1,4,71,"P,D",2.0285439491271973,2.0449280738830566,0.016384124755859375,0.008012078745023056
balanced_topk1_chunks4,balanced,1,4,72,"D,P",2.0305919647216797,2.042880058288574,0.012288093566894531,0.006015083223823184
balanced_topk1_chunks4,balanced,1,4,73,"P,D",2.0285439491271973,2.0449280738830566,0.016384124755859375,0.008012078745023056
balanced_topk1_chunks4,balanced,1,4,74,"D,P",2.0295679569244385,2.042880058288574,0.013312101364135742,0.006516340159141783
balanced_topk1_chunks4,balanced,1,4,75,"P,D",2.0295679569244385,2.0439040660858154,0.014336109161376953,0.0070140812375951486
balanced_topk1_chunks4,balanced,1,4,76,"D,P",2.0305919647216797,2.0449280738830566,0.014336109161376953,0.007010568901895174
balanced_topk1_chunks4,balanced,1,4,77,"P,D",2.0305919647216797,2.046976089477539,0.016384124755859375,0.008004062597546602
balanced_topk1_chunks4,balanced,1,4,78,"D,P",2.0295679569244385,2.046976089477539,0.017408132553100586,0.008504316509893264
balanced_topk1_chunks4,balanced,1,4,79,"P,D",2.031615972518921,2.042880058288574,0.01126408576965332,0.005513826288504585
balanced_topk1_chunks4,balanced,1,4,80,"D,P",2.0295679569244385,2.0439040660858154,0.014336109161376953,0.0070140812375951486
balanced_topk1_chunks4,balanced,1,4,81,"P,D",2.027519941329956,2.042880058288574,0.015360116958618164,0.00751885402977898
balanced_topk1_chunks4,balanced,1,4,82,"D,P",2.027519941329956,2.0439040660858154,0.016384124755859375,0.008016092842965884
balanced_topk1_chunks4,balanced,1,4,83,"P,D",2.037760019302368,2.042880058288574,0.005120038986206055,0.0025062846765929936
balanced_topk1_chunks4,balanced,1,4,84,"D,P",2.0285439491271973,2.0439040660858154,0.015360116958618164,0.007515087040280517
balanced_topk1_chunks4,balanced,1,4,85,"P,D",2.0305919647216797,2.0449280738830566,0.014336109161376953,0.007010568901895174
balanced_topk1_chunks4,balanced,1,4,86,"D,P",2.032639980316162,2.045952081680298,0.013312101364135742,0.006506555790496711
balanced_topk1_chunks4,balanced,1,4,87,"P,D",2.0305919647216797,2.0480000972747803,0.017408132553100586,0.008500064319462255
balanced_topk1_chunks4,balanced,1,4,88,"D,P",2.0295679569244385,2.0449280738830566,0.015360116958618164,0.007511323823459115
balanced_topk1_chunks4,balanced,1,4,89,"P,D",2.0285439491271973,2.0449280738830566,0.016384124755859375,0.008012078745023056
balanced_topk1_chunks4,balanced,1,4,90,"D,P",2.0295679569244385,2.040832042694092,0.01126408576965332,0.00551935952298341
balanced_topk1_chunks4,balanced,1,4,91,"P,D",2.027519941329956,2.042880058288574,0.015360116958618164,0.00751885402977898
balanced_topk1_chunks4,balanced,1,4,92,"D,P",2.0285439491271973,2.042880058288574,0.014336109161376953,0.007017597094460382
balanced_topk1_chunks4,balanced,1,4,93,"P,D",2.0295679569244385,2.041856050491333,0.012288093566894531,0.006018099838104474
balanced_topk1_chunks4,balanced,1,4,94,"D,P",2.0305919647216797,2.0449280738830566,0.014336109161376953,0.007010568901895174
balanced_topk1_chunks4,balanced,1,4,95,"P,D",2.0285439491271973,2.0490241050720215,0.02048015594482422,0.00999507809309269
balanced_topk1_chunks4,balanced,1,4,96,"D,P",2.0305919647216797,2.0449280738830566,0.014336109161376953,0.007010568901895174
balanced_topk1_chunks4,balanced,1,4,97,"P,D",2.0295679569244385,2.042880058288574,0.013312101364135742,0.006516340159141783
balanced_topk1_chunks4,balanced,1,4,98,"D,P",2.027519941329956,2.041856050491333,0.014336109161376953,0.007021116477788553
balanced_topk1_chunks4,balanced,1,4,99,"P,D",2.0295679569244385,2.0449280738830566,0.015360116958618164,0.007511323823459115
balanced_topk1_chunks8,balanced,1,8,0,"D,P",4.646912097930908,4.689919948577881,0.043007850646972656,0.009170273931863992
balanced_topk1_chunks8,balanced,1,8,1,"P,D",4.646912097930908,4.696063995361328,0.04915189743041992,0.01046661576140596
balanced_topk1_chunks8,balanced,1,8,2,"D,P",4.6438398361206055,4.692992210388184,0.049152374267578125,0.010473568261796126
balanced_topk1_chunks8,balanced,1,8,3,"P,D",4.645887851715088,4.689919948577881,0.04403209686279297,0.009388667044550467
balanced_topk1_chunks8,balanced,1,8,4,"D,P",4.645887851715088,4.694015979766846,0.04812812805175781,0.010253081425203918
balanced_topk1_chunks8,balanced,1,8,5,"P,D",4.646912097930908,4.692992210388184,0.04608011245727539,0.009818919442328213
balanced_topk1_chunks8,balanced,1,8,6,"D,P",4.651008129119873,4.691967964172363,0.040959835052490234,0.00872977722040251
balanced_topk1_chunks8,balanced,1,8,7,"P,D",4.648960113525391,4.6981120109558105,0.04915189743041992,0.010462053121722013
balanced_topk1_chunks8,balanced,1,8,8,"D,P",4.6438398361206055,4.692992210388184,0.049152374267578125,0.010473568261796126
balanced_topk1_chunks8,balanced,1,8,9,"P,D",4.64793586730957,4.691967964172363,0.04403209686279297,0.009384568948257937
balanced_topk1_chunks8,balanced,1,8,10,"D,P",4.645887851715088,4.688896179199219,0.04300832748413086,0.00917237785620494
balanced_topk1_chunks8,balanced,1,8,11,"P,D",4.642816066741943,4.689919948577881,0.0471038818359375,0.01004364303706735
balanced_topk1_chunks8,balanced,1,8,12,"D,P",4.6438398361206055,4.690944194793701,0.0471043586730957,0.010041551704105757
balanced_topk1_chunks8,balanced,1,8,13,"P,D",4.6438398361206055,4.690944194793701,0.0471043586730957,0.010041551704105757
balanced_topk1_chunks8,balanced,1,8,14,"D,P",4.644864082336426,4.690944194793701,0.04608011245727539,0.009823206276556848
balanced_topk1_chunks8,balanced,1,8,15,"P,D",4.645887851715088,4.690944194793701,0.04505634307861328,0.009604962499579421
balanced_topk1_chunks8,balanced,1,8,16,"D,P",4.6438398361206055,4.688896179199219,0.04505634307861328,0.00960915775411946
balanced_topk1_chunks8,balanced,1,8,17,"P,D",4.6438398361206055,4.690944194793701,0.0471043586730957,0.010041551704105757
balanced_topk1_chunks8,balanced,1,8,18,"D,P",4.645887851715088,4.688896179199219,0.04300832748413086,0.00917237785620494
balanced_topk1_chunks8,balanced,1,8,19,"P,D",4.644864082336426,4.688896179199219,0.04403209686279297,0.009390716957676994
balanced_topk1_chunks8,balanced,1,8,20,"D,P",4.6438398361206055,4.689919948577881,0.04608011245727539,0.009825351597152145
balanced_topk1_chunks8,balanced,1,8,21,"P,D",4.644864082336426,4.689919948577881,0.04505586624145508,0.009606958484465671
balanced_topk1_chunks8,balanced,1,8,22,"D,P",4.6438398361206055,4.691967964172363,0.04812812805175781,0.01025755683313736
balanced_topk1_chunks8,balanced,1,8,23,"P,D",4.645887851715088,4.689919948577881,0.04403209686279297,0.009388667044550467
balanced_topk1_chunks8,balanced,1,8,24,"D,P",4.646912097930908,4.691967964172363,0.04505586624145508,0.009602765105281932
balanced_topk1_chunks8,balanced,1,8,25,"P,D",4.645887851715088,4.690944194793701,0.04505634307861328,0.009604962499579421
balanced_topk1_chunks8,balanced,1,8,26,"D,P",4.64793586730957,4.688896179199219,0.04096031188964844,0.008735597958290419
balanced_topk1_chunks8,balanced,1,8,27,"P,D",4.645887851715088,4.690944194793701,0.04505634307861328,0.009604962499579421
balanced_topk1_chunks8,balanced,1,8,28,"D,P",4.642816066741943,4.689919948577881,0.0471038818359375,0.01004364303706735
balanced_topk1_chunks8,balanced,1,8,29,"P,D",4.642816066741943,4.688896179199219,0.04608011245727539,0.009827496855591514
balanced_topk1_chunks8,balanced,1,8,30,"D,P",4.642816066741943,4.688896179199219,0.04608011245727539,0.009827496855591514
balanced_topk1_chunks8,balanced,1,8,31,"P,D",4.645887851715088,4.689919948577881,0.04403209686279297,0.009388667044550467
balanced_topk1_chunks8,balanced,1,8,32,"D,P",4.641791820526123,4.689919948577881,0.04812812805175781,0.010262036149753824
balanced_topk1_chunks8,balanced,1,8,33,"P,D",4.644864082336426,4.691967964172363,0.0471038818359375,0.010039259047721644
balanced_topk1_chunks8,balanced,1,8,34,"D,P",4.645887851715088,4.691967964172363,0.04608011245727539,0.009821062890697648
balanced_topk1_chunks8,balanced,1,8,35,"P,D",4.644864082336426,4.691967964172363,0.0471038818359375,0.010039259047721644
balanced_topk1_chunks8,balanced,1,8,36,"D,P",4.6438398361206055,4.691967964172363,0.04812812805175781,0.01025755683313736
balanced_topk1_chunks8,balanced,1,8,37,"P,D",4.640768051147461,4.683775901794434,0.043007850646972656,0.009182303241813005
balanced_topk1_chunks8,balanced,1,8,38,"D,P",4.6438398361206055,4.691967964172363,0.04812812805175781,0.01025755683313736
balanced_topk1_chunks8,balanced,1,8,39,"P,D",4.642816066741943,4.689919948577881,0.0471038818359375,0.01004364303706735
balanced_topk1_chunks8,balanced,1,8,40,"D,P",4.6438398361206055,4.689919948577881,0.04608011245727539,0.009825351597152145
balanced_topk1_chunks8,balanced,1,8,41,"P,D",4.642816066741943,4.691967964172363,0.04915189743041992,0.010475752990161355
balanced_topk1_chunks8,balanced,1,8,42,"D,P",4.642816066741943,4.689919948577881,0.0471038818359375,0.01004364303706735
balanced_topk1_chunks8,balanced,1,8,43,"P,D",4.646912097930908,4.692992210388184,0.04608011245727539,0.009818919442328213
balanced_topk1_chunks8,balanced,1,8,44,"D,P",4.6438398361206055,4.690944194793701,0.0471043586730957,0.010041551704105757
balanced_topk1_chunks8,balanced,1,8,45,"P,D",4.649983882904053,4.689919948577881,0.039936065673828125,0.008515297939347109
balanced_topk1_chunks8,balanced,1,8,46,"D,P",4.642816066741943,4.688896179199219,0.04608011245727539,0.009827496855591514
balanced_topk1_chunks8,balanced,1,8,47,"P,D",4.642816066741943,4.691967964172363,0.04915189743041992,0.010475752990161355
balanced_topk1_chunks8,balanced,1,8,48,"D,P",4.6438398361206055,4.692992210388184,0.049152374267578125,0.010473568261796126
balanced_topk1_chunks8,balanced,1,8,49,"P,D",4.64793586730957,4.689919948577881,0.04198408126831055,0.008951982491948788
balanced_topk1_chunks8,balanced,1,8,50,"D,P",4.6438398361206055,4.689919948577881,0.04608011245727539,0.009825351597152145
balanced_topk1_chunks8,balanced,1,8,51,"P,D",4.6438398361206055,4.690944194793701,0.0471043586730957,0.010041551704105757
balanced_topk1_chunks8,balanced,1,8,52,"D,P",4.644864082336426,4.689919948577881,0.04505586624145508,0.009606958484465671
balanced_topk1_chunks8,balanced,1,8,53,"P,D",4.644864082336426,4.689919948577881,0.04505586624145508,0.009606958484465671
balanced_topk1_chunks8,balanced,1,8,54,"D,P",4.648960113525391,4.692992210388184,0.04403209686279297,0.009382520764753374
balanced_topk1_chunks8,balanced,1,8,55,"P,D",4.6438398361206055,4.691967964172363,0.04812812805175781,0.01025755683313736
balanced_topk1_chunks8,balanced,1,8,56,"D,P",4.642816066741943,4.692992210388184,0.050176143646240234,0.01069171679747789
balanced_topk1_chunks8,balanced,1,8,57,"P,D",4.646912097930908,4.69708776473999,0.05017566680908203,0.010682292799751322
balanced_topk1_chunks8,balanced,1,8,58,"D,P",4.649983882904053,4.694015979766846,0.04403209686279297,0.009380474427992908
balanced_topk1_chunks8,balanced,1,8,59,"P,D",4.652031898498535,4.69708776473999,0.04505586624145508,0.009592298142623521
balanced_topk1_chunks8,balanced,1,8,60,"D,P",4.648960113525391,4.696063995361328,0.0471038818359375,0.010030502540524514
balanced_topk1_chunks8,balanced,1,8,61,"P,D",4.649983882904053,4.691967964172363,0.04198408126831055,0.008948075005818226
balanced_topk1_chunks8,balanced,1,8,62,"D,P",4.6438398361206055,4.689919948577881,0.04608011245727539,0.009825351597152145
balanced_topk1_chunks8,balanced,1,8,63,"P,D",4.642816066741943,4.689919948577881,0.0471038818359375,0.01004364303706735
balanced_topk1_chunks8,balanced,1,8,64,"D,P",4.64793586730957,4.689919948577881,0.04198408126831055,0.008951982491948788
balanced_topk1_chunks8,balanced,1,8,65,"P,D",4.6438398361206055,4.689919948577881,0.04608011245727539,0.009825351597152145
balanced_topk1_chunks8,balanced,1,8,66,"D,P",4.644864082336426,4.694015979766846,0.04915189743041992,0.010471182382481221
balanced_topk1_chunks8,balanced,1,8,67,"P,D",4.6438398361206055,4.690944194793701,0.0471043586730957,0.010041551704105757
balanced_topk1_chunks8,balanced,1,8,68,"D,P",4.6438398361206055,4.691967964172363,0.04812812805175781,0.01025755683313736
balanced_topk1_chunks8,balanced,1,8,69,"P,D",4.644864082336426,4.689919948577881,0.04505586624145508,0.009606958484465671
balanced_topk1_chunks8,balanced,1,8,70,"D,P",4.645887851715088,4.692992210388184,0.0471043586730957,0.010037169584221286
balanced_topk1_chunks8,balanced,1,8,71,"P,D",4.651008129119873,4.696063995361328,0.04505586624145508,0.009594389319643067
balanced_topk1_chunks8,balanced,1,8,72,"D,P",4.644864082336426,4.695040225982666,0.050176143646240234,0.010687052981689508
balanced_topk1_chunks8,balanced,1,8,73,"P,D",4.644864082336426,4.690944194793701,0.04608011245727539,0.009823206276556848
balanced_topk1_chunks8,balanced,1,8,74,"D,P",4.6438398361206055,4.689919948577881,0.04608011245727539,0.009825351597152145
balanced_topk1_chunks8,balanced,1,8,75,"P,D",4.64793586730957,4.689919948577881,0.04198408126831055,0.008951982491948788
balanced_topk1_chunks8,balanced,1,8,76,"D,P",4.644864082336426,4.691967964172363,0.0471038818359375,0.010039259047721644
balanced_topk1_chunks8,balanced,1,8,77,"P,D",4.644864082336426,4.689919948577881,0.04505586624145508,0.009606958484465671
balanced_topk1_chunks8,balanced,1,8,78,"D,P",4.645887851715088,4.690944194793701,0.04505634307861328,0.009604962499579421
balanced_topk1_chunks8,balanced,1,8,79,"P,D",4.6438398361206055,4.690944194793701,0.0471043586730957,0.010041551704105757
balanced_topk1_chunks8,balanced,1,8,80,"D,P",4.646912097930908,4.690944194793701,0.04403209686279297,0.00938661707203051
balanced_topk1_chunks8,balanced,1,8,81,"P,D",4.6438398361206055,4.695040225982666,0.05120038986206055,0.010905207921055537
balanced_topk1_chunks8,balanced,1,8,82,"D,P",4.64793586730957,4.691967964172363,0.04403209686279297,0.009384568948257937
balanced_topk1_chunks8,balanced,1,8,83,"P,D",4.648960113525391,4.690944194793701,0.04198408126831055,0.008950027867504172
balanced_topk1_chunks8,balanced,1,8,84,"D,P",4.644864082336426,4.689919948577881,0.04505586624145508,0.009606958484465671
balanced_topk1_chunks8,balanced,1,8,85,"P,D",4.644864082336426,4.690944194793701,0.04608011245727539,0.009823206276556848
balanced_topk1_chunks8,balanced,1,8,86,"D,P",4.644864082336426,4.689919948577881,0.04505586624145508,0.009606958484465671
balanced_topk1_chunks8,balanced,1,8,87,"P,D",4.646912097930908,4.691967964172363,0.04505586624145508,0.009602765105281932
balanced_topk1_chunks8,balanced,1,8,88,"D,P",4.6438398361206055,4.699135780334473,0.05529594421386719,0.011767258236137062
balanced_topk1_chunks8,balanced,1,8,89,"P,D",4.6438398361206055,4.691967964172363,0.04812812805175781,0.01025755683313736
balanced_topk1_chunks8,balanced,1,8,90,"D,P",4.648960113525391,4.691967964172363,0.043007850646972656,0.00916627116284222
balanced_topk1_chunks8,balanced,1,8,91,"P,D",4.646912097930908,4.695040225982666,0.04812812805175781,0.010250844664847287
balanced_topk1_chunks8,balanced,1,8,92,"D,P",4.645887851715088,4.692992210388184,0.0471043586730957,0.010037169584221286
balanced_topk1_chunks8,balanced,1,8,93,"P,D",4.6438398361206055,4.690944194793701,0.0471043586730957,0.010041551704105757
balanced_topk1_chunks8,balanced,1,8,94,"D,P",4.6438398361206055,4.691967964172363,0.04812812805175781,0.01025755683313736
balanced_topk1_chunks8,balanced,1,8,95,"P,D",4.6438398361206055,4.690944194793701,0.0471043586730957,0.010041551704105757
balanced_topk1_chunks8,balanced,1,8,96,"D,P",4.645887851715088,4.690944194793701,0.04505634307861328,0.009604962499579421
balanced_topk1_chunks8,balanced,1,8,97,"P,D",4.644864082336426,4.691967964172363,0.0471038818359375,0.010039259047721644
balanced_topk1_chunks8,balanced,1,8,98,"D,P",4.645887851715088,4.691967964172363,0.04608011245727539,0.009821062890697648
balanced_topk1_chunks8,balanced,1,8,99,"P,D",4.645887851715088,4.692992210388184,0.0471043586730957,0.010037169584221286
balanced_topk1_chunks16,balanced,1,16,0,"D,P",9.894911766052246,9.995264053344727,0.10035228729248047,0.010039983611928639
balanced_topk1_chunks16,balanced,1,16,1,"P,D",9.890815734863281,9.992192268371582,0.10137653350830078,0.01014557474331126
balanced_topk1_chunks16,balanced,1,16,2,"D,P",9.876480102539062,9.993215560913086,0.11673545837402344,0.011681471060287751
balanced_topk1_chunks16,balanced,1,16,3,"P,D",9.880576133728027,9.993215560913086,0.1126394271850586,0.011271589859987635
balanced_topk1_chunks16,balanced,1,16,4,"D,P",9.880576133728027,9.991168022155762,0.11059188842773438,0.011068964928073778
balanced_topk1_chunks16,balanced,1,16,5,"P,D",9.886719703674316,9.988096237182617,0.10137653350830078,0.010149735355062665
balanced_topk1_chunks16,balanced,1,16,6,"D,P",9.881600379943848,9.990143775939941,0.10854339599609375,0.010865048434789042
balanced_topk1_chunks16,balanced,1,16,7,"P,D",9.878527641296387,9.987071990966797,0.10854434967041016,0.010868485755243119
balanced_topk1_chunks16,balanced,1,16,8,"D,P",9.880576133728027,9.985024452209473,0.10444831848144531,0.010460497015441272
balanced_topk1_chunks16,balanced,1,16,9,"P,D",9.880576133728027,9.988096237182617,0.10752010345458984,0.01076482453726522
balanced_topk1_chunks16,balanced,1,16,10,"D,P",9.879551887512207,9.988096237182617,0.10854434967041016,0.010867371227995666
balanced_topk1_chunks16,balanced,1,16,11,"P,D",9.879551887512207,9.988096237182617,0.10854434967041016,0.010867371227995666
balanced_topk1_chunks16,balanced,1,16,12,"D,P",9.879551887512207,9.989119529724121,0.10956764221191406,0.01096869868118798
balanced_topk1_chunks16,balanced,1,16,13,"P,D",9.878527641296387,9.987071990966797,0.10854434967041016,0.010868485755243119
balanced_topk1_chunks16,balanced,1,16,14,"D,P",9.879551887512207,9.984000205993652,0.10444831848144531,0.010461570144874626
balanced_topk1_chunks16,balanced,1,16,15,"P,D",9.880576133728027,9.989119529724121,0.10854339599609375,0.010866162495413797
balanced_topk1_chunks16,balanced,1,16,16,"D,P",9.880576133728027,9.987071990966797,0.10649585723876953,0.010663371339977716
balanced_topk1_chunks16,balanced,1,16,17,"P,D",9.880576133728027,9.990143775939941,0.10956764221191406,0.010967574107971752
balanced_topk1_chunks16,balanced,1,16,18,"D,P",9.879551887512207,9.989119529724121,0.10956764221191406,0.01096869868118798
balanced_topk1_chunks16,balanced,1,16,19,"P,D",9.879551887512207,9.991168022155762,0.11161613464355469,0.011171480090820416
balanced_topk1_chunks16,balanced,1,16,20,"D,P",9.881600379943848,9.986047744750977,0.1044473648071289,0.010459329604350247
balanced_topk1_chunks16,balanced,1,16,21,"P,D",9.881600379943848,9.991168022155762,0.10956764221191406,0.010966449765327138
balanced_topk1_chunks16,balanced,1,16,22,"D,P",9.879551887512207,9.984000205993652,0.10444831848144531,0.010461570144874626
balanced_topk1_chunks16,balanced,1,16,23,"P,D",9.880576133728027,9.994239807128906,0.1136636734008789,0.01137291836041421
balanced_topk1_chunks16,balanced,1,16,24,"D,P",9.879551887512207,9.990143775939941,0.11059188842773438,0.011070099781154464
balanced_topk1_chunks16,balanced,1,16,25,"P,D",9.879551887512207,9.990143775939941,0.11059188842773438,0.011070099781154464
balanced_topk1_chunks16,balanced,1,16,26,"D,P",9.877504348754883,9.987071990966797,0.10956764221191406,0.010970947471993479
balanced_topk1_chunks16,balanced,1,16,27,"P,D",9.876480102539062,9.990143775939941,0.1136636734008789,0.011377581339181942
balanced_topk1_chunks16,balanced,1,16,28,"D,P",9.881600379943848,9.986047744750977,0.1044473648071289,0.010459329604350247
balanced_topk1_chunks16,balanced,1,16,29,"P,D",9.878527641296387,9.991168022155762,0.112640380859375,0.011273995253567055
balanced_topk1_chunks16,balanced,1,16,30,"D,P",9.880576133728027,9.988096237182617,0.10752010345458984,0.01076482453726522
balanced_topk1_chunks16,balanced,1,16,31,"P,D",9.878527641296387,9.990143775939941,0.11161613464355469,0.011172625454337174
balanced_topk1_chunks16,balanced,1,16,32,"D,P",9.884672164916992,9.987071990966797,0.10239982604980469,0.010253238000329252
balanced_topk1_chunks16,balanced,1,16,33,"P,D",9.877504348754883,9.988096237182617,0.11059188842773438,0.011072369128366497
balanced_topk1_chunks16,balanced,1,16,34,"D,P",9.881600379943848,9.987071990966797,0.10547161102294922,0.010560814132345015
balanced_topk1_chunks16,balanced,1,16,35,"P,D",9.879551887512207,9.986047744750977,0.10649585723876953,0.010664465057734935
balanced_topk1_chunks16,balanced,1,16,36,"D,P",9.881600379943848,9.988096237182617,0.10649585723876953,0.010662277846534772
balanced_topk1_chunks16,balanced,1,16,37,"P,D",9.881600379943848,9.992192268371582,0.11059188842773438,0.011067830307648536
balanced_topk1_chunks16,balanced,1,16,38,"D,P",9.882623672485352,9.988096237182617,0.10547256469726562,0.01055982663689439
balanced_topk1_chunks16,balanced,1,16,39,"P,D",9.882623672485352,9.989119529724121,0.10649585723876953,0.010661185595174346
balanced_topk1_chunks16,balanced,1,16,40,"D,P",9.879551887512207,9.991168022155762,0.11161613464355469,0.011171480090820416
balanced_topk1_chunks16,balanced,1,16,41,"P,D",9.877504348754883,9.991168022155762,0.1136636734008789,0.011376414964579293
balanced_topk1_chunks16,balanced,1,16,42,"D,P",9.880576133728027,9.991168022155762,0.11059188842773438,0.011068964928073778
balanced_topk1_chunks16,balanced,1,16,43,"P,D",9.881600379943848,9.990143775939941,0.10854339599609375,0.010865048434789042
balanced_topk1_chunks16,balanced,1,16,44,"D,P",9.878527641296387,9.989119529724121,0.11059188842773438,0.011071234866962163
balanced_topk1_chunks16,balanced,1,16,45,"P,D",9.879551887512207,9.987071990966797,0.10752010345458984,0.010765928547610416
balanced_topk1_chunks16,balanced,1,16,46,"D,P",9.881600379943848,9.987071990966797,0.10547161102294922,0.010560814132345015
balanced_topk1_chunks16,balanced,1,16,47,"P,D",9.882623672485352,9.991168022155762,0.10854434967041016,0.0108640300543149
balanced_topk1_chunks16,balanced,1,16,48,"D,P",9.880576133728027,9.986047744750977,0.10547161102294922,0.01056189733104259
balanced_topk1_chunks16,balanced,1,16,49,"P,D",9.882623672485352,9.993215560913086,0.11059188842773438,0.011066696975926087
balanced_topk1_chunks16,balanced,1,16,50,"D,P",9.881600379943848,9.987071990966797,0.10547161102294922,0.010560814132345015
balanced_topk1_chunks16,balanced,1,16,51,"P,D",9.881600379943848,9.988096237182617,0.10649585723876953,0.010662277846534772
balanced_topk1_chunks16,balanced,1,16,52,"D,P",9.878527641296387,9.988096237182617,0.10956859588623047,0.010969917918726113
balanced_topk1_chunks16,balanced,1,16,53,"P,D",9.880576133728027,9.984000205993652,0.103424072265625,0.01035898138338748
balanced_topk1_chunks16,balanced,1,16,54,"D,P",9.874431610107422,9.987071990966797,0.112640380859375,0.01127861909489158
balanced_topk1_chunks16,balanced,1,16,55,"P,D",9.880576133728027,9.988096237182617,0.10752010345458984,0.01076482453726522
balanced_topk1_chunks16,balanced,1,16,56,"D,P",9.878527641296387,9.990143775939941,0.11161613464355469,0.011172625454337174
balanced_topk1_chunks16,balanced,1,16,57,"P,D",9.879551887512207,9.986047744750977,0.10649585723876953,0.010664465057734935
balanced_topk1_chunks16,balanced,1,16,58,"D,P",9.879551887512207,9.986047744750977,0.10649585723876953,0.010664465057734935
balanced_topk1_chunks16,balanced,1,16,59,"P,D",9.880576133728027,9.988096237182617,0.10752010345458984,0.01076482453726522
balanced_topk1_chunks16,balanced,1,16,60,"D,P",9.878527641296387,9.987071990966797,0.10854434967041016,0.010868485755243119
balanced_topk1_chunks16,balanced,1,16,61,"P,D",9.885696411132812,9.990143775939941,0.1044473648071289,0.010455041203578852
balanced_topk1_chunks16,balanced,1,16,62,"D,P",9.880576133728027,9.986047744750977,0.10547161102294922,0.01056189733104259
balanced_topk1_chunks16,balanced,1,16,63,"P,D",9.881600379943848,9.987071990966797,0.10547161102294922,0.010560814132345015
balanced_topk1_chunks16,balanced,1,16,64,"D,P",9.882623672485352,9.986047744750977,0.103424072265625,0.010356857378334526
balanced_topk1_chunks16,balanced,1,16,65,"P,D",9.880576133728027,9.988096237182617,0.10752010345458984,0.01076482453726522
balanced_topk1_chunks16,balanced,1,16,66,"D,P",9.878527641296387,9.986047744750977,0.10752010345458984,0.010767032784427278
balanced_topk1_chunks16,balanced,1,16,67,"P,D",9.880576133728027,9.986047744750977,0.10547161102294922,0.01056189733104259
balanced_topk1_chunks16,balanced,1,16,68,"D,P",9.879551887512207,9.991168022155762,0.11161613464355469,0.011171480090820416
balanced_topk1_chunks16,balanced,1,16,69,"P,D",9.880576133728027,9.986047744750977,0.10547161102294922,0.01056189733104259
balanced_topk1_chunks16,balanced,1,16,70,"D,P",9.877504348754883,9.987071990966797,0.10956764221191406,0.010970947471993479
balanced_topk1_chunks16,balanced,1,16,71,"P,D",9.876480102539062,9.989119529724121,0.1126394271850586,0.011276211767201614
balanced_topk1_chunks16,balanced,1,16,72,"D,P",9.878527641296387,9.988096237182617,0.10956859588623047,0.010969917918726113
balanced_topk1_chunks16,balanced,1,16,73,"P,D",9.873408317565918,9.986047744750977,0.1126394271850586,0.01127968041653575
balanced_topk1_chunks16,balanced,1,16,74,"D,P",9.878527641296387,9.988096237182617,0.10956859588623047,0.010969917918726113
balanced_topk1_chunks16,balanced,1,16,75,"P,D",9.875455856323242,9.985024452209473,0.10956859588623047,0.010973292695541198
balanced_topk1_chunks16,balanced,1,16,76,"D,P",9.880576133728027,9.987071990966797,0.10649585723876953,0.010663371339977716
balanced_topk1_chunks16,balanced,1,16,77,"P,D",9.878527641296387,9.987071990966797,0.10854434967041016,0.010868485755243119
balanced_topk1_chunks16,balanced,1,16,78,"D,P",9.879551887512207,9.988096237182617,0.10854434967041016,0.010867371227995666
balanced_topk1_chunks16,balanced,1,16,79,"P,D",9.880576133728027,9.989119529724121,0.10854339599609375,0.010866162495413797
balanced_topk1_chunks16,balanced,1,16,80,"D,P",9.880576133728027,9.988096237182617,0.10752010345458984,0.01076482453726522
balanced_topk1_chunks16,balanced,1,16,81,"P,D",9.881600379943848,9.987071990966797,0.10547161102294922,0.010560814132345015
balanced_topk1_chunks16,balanced,1,16,82,"D,P",9.879551887512207,9.988096237182617,0.10854434967041016,0.010867371227995666
balanced_topk1_chunks16,balanced,1,16,83,"P,D",9.877504348754883,9.987071990966797,0.10956764221191406,0.010970947471993479
balanced_topk1_chunks16,balanced,1,16,84,"D,P",9.879551887512207,9.988096237182617,0.10854434967041016,0.010867371227995666
balanced_topk1_chunks16,balanced,1,16,85,"P,D",9.876480102539062,9.991168022155762,0.11468791961669922,0.011478930127325933
balanced_topk1_chunks16,balanced,1,16,86,"D,P",9.883647918701172,9.990143775939941,0.10649585723876953,0.010660092549944274
balanced_topk1_chunks16,balanced,1,16,87,"P,D",9.886719703674316,9.989119529724121,0.10239982604980469,0.010251136323386527
balanced_topk1_chunks16,balanced,1,16,88,"D,P",9.886719703674316,9.991168022155762,0.10444831848144531,0.010454064855062745
balanced_topk1_chunks16,balanced,1,16,89,"P,D",9.882623672485352,10.0065279006958,0.12390422821044922,0.012382339752616248
balanced_topk1_chunks16,balanced,1,16,90,"D,P",9.881600379943848,9.998335838317871,0.11673545837402344,0.011675488827515032
balanced_topk1_chunks16,balanced,1,16,91,"P,D",9.883647918701172,9.986047744750977,0.10239982604980469,0.010254289651642183
balanced_topk1_chunks16,balanced,1,16,92,"D,P",9.876480102539062,10.002431869506836,0.12595176696777344,0.012592114458859435
balanced_topk1_chunks16,balanced,1,16,93,"P,D",9.879551887512207,9.986047744750977,0.10649585723876953,0.010664465057734935
balanced_topk1_chunks16,balanced,1,16,94,"D,P",9.879551887512207,9.988096237182617,0.10854434967041016,0.010867371227995666
balanced_topk1_chunks16,balanced,1,16,95,"P,D",9.879551887512207,9.988096237182617,0.10854434967041016,0.010867371227995666
balanced_topk1_chunks16,balanced,1,16,96,"D,P",9.879551887512207,9.989119529724121,0.10956764221191406,0.01096869868118798
balanced_topk1_chunks16,balanced,1,16,97,"P,D",9.879551887512207,9.991168022155762,0.11161613464355469,0.011171480090820416
balanced_topk1_chunks16,balanced,1,16,98,"D,P",9.878527641296387,9.989119529724121,0.11059188842773438,0.011071234866962163
balanced_topk1_chunks16,balanced,1,16,99,"P,D",9.880576133728027,9.986047744750977,0.10547161102294922,0.01056189733104259
skewed_topk2_chunks2,skewed,2,2,0,"D,P",0.7331839799880981,0.7331839799880981,0.0,0.0
skewed_topk2_chunks2,skewed,2,2,1,"P,D",0.7362560033798218,0.7331839799880981,-0.003072023391723633,-0.00418997615274341
skewed_topk2_chunks2,skewed,2,2,2,"D,P",0.7434239983558655,0.7342079877853394,-0.009216010570526123,-0.01255231586123878
skewed_topk2_chunks2,skewed,2,2,3,"P,D",0.7331839799880981,0.7331839799880981,0.0,0.0
skewed_topk2_chunks2,skewed,2,2,4,"D,P",0.7352319955825806,0.7331839799880981,-0.002048015594482422,-0.0027933174351622734
skewed_topk2_chunks2,skewed,2,2,5,"P,D",0.7331839799880981,0.7331839799880981,0.0,0.0
skewed_topk2_chunks2,skewed,2,2,6,"D,P",0.7342079877853394,0.7342079877853394,0.0,0.0
skewed_topk2_chunks2,skewed,2,2,7,"P,D",0.7342079877853394,0.7342079877853394,0.0,0.0
skewed_topk2_chunks2,skewed,2,2,8,"D,P",0.7362560033798218,0.7321599721908569,-0.004096031188964844,-0.00559444840546009
skewed_topk2_chunks2,skewed,2,2,9,"P,D",0.7342079877853394,0.7352319955825806,0.001024007797241211,0.001392768273679128
skewed_topk2_chunks2,skewed,2,2,10,"D,P",0.7331839799880981,0.7352319955825806,0.002048015594482422,0.002785536547358256
skewed_topk2_chunks2,skewed,2,2,11,"P,D",0.7331839799880981,0.7331839799880981,0.0,0.0
skewed_topk2_chunks2,skewed,2,2,12,"D,P",0.7342079877853394,0.7331839799880981,-0.001024007797241211,-0.0013966587175811367
skewed_topk2_chunks2,skewed,2,2,13,"P,D",0.7362560033798218,0.7331839799880981,-0.003072023391723633,-0.00418997615274341
skewed_topk2_chunks2,skewed,2,2,14,"D,P",0.7331839799880981,0.7331839799880981,0.0,0.0
skewed_topk2_chunks2,skewed,2,2,15,"P,D",0.7352319955825806,0.7331839799880981,-0.002048015594482422,-0.0027933174351622734
skewed_topk2_chunks2,skewed,2,2,16,"D,P",0.7362560033798218,0.7434239983558655,0.007167994976043701,0.009641866541699256
skewed_topk2_chunks2,skewed,2,2,17,"P,D",0.7331839799880981,0.7331839799880981,0.0,0.0
skewed_topk2_chunks2,skewed,2,2,18,"D,P",0.7352319955825806,0.7331839799880981,-0.002048015594482422,-0.0027933174351622734
skewed_topk2_chunks2,skewed,2,2,19,"P,D",0.7342079877853394,0.7352319955825806,0.001024007797241211,0.001392768273679128
skewed_topk2_chunks2,skewed,2,2,20,"D,P",0.7383040189743042,0.737280011177063,-0.001024007797241211,-0.0013888994435186013
skewed_topk2_chunks2,skewed,2,2,21,"P,D",0.7342079877853394,0.737280011177063,0.003072023391723633,0.004166698330555804
skewed_topk2_chunks2,skewed,2,2,22,"D,P",0.7331839799880981,0.7331839799880981,0.0,0.0
skewed_topk2_chunks2,skewed,2,2,23,"P,D",0.7352319955825806,0.7352319955825806,0.0,0.0
skewed_topk2_chunks2,skewed,2,2,24,"D,P",0.7331839799880981,0.7331839799880981,0.0,0.0
skewed_topk2_chunks2,skewed,2,2,25,"P,D",0.7352319955825806,0.7321599721908569,-0.003072023391723633,-0.004195836304095068
skewed_topk2_chunks2,skewed,2,2,26,"D,P",0.7331839799880981,0.7342079877853394,0.001024007797241211,0.0013947107826081026
skewed_topk2_chunks2,skewed,2,2,27,"P,D",0.7342079877853394,0.7342079877853394,0.0,0.0
skewed_topk2_chunks2,skewed,2,2,28,"D,P",0.7362560033798218,0.7342079877853394,-0.002048015594482422,-0.0027894215652162053
skewed_topk2_chunks2,skewed,2,2,29,"P,D",0.7331839799880981,0.7331839799880981,0.0,0.0
skewed_topk2_chunks2,skewed,2,2,30,"D,P",0.7331839799880981,0.7352319955825806,0.002048015594482422,0.002785536547358256
skewed_topk2_chunks2,skewed,2,2,31,"P,D",0.7352319955825806,0.7352319955825806,0.0,0.0
skewed_topk2_chunks2,skewed,2,2,32,"D,P",0.7321599721908569,0.7321599721908569,0.0,0.0
skewed_topk2_chunks2,skewed,2,2,33,"P,D",0.7331839799880981,0.7331839799880981,0.0,0.0
skewed_topk2_chunks2,skewed,2,2,34,"D,P",0.7331839799880981,0.7321599721908569,-0.001024007797241211,-0.0013986121013650225
skewed_topk2_chunks2,skewed,2,2,35,"P,D",0.7352319955825806,0.7321599721908569,-0.003072023391723633,-0.004195836304095068
skewed_topk2_chunks2,skewed,2,2,36,"D,P",0.7331839799880981,0.7331839799880981,0.0,0.0
skewed_topk2_chunks2,skewed,2,2,37,"P,D",0.7352319955825806,0.7331839799880981,-0.002048015594482422,-0.0027933174351622734
skewed_topk2_chunks2,skewed,2,2,38,"D,P",0.7331839799880981,0.7331839799880981,0.0,0.0
skewed_topk2_chunks2,skewed,2,2,39,"P,D",0.7352319955825806,0.7352319955825806,0.0,0.0
skewed_topk2_chunks2,skewed,2,2,40,"D,P",0.7362560033798218,0.7352319955825806,-0.001024007797241211,-0.001392768273679128
skewed_topk2_chunks2,skewed,2,2,41,"P,D",0.7342079877853394,0.7331839799880981,-0.001024007797241211,-0.0013966587175811367
skewed_topk2_chunks2,skewed,2,2,42,"D,P",0.7342079877853394,0.7352319955825806,0.001024007797241211,0.001392768273679128
skewed_topk2_chunks2,skewed,2,2,43,"P,D",0.7321599721908569,0.7331839799880981,0.001024007797241211,0.0013966587175811367
skewed_topk2_chunks2,skewed,2,2,44,"D,P",0.7342079877853394,0.7362560033798218,0.002048015594482422,0.002781662336308158
skewed_topk2_chunks2,skewed,2,2,45,"P,D",0.7331839799880981,0.7352319955825806,0.002048015594482422,0.002785536547358256
skewed_topk2_chunks2,skewed,2,2,46,"D,P",0.7342079877853394,0.7342079877853394,0.0,0.0
skewed_topk2_chunks2,skewed,2,2,47,"P,D",0.7362560033798218,0.7352319955825806,-0.001024007797241211,-0.001392768273679128
skewed_topk2_chunks2,skewed,2,2,48,"D,P",0.7331839799880981,0.7331839799880981,0.0,0.0
skewed_topk2_chunks2,skewed,2,2,49,"P,D",0.7331839799880981,0.7331839799880981,0.0,0.0
skewed_topk2_chunks2,skewed,2,2,50,"D,P",0.7342079877853394,0.7331839799880981,-0.001024007797241211,-0.0013966587175811367
skewed_topk2_chunks2,skewed,2,2,51,"P,D",0.7342079877853394,0.7342079877853394,0.0,0.0
skewed_topk2_chunks2,skewed,2,2,52,"D,P",0.7352319955825806,0.7342079877853394,-0.001024007797241211,-0.0013947107826081026
skewed_topk2_chunks2,skewed,2,2,53,"P,D",0.7342079877853394,0.7331839799880981,-0.001024007797241211,-0.0013966587175811367
skewed_topk2_chunks2,skewed,2,2,54,"D,P",0.7331839799880981,0.7331839799880981,0.0,0.0
skewed_topk2_chunks2,skewed,2,2,55,"P,D",0.7331839799880981,0.7331839799880981,0.0,0.0
skewed_topk2_chunks2,skewed,2,2,56,"D,P",0.7342079877853394,0.7331839799880981,-0.001024007797241211,-0.0013966587175811367
skewed_topk2_chunks2,skewed,2,2,57,"P,D",0.7352319955825806,0.7342079877853394,-0.001024007797241211,-0.0013947107826081026
skewed_topk2_chunks2,skewed,2,2,58,"D,P",0.7331839799880981,0.7321599721908569,-0.001024007797241211,-0.0013986121013650225
skewed_topk2_chunks2,skewed,2,2,59,"P,D",0.7331839799880981,0.7331839799880981,0.0,0.0
skewed_topk2_chunks2,skewed,2,2,60,"D,P",0.7342079877853394,0.7331839799880981,-0.001024007797241211,-0.0013966587175811367
skewed_topk2_chunks2,skewed,2,2,61,"P,D",0.7342079877853394,0.7342079877853394,0.0,0.0
skewed_topk2_chunks2,skewed,2,2,62,"D,P",0.7342079877853394,0.7321599721908569,-0.002048015594482422,-0.002797224202730045
skewed_topk2_chunks2,skewed,2,2,63,"P,D",0.7342079877853394,0.7331839799880981,-0.001024007797241211,-0.0013966587175811367
skewed_topk2_chunks2,skewed,2,2,64,"D,P",0.7342079877853394,0.7342079877853394,0.0,0.0
skewed_topk2_chunks2,skewed,2,2,65,"P,D",0.7331839799880981,0.7331839799880981,0.0,0.0
skewed_topk2_chunks2,skewed,2,2,66,"D,P",0.7331839799880981,0.7331839799880981,0.0,0.0
skewed_topk2_chunks2,skewed,2,2,67,"P,D",0.7331839799880981,0.7331839799880981,0.0,0.0
skewed_topk2_chunks2,skewed,2,2,68,"D,P",0.7331839799880981,0.7321599721908569,-0.001024007797241211,-0.0013986121013650225
skewed_topk2_chunks2,skewed,2,2,69,"P,D",0.7331839799880981,0.7331839799880981,0.0,0.0
skewed_topk2_chunks2,skewed,2,2,70,"D,P",0.7331839799880981,0.7331839799880981,0.0,0.0
skewed_topk2_chunks2,skewed,2,2,71,"P,D",0.7342079877853394,0.7331839799880981,-0.001024007797241211,-0.0013966587175811367
skewed_topk2_chunks2,skewed,2,2,72,"D,P",0.7331839799880981,0.7331839799880981,0.0,0.0
skewed_topk2_chunks2,skewed,2,2,73,"P,D",0.7331839799880981,0.7331839799880981,0.0,0.0
skewed_topk2_chunks2,skewed,2,2,74,"D,P",0.7342079877853394,0.7331839799880981,-0.001024007797241211,-0.0013966587175811367
skewed_topk2_chunks2,skewed,2,2,75,"P,D",0.7331839799880981,0.7352319955825806,0.002048015594482422,0.002785536547358256
skewed_topk2_chunks2,skewed,2,2,76,"D,P",0.7331839799880981,0.7331839799880981,0.0,0.0
skewed_topk2_chunks2,skewed,2,2,77,"P,D",0.7352319955825806,0.7331839799880981,-0.002048015594482422,-0.0027933174351622734
skewed_topk2_chunks2,skewed,2,2,78,"D,P",0.7331839799880981,0.7342079877853394,0.001024007797241211,0.0013947107826081026
skewed_topk2_chunks2,skewed,2,2,79,"P,D",0.7331839799880981,0.7331839799880981,0.0,0.0
skewed_topk2_chunks2,skewed,2,2,80,"D,P",0.7331839799880981,0.7342079877853394,0.001024007797241211,0.0013947107826081026
skewed_topk2_chunks2,skewed,2,2,81,"P,D",0.7321599721908569,0.7331839799880981,0.001024007797241211,0.0013966587175811367
skewed_topk2_chunks2,skewed,2,2,82,"D,P",0.7331839799880981,0.7331839799880981,0.0,0.0
skewed_topk2_chunks2,skewed,2,2,83,"P,D",0.7342079877853394,0.7321599721908569,-0.002048015594482422,-0.002797224202730045
skewed_topk2_chunks2,skewed,2,2,84,"D,P",0.7331839799880981,0.7321599721908569,-0.001024007797241211,-0.0013986121013650225
skewed_topk2_chunks2,skewed,2,2,85,"P,D",0.7342079877853394,0.7342079877853394,0.0,0.0
skewed_topk2_chunks2,skewed,2,2,86,"D,P",0.7342079877853394,0.7331839799880981,-0.001024007797241211,-0.0013966587175811367
skewed_topk2_chunks2,skewed,2,2,87,"P,D",0.7352319955825806,0.7342079877853394,-0.001024007797241211,-0.0013947107826081026
skewed_topk2_chunks2,skewed,2,2,88,"D,P",0.7342079877853394,0.7331839799880981,-0.001024007797241211,-0.0013966587175811367
skewed_topk2_chunks2,skewed,2,2,89,"P,D",0.7331839799880981,0.7342079877853394,0.001024007797241211,0.0013947107826081026
skewed_topk2_chunks2,skewed,2,2,90,"D,P",0.7342079877853394,0.7342079877853394,0.0,0.0
skewed_topk2_chunks2,skewed,2,2,91,"P,D",0.7331839799880981,0.7331839799880981,0.0,0.0
skewed_topk2_chunks2,skewed,2,2,92,"D,P",0.7331839799880981,0.7352319955825806,0.002048015594482422,0.002785536547358256
skewed_topk2_chunks2,skewed,2,2,93,"P,D",0.7331839799880981,0.7342079877853394,0.001024007797241211,0.0013947107826081026
skewed_topk2_chunks2,skewed,2,2,94,"D,P",0.7331839799880981,0.7321599721908569,-0.001024007797241211,-0.0013986121013650225
skewed_topk2_chunks2,skewed,2,2,95,"P,D",0.7342079877853394,0.7342079877853394,0.0,0.0
skewed_topk2_chunks2,skewed,2,2,96,"D,P",0.7331839799880981,0.7331839799880981,0.0,0.0
skewed_topk2_chunks2,skewed,2,2,97,"P,D",0.7342079877853394,0.7331839799880981,-0.001024007797241211,-0.0013966587175811367
skewed_topk2_chunks2,skewed,2,2,98,"D,P",0.7331839799880981,0.7352319955825806,0.002048015594482422,0.002785536547358256
skewed_topk2_chunks2,skewed,2,2,99,"P,D",0.7352319955825806,0.7342079877853394,-0.001024007797241211,-0.0013947107826081026
skewed_topk2_chunks4,skewed,2,4,0,"D,P",2.036736011505127,2.0449280738830566,0.008192062377929688,0.004006039372511528
skewed_topk2_chunks4,skewed,2,4,1,"P,D",2.036736011505127,2.045952081680298,0.009216070175170898,0.004504538624190031
skewed_topk2_chunks4,skewed,2,4,2,"D,P",2.0357120037078857,2.046976089477539,0.01126408576965332,0.005502793035813288
skewed_topk2_chunks4,skewed,2,4,3,"P,D",2.0357120037078857,2.046976089477539,0.01126408576965332,0.005502793035813288
skewed_topk2_chunks4,skewed,2,4,4,"D,P",2.0346879959106445,2.0439040660858154,0.009216070175170898,0.00450905222416831
skewed_topk2_chunks4,skewed,2,4,5,"P,D",2.0346879959106445,2.045952081680298,0.01126408576965332,0.005505547207343371
skewed_topk2_chunks4,skewed,2,4,6,"D,P",2.0336639881134033,2.0449280738830566,0.01126408576965332,0.005508304137203351
skewed_topk2_chunks4,skewed,2,4,7,"P,D",2.0346879959106445,2.0449280738830566,0.01024007797241211,0.00500754921563941
skewed_topk2_chunks4,skewed,2,4,8,"D,P",2.0357120037078857,2.045952081680298,0.01024007797241211,0.005005042915766701
skewed_topk2_chunks4,skewed,2,4,9,"P,D",2.037760019302368,2.0480000972747803,0.01024007797241211,0.005000037834977797
skewed_topk2_chunks4,skewed,2,4,10,"D,P",2.036736011505127,2.0490241050720215,0.012288093566894531,0.0059970468558556145
skewed_topk2_chunks4,skewed,2,4,11,"P,D",2.0357120037078857,2.0449280738830566,0.009216070175170898,0.004506794294075469
skewed_topk2_chunks4,skewed,2,4,12,"D,P",2.0346879959106445,2.0449280738830566,0.01024007797241211,0.00500754921563941
skewed_topk2_chunks4,skewed,2,4,13,"P,D",2.0336639881134033,2.046976089477539,0.013312101364135742,0.006503300860506613
skewed_topk2_chunks4,skewed,2,4,14,"D,P",2.037760019302368,2.0439040660858154,0.006144046783447266,0.0030060348161122068
skewed_topk2_chunks4,skewed,2,4,15,"P,D",2.037760019302368,2.0449280738830566,0.0071680545806884766,0.003505284450947587
skewed_topk2_chunks4,skewed,2,4,16,"D,P",2.036736011505127,2.0449280738830566,0.008192062377929688,0.004006039372511528
skewed_topk2_chunks4,skewed,2,4,17,"P,D",2.036736011505127,2.0449280738830566,0.008192062377929688,0.004006039372511528
skewed_topk2_chunks4,skewed,2,4,18,"D,P",2.0357120037078857,2.046976089477539,0.01126408576965332,0.005502793035813288
skewed_topk2_chunks4,skewed,2,4,19,"P,D",2.0336639881134033,2.0480000972747803,0.014336109161376953,0.007000052968968915
skewed_topk2_chunks4,skewed,2,4,20,"D,P",2.0357120037078857,2.0480000972747803,0.012288093566894531,0.006000045401973356
skewed_topk2_chunks4,skewed,2,4,21,"P,D",2.0346879959106445,2.045952081680298,0.01126408576965332,0.005505547207343371
skewed_topk2_chunks4,skewed,2,4,22,"D,P",2.0357120037078857,2.046976089477539,0.01126408576965332,0.005502793035813288
skewed_topk2_chunks4,skewed,2,4,23,"P,D",2.036736011505127,2.046976089477539,0.01024007797241211,0.005002539123466625
skewed_topk2_chunks4,skewed,2,4,24,"D,P",2.0346879959106445,2.0449280738830566,0.01024007797241211,0.00500754921563941
skewed_topk2_chunks4,skewed,2,4,25,"P,D",2.0357120037078857,2.0449280738830566,0.009216070175170898,0.004506794294075469
skewed_topk2_chunks4,skewed,2,4,26,"D,P",2.0336639881134033,2.0449280738830566,0.01126408576965332,0.005508304137203351
skewed_topk2_chunks4,skewed,2,4,27,"P,D",2.0357120037078857,2.0449280738830566,0.009216070175170898,0.004506794294075469
skewed_topk2_chunks4,skewed,2,4,28,"D,P",2.0357120037078857,2.046976089477539,0.01126408576965332,0.005502793035813288
skewed_topk2_chunks4,skewed,2,4,29,"P,D",2.036736011505127,2.045952081680298,0.009216070175170898,0.004504538624190031
skewed_topk2_chunks4,skewed,2,4,30,"D,P",2.037760019302368,2.0449280738830566,0.0071680545806884766,0.003505284450947587
skewed_topk2_chunks4,skewed,2,4,31,"P,D",2.0346879959106445,2.0449280738830566,0.01024007797241211,0.00500754921563941
skewed_topk2_chunks4,skewed,2,4,32,"D,P",2.0357120037078857,2.0449280738830566,0.009216070175170898,0.004506794294075469
skewed_topk2_chunks4,skewed,2,4,33,"P,D",2.036736011505127,2.0449280738830566,0.008192062377929688,0.004006039372511528
skewed_topk2_chunks4,skewed,2,4,34,"D,P",2.0336639881134033,2.0480000972747803,0.014336109161376953,0.007000052968968915
skewed_topk2_chunks4,skewed,2,4,35,"P,D",2.0357120037078857,2.046976089477539,0.01126408576965332,0.005502793035813288
skewed_topk2_chunks4,skewed,2,4,36,"D,P",2.036736011505127,2.0449280738830566,0.008192062377929688,0.004006039372511528
skewed_topk2_chunks4,skewed,2,4,37,"P,D",2.0346879959106445,2.0449280738830566,0.01024007797241211,0.00500754921563941
skewed_topk2_chunks4,skewed,2,4,38,"D,P",2.0346879959106445,2.0449280738830566,0.01024007797241211,0.00500754921563941
skewed_topk2_chunks4,skewed,2,4,39,"P,D",2.036736011505127,2.0439040660858154,0.0071680545806884766,0.0035070406187975743
skewed_topk2_chunks4,skewed,2,4,40,"D,P",2.0346879959106445,2.0449280738830566,0.01024007797241211,0.00500754921563941
skewed_topk2_chunks4,skewed,2,4,41,"P,D",2.0357120037078857,2.0480000972747803,0.012288093566894531,0.006000045401973356
skewed_topk2_chunks4,skewed,2,4,42,"D,P",2.031615972518921,2.0490241050720215,0.017408132553100586,0.008495816379128787
skewed_topk2_chunks4,skewed,2,4,43,"P,D",2.0346879959106445,2.046976089477539,0.012288093566894531,0.0060030469481599505
skewed_topk2_chunks4,skewed,2,4,44,"D,P",2.0357120037078857,2.045952081680298,0.01024007797241211,0.005005042915766701
skewed_topk2_chunks4,skewed,2,4,45,"P,D",2.036736011505127,2.0449280738830566,0.008192062377929688,0.004006039372511528
skewed_topk2_chunks4,skewed,2,4,46,"D,P",2.036736011505127,2.045952081680298,0.009216070175170898,0.004504538624190031
skewed_topk2_chunks4,skewed,2,4,47,"P,D",2.0336639881134033,2.0449280738830566,0.01126408576965332,0.005508304137203351
skewed_topk2_chunks4,skewed,2,4,48,"D,P",2.0346879959106445,2.045952081680298,0.01126408576965332,0.005505547207343371
skewed_topk2_chunks4,skewed,2,4,49,"P,D",2.0346879959106445,2.045952081680298,0.01126408576965332,0.005505547207343371
skewed_topk2_chunks4,skewed,2,4,50,"D,P",2.0336639881134033,2.046976089477539,0.013312101364135742,0.006503300860506613
skewed_topk2_chunks4,skewed,2,4,51,"P,D",2.0346879959106445,2.046976089477539,0.012288093566894531,0.0060030469481599505
skewed_topk2_chunks4,skewed,2,4,52,"D,P",2.0336639881134033,2.0449280738830566,0.01126408576965332,0.005508304137203351
skewed_topk2_chunks4,skewed,2,4,53,"P,D",2.032639980316162,2.0439040660858154,0.01126408576965332,0.005511063829539045
skewed_topk2_chunks4,skewed,2,4,54,"D,P",2.0357120037078857,2.0449280738830566,0.009216070175170898,0.004506794294075469
skewed_topk2_chunks4,skewed,2,4,55,"P,D",2.0336639881134033,2.0439040660858154,0.01024007797241211,0.005010058026853678
skewed_topk2_chunks4,skewed,2,4,56,"D,P",2.0346879959106445,2.0439040660858154,0.009216070175170898,0.00450905222416831
skewed_topk2_chunks4,skewed,2,4,57,"P,D",2.0357120037078857,2.0449280738830566,0.009216070175170898,0.004506794294075469
skewed_topk2_chunks4,skewed,2,4,58,"D,P",2.0357120037078857,2.0449280738830566,0.009216070175170898,0.004506794294075469
skewed_topk2_chunks4,skewed,2,4,59,"P,D",2.0346879959106445,2.0449280738830566,0.01024007797241211,0.00500754921563941
skewed_topk2_chunks4,skewed,2,4,60,"D,P",2.0336639881134033,2.046976089477539,0.013312101364135742,0.006503300860506613
skewed_topk2_chunks4,skewed,2,4,61,"P,D",2.0357120037078857,2.045952081680298,0.01024007797241211,0.005005042915766701
skewed_topk2_chunks4,skewed,2,4,62,"D,P",2.0336639881134033,2.045952081680298,0.012288093566894531,0.006006051498920041
skewed_topk2_chunks4,skewed,2,4,63,"P,D",2.0357120037078857,2.0449280738830566,0.009216070175170898,0.004506794294075469
skewed_topk2_chunks4,skewed,2,4,64,"D,P",2.0336639881134033,2.0449280738830566,0.01126408576965332,0.005508304137203351
skewed_topk2_chunks4,skewed,2,4,65,"P,D",2.0346879959106445,2.046976089477539,0.012288093566894531,0.0060030469481599505
skewed_topk2_chunks4,skewed,2,4,66,"D,P",2.0336639881134033,2.0449280738830566,0.01126408576965332,0.005508304137203351
skewed_topk2_chunks4,skewed,2,4,67,"P,D",2.032639980316162,2.0449280738830566,0.012288093566894531,0.006009059058767292
skewed_topk2_chunks4,skewed,2,4,68,"D,P",2.0336639881134033,2.042880058288574,0.009216070175170898,0.004511312417867388
skewed_topk2_chunks4,skewed,2,4,69,"P,D",2.0336639881134033,2.045952081680298,0.012288093566894531,0.006006051498920041
skewed_topk2_chunks4,skewed,2,4,70,"D,P",2.0336639881134033,2.045952081680298,0.012288093566894531,0.006006051498920041
skewed_topk2_chunks4,skewed,2,4,71,"P,D",2.0357120037078857,2.0439040660858154,0.008192062377929688,0.004008046421482942
skewed_topk2_chunks4,skewed,2,4,72,"D,P",2.0336639881134033,2.0439040660858154,0.01024007797241211,0.005010058026853678
skewed_topk2_chunks4,skewed,2,4,73,"P,D",2.0336639881134033,2.0439040660858154,0.01024007797241211,0.005010058026853678
skewed_topk2_chunks4,skewed,2,4,74,"D,P",2.0336639881134033,2.0439040660858154,0.01024007797241211,0.005010058026853678
skewed_topk2_chunks4,skewed,2,4,75,"P,D",2.0346879959106445,2.045952081680298,0.01126408576965332,0.005505547207343371
skewed_topk2_chunks4,skewed,2,4,76,"D,P",2.036736011505127,2.0449280738830566,0.008192062377929688,0.004006039372511528
skewed_topk2_chunks4,skewed,2,4,77,"P,D",2.0346879959106445,2.0449280738830566,0.01024007797241211,0.00500754921563941
skewed_topk2_chunks4,skewed,2,4,78,"D,P",2.0336639881134033,2.0439040660858154,0.01024007797241211,0.005010058026853678
skewed_topk2_chunks4,skewed,2,4,79,"P,D",2.0357120037078857,2.046976089477539,0.01126408576965332,0.005502793035813288
skewed_topk2_chunks4,skewed,2,4,80,"D,P",2.0357120037078857,2.0439040660858154,0.008192062377929688,0.004008046421482942
skewed_topk2_chunks4,skewed,2,4,81,"P,D",2.0346879959106445,2.0449280738830566,0.01024007797241211,0.00500754921563941
skewed_topk2_chunks4,skewed,2,4,82,"D,P",2.0357120037078857,2.0449280738830566,0.009216070175170898,0.004506794294075469
skewed_topk2_chunks4,skewed,2,4,83,"P,D",2.031615972518921,2.0439040660858154,0.012288093566894531,0.0060120696322244135
skewed_topk2_chunks4,skewed,2,4,84,"D,P",2.0357120037078857,2.0439040660858154,0.008192062377929688,0.004008046421482942
skewed_topk2_chunks4,skewed,2,4,85,"P,D",2.032639980316162,2.0449280738830566,0.012288093566894531,0.006009059058767292
skewed_topk2_chunks4,skewed,2,4,86,"D,P",2.037760019302368,2.0449280738830566,0.0071680545806884766,0.003505284450947587
skewed_topk2_chunks4,skewed,2,4,87,"P,D",2.037760019302368,2.0439040660858154,0.006144046783447266,0.0030060348161122068
skewed_topk2_chunks4,skewed,2,4,88,"D,P",2.031615972518921,2.042880058288574,0.01126408576965332,0.005513826288504585
skewed_topk2_chunks4,skewed,2,4,89,"P,D",2.031615972518921,2.0439040660858154,0.012288093566894531,0.0060120696322244135
skewed_topk2_chunks4,skewed,2,4,90,"D,P",2.032639980316162,2.045952081680298,0.013312101364135742,0.006506555790496711
skewed_topk2_chunks4,skewed,2,4,91,"P,D",2.0336639881134033,2.042880058288574,0.009216070175170898,0.004511312417867388
skewed_topk2_chunks4,skewed,2,4,92,"D,P",2.0305919647216797,2.0439040660858154,0.013312101364135742,0.006513075434909781
skewed_topk2_chunks4,skewed,2,4,93,"P,D",2.032639980316162,2.0449280738830566,0.012288093566894531,0.006009059058767292
skewed_topk2_chunks4,skewed,2,4,94,"D,P",2.036736011505127,2.042880058288574,0.006144046783447266,0.003007541611911592
skewed_topk2_chunks4,skewed,2,4,95,"P,D",2.036736011505127,2.045952081680298,0.009216070175170898,0.004504538624190031
skewed_topk2_chunks4,skewed,2,4,96,"D,P",2.0336639881134033,2.0449280738830566,0.01126408576965332,0.005508304137203351
skewed_topk2_chunks4,skewed,2,4,97,"P,D",2.036736011505127,2.042880058288574,0.006144046783447266,0.003007541611911592
skewed_topk2_chunks4,skewed,2,4,98,"D,P",2.0336639881134033,2.0439040660858154,0.01024007797241211,0.005010058026853678
skewed_topk2_chunks4,skewed,2,4,99,"P,D",2.032639980316162,2.045952081680298,0.013312101364135742,0.006506555790496711
skewed_topk2_chunks8,skewed,2,8,0,"D,P",4.648960113525391,4.689919948577881,0.040959835052490234,0.008733589379262312
skewed_topk2_chunks8,skewed,2,8,1,"P,D",4.661248207092285,4.691967964172363,0.030719757080078125,0.006547307508203952
skewed_topk2_chunks8,skewed,2,8,2,"D,P",4.648960113525391,4.690944194793701,0.04198408126831055,0.008950027867504172
skewed_topk2_chunks8,skewed,2,8,3,"P,D",4.64793586730957,4.692992210388184,0.04505634307861328,0.009600770906646449
skewed_topk2_chunks8,skewed,2,8,4,"D,P",4.645887851715088,4.692992210388184,0.0471043586730957,0.010037169584221286
skewed_topk2_chunks8,skewed,2,8,5,"P,D",4.649983882904053,4.689919948577881,0.039936065673828125,0.008515297939347109
skewed_topk2_chunks8,skewed,2,8,6,"D,P",4.645887851715088,4.689919948577881,0.04403209686279297,0.009388667044550467
skewed_topk2_chunks8,skewed,2,8,7,"P,D",4.645887851715088,4.689919948577881,0.04403209686279297,0.009388667044550467
skewed_topk2_chunks8,skewed,2,8,8,"D,P",4.645887851715088,4.690944194793701,0.04505634307861328,0.009604962499579421
skewed_topk2_chunks8,skewed,2,8,9,"P,D",4.646912097930908,4.690944194793701,0.04403209686279297,0.00938661707203051
skewed_topk2_chunks8,skewed,2,8,10,"D,P",4.648960113525391,4.689919948577881,0.040959835052490234,0.008733589379262312
skewed_topk2_chunks8,skewed,2,8,11,"P,D",4.646912097930908,4.689919948577881,0.043007850646972656,0.009170273931863992
skewed_topk2_chunks8,skewed,2,8,12,"D,P",4.646912097930908,4.691967964172363,0.04505586624145508,0.009602765105281932
skewed_topk2_chunks8,skewed,2,8,13,"P,D",4.64793586730957,4.690944194793701,0.04300832748413086,0.009168373295053083
skewed_topk2_chunks8,skewed,2,8,14,"D,P",4.655104160308838,4.692992210388184,0.0378880500793457,0.00807332473202886
skewed_topk2_chunks8,skewed,2,8,15,"P,D",4.649983882904053,4.690944194793701,0.04096031188964844,0.008731784090526747
skewed_topk2_chunks8,skewed,2,8,16,"D,P",4.644864082336426,4.692992210388184,0.04812812805175781,0.010255318119903052
skewed_topk2_chunks8,skewed,2,8,17,"P,D",4.646912097930908,4.689919948577881,0.043007850646972656,0.009170273931863992
skewed_topk2_chunks8,skewed,2,8,18,"D,P",4.64793586730957,4.692992210388184,0.04505634307861328,0.009600770906646449
skewed_topk2_chunks8,skewed,2,8,19,"P,D",4.645887851715088,4.692992210388184,0.0471043586730957,0.010037169584221286
skewed_topk2_chunks8,skewed,2,8,20,"D,P",4.645887851715088,4.689919948577881,0.04403209686279297,0.009388667044550467
skewed_topk2_chunks8,skewed,2,8,21,"P,D",4.649983882904053,4.695040225982666,0.04505634307861328,0.009596582970528872
skewed_topk2_chunks8,skewed,2,8,22,"D,P",4.64793586730957,4.690944194793701,0.04300832748413086,0.009168373295053083
skewed_topk2_chunks8,skewed,2,8,23,"P,D",4.64793586730957,4.694015979766846,0.04608011245727539,0.009816777926598413
skewed_topk2_chunks8,skewed,2,8,24,"D,P",4.646912097930908,4.694015979766846,0.0471038818359375,0.010034878883875716
skewed_topk2_chunks8,skewed,2,8,25,"P,D",4.645887851715088,4.691967964172363,0.04608011245727539,0.009821062890697648
skewed_topk2_chunks8,skewed,2,8,26,"D,P",4.64793586730957,4.690944194793701,0.04300832748413086,0.009168373295053083
skewed_topk2_chunks8,skewed,2,8,27,"P,D",4.64793586730957,4.689919948577881,0.04198408126831055,0.008951982491948788
skewed_topk2_chunks8,skewed,2,8,28,"D,P",4.64793586730957,4.691967964172363,0.04403209686279297,0.009384568948257937
skewed_topk2_chunks8,skewed,2,8,29,"P,D",4.645887851715088,4.692992210388184,0.0471043586730957,0.010037169584221286
skewed_topk2_chunks8,skewed,2,8,30,"D,P",4.646912097930908,4.689919948577881,0.043007850646972656,0.009170273931863992
skewed_topk2_chunks8,skewed,2,8,31,"P,D",4.645887851715088,4.691967964172363,0.04608011245727539,0.009821062890697648
skewed_topk2_chunks8,skewed,2,8,32,"D,P",4.6438398361206055,4.692992210388184,0.049152374267578125,0.010473568261796126
skewed_topk2_chunks8,skewed,2,8,33,"P,D",4.64793586730957,4.694015979766846,0.04608011245727539,0.009816777926598413
skewed_topk2_chunks8,skewed,2,8,34,"D,P",4.645887851715088,4.689919948577881,0.04403209686279297,0.009388667044550467
skewed_topk2_chunks8,skewed,2,8,35,"P,D",4.646912097930908,4.689919948577881,0.043007850646972656,0.009170273931863992
skewed_topk2_chunks8,skewed,2,8,36,"D,P",4.64793586730957,4.692992210388184,0.04505634307861328,0.009600770906646449
skewed_topk2_chunks8,skewed,2,8,37,"P,D",4.64793586730957,4.691967964172363,0.04403209686279297,0.009384568948257937
skewed_topk2_chunks8,skewed,2,8,38,"D,P",4.64793586730957,4.690944194793701,0.04300832748413086,0.009168373295053083
skewed_topk2_chunks8,skewed,2,8,39,"P,D",4.649983882904053,4.692992210388184,0.04300832748413086,0.00916437222907161
skewed_topk2_chunks8,skewed,2,8,40,"D,P",4.646912097930908,4.692992210388184,0.04608011245727539,0.009818919442328213
skewed_topk2_chunks8,skewed,2,8,41,"P,D",4.64793586730957,4.694015979766846,0.04608011245727539,0.009816777926598413
skewed_topk2_chunks8,skewed,2,8,42,"D,P",4.64793586730957,4.692992210388184,0.04505634307861328,0.009600770906646449
skewed_topk2_chunks8,skewed,2,8,43,"P,D",4.645887851715088,4.691967964172363,0.04608011245727539,0.009821062890697648
skewed_topk2_chunks8,skewed,2,8,44,"D,P",4.646912097930908,4.691967964172363,0.04505586624145508,0.009602765105281932
skewed_topk2_chunks8,skewed,2,8,45,"P,D",4.646912097930908,4.690944194793701,0.04403209686279297,0.00938661707203051
skewed_topk2_chunks8,skewed,2,8,46,"D,P",4.646912097930908,4.690944194793701,0.04403209686279297,0.00938661707203051
skewed_topk2_chunks8,skewed,2,8,47,"P,D",4.64793586730957,4.689919948577881,0.04198408126831055,0.008951982491948788
skewed_topk2_chunks8,skewed,2,8,48,"D,P",4.645887851715088,4.691967964172363,0.04608011245727539,0.009821062890697648
skewed_topk2_chunks8,skewed,2,8,49,"P,D",4.645887851715088,4.689919948577881,0.04403209686279297,0.009388667044550467
skewed_topk2_chunks8,skewed,2,8,50,"D,P",4.64793586730957,4.690944194793701,0.04300832748413086,0.009168373295053083
skewed_topk2_chunks8,skewed,2,8,51,"P,D",4.64793586730957,4.691967964172363,0.04403209686279297,0.009384568948257937
skewed_topk2_chunks8,skewed,2,8,52,"D,P",4.646912097930908,4.690944194793701,0.04403209686279297,0.00938661707203051
skewed_topk2_chunks8,skewed,2,8,53,"P,D",4.648960113525391,4.690944194793701,0.04198408126831055,0.008950027867504172
skewed_topk2_chunks8,skewed,2,8,54,"D,P",4.645887851715088,4.690944194793701,0.04505634307861328,0.009604962499579421
skewed_topk2_chunks8,skewed,2,8,55,"P,D",4.649983882904053,4.691967964172363,0.04198408126831055,0.008948075005818226
skewed_topk2_chunks8,skewed,2,8,56,"D,P",4.646912097930908,4.692992210388184,0.04608011245727539,0.009818919442328213
skewed_topk2_chunks8,skewed,2,8,57,"P,D",4.646912097930908,4.691967964172363,0.04505586624145508,0.009602765105281932
skewed_topk2_chunks8,skewed,2,8,58,"D,P",4.64793586730957,4.690944194793701,0.04300832748413086,0.009168373295053083
skewed_topk2_chunks8,skewed,2,8,59,"P,D",4.646912097930908,4.691967964172363,0.04505586624145508,0.009602765105281932
skewed_topk2_chunks8,skewed,2,8,60,"D,P",4.648960113525391,4.691967964172363,0.043007850646972656,0.00916627116284222
skewed_topk2_chunks8,skewed,2,8,61,"P,D",4.645887851715088,4.692992210388184,0.0471043586730957,0.010037169584221286
skewed_topk2_chunks8,skewed,2,8,62,"D,P",4.645887851715088,4.692992210388184,0.0471043586730957,0.010037169584221286
skewed_topk2_chunks8,skewed,2,8,63,"P,D",4.646912097930908,4.692992210388184,0.04608011245727539,0.009818919442328213
skewed_topk2_chunks8,skewed,2,8,64,"D,P",4.646912097930908,4.689919948577881,0.043007850646972656,0.009170273931863992
skewed_topk2_chunks8,skewed,2,8,65,"P,D",4.646912097930908,4.690944194793701,0.04403209686279297,0.00938661707203051
skewed_topk2_chunks8,skewed,2,8,66,"D,P",4.646912097930908,4.691967964172363,0.04505586624145508,0.009602765105281932
skewed_topk2_chunks8,skewed,2,8,67,"P,D",4.646912097930908,4.691967964172363,0.04505586624145508,0.009602765105281932
skewed_topk2_chunks8,skewed,2,8,68,"D,P",4.645887851715088,4.690944194793701,0.04505634307861328,0.009604962499579421
skewed_topk2_chunks8,skewed,2,8,69,"P,D",4.645887851715088,4.691967964172363,0.04608011245727539,0.009821062890697648
skewed_topk2_chunks8,skewed,2,8,70,"D,P",4.646912097930908,4.690944194793701,0.04403209686279297,0.00938661707203051
skewed_topk2_chunks8,skewed,2,8,71,"P,D",4.64793586730957,4.689919948577881,0.04198408126831055,0.008951982491948788
skewed_topk2_chunks8,skewed,2,8,72,"D,P",4.644864082336426,4.692992210388184,0.04812812805175781,0.010255318119903052
skewed_topk2_chunks8,skewed,2,8,73,"P,D",4.646912097930908,4.690944194793701,0.04403209686279297,0.00938661707203051
skewed_topk2_chunks8,skewed,2,8,74,"D,P",4.64793586730957,4.692992210388184,0.04505634307861328,0.009600770906646449
skewed_topk2_chunks8,skewed,2,8,75,"P,D",4.644864082336426,4.689919948577881,0.04505586624145508,0.009606958484465671
skewed_topk2_chunks8,skewed,2,8,76,"D,P",4.646912097930908,4.690944194793701,0.04403209686279297,0.00938661707203051
skewed_topk2_chunks8,skewed,2,8,77,"P,D",4.64793586730957,4.691967964172363,0.04403209686279297,0.009384568948257937
skewed_topk2_chunks8,skewed,2,8,78,"D,P",4.645887851715088,4.691967964172363,0.04608011245727539,0.009821062890697648
skewed_topk2_chunks8,skewed,2,8,79,"P,D",4.646912097930908,4.691967964172363,0.04505586624145508,0.009602765105281932
skewed_topk2_chunks8,skewed,2,8,80,"D,P",4.646912097930908,4.692992210388184,0.04608011245727539,0.009818919442328213
skewed_topk2_chunks8,skewed,2,8,81,"P,D",4.645887851715088,4.691967964172363,0.04608011245727539,0.009821062890697648
skewed_topk2_chunks8,skewed,2,8,82,"D,P",4.646912097930908,4.689919948577881,0.043007850646972656,0.009170273931863992
skewed_topk2_chunks8,skewed,2,8,83,"P,D",4.64793586730957,4.689919948577881,0.04198408126831055,0.008951982491948788
skewed_topk2_chunks8,skewed,2,8,84,"D,P",4.646912097930908,4.691967964172363,0.04505586624145508,0.009602765105281932
skewed_topk2_chunks8,skewed,2,8,85,"P,D",4.64793586730957,4.692992210388184,0.04505634307861328,0.009600770906646449
skewed_topk2_chunks8,skewed,2,8,86,"D,P",4.64793586730957,4.692992210388184,0.04505634307861328,0.009600770906646449
skewed_topk2_chunks8,skewed,2,8,87,"P,D",4.646912097930908,4.692992210388184,0.04608011245727539,0.009818919442328213
skewed_topk2_chunks8,skewed,2,8,88,"D,P",4.646912097930908,4.690944194793701,0.04403209686279297,0.00938661707203051
skewed_topk2_chunks8,skewed,2,8,89,"P,D",4.645887851715088,4.689919948577881,0.04403209686279297,0.009388667044550467
skewed_topk2_chunks8,skewed,2,8,90,"D,P",4.64793586730957,4.694015979766846,0.04608011245727539,0.009816777926598413
skewed_topk2_chunks8,skewed,2,8,91,"P,D",4.64793586730957,4.689919948577881,0.04198408126831055,0.008951982491948788
skewed_topk2_chunks8,skewed,2,8,92,"D,P",4.645887851715088,4.690944194793701,0.04505634307861328,0.009604962499579421
skewed_topk2_chunks8,skewed,2,8,93,"P,D",4.645887851715088,4.689919948577881,0.04403209686279297,0.009388667044550467
skewed_topk2_chunks8,skewed,2,8,94,"D,P",4.646912097930908,4.689919948577881,0.043007850646972656,0.009170273931863992
skewed_topk2_chunks8,skewed,2,8,95,"P,D",4.645887851715088,4.691967964172363,0.04608011245727539,0.009821062890697648
skewed_topk2_chunks8,skewed,2,8,96,"D,P",4.645887851715088,4.692992210388184,0.0471043586730957,0.010037169584221286
skewed_topk2_chunks8,skewed,2,8,97,"P,D",4.646912097930908,4.691967964172363,0.04505586624145508,0.009602765105281932
skewed_topk2_chunks8,skewed,2,8,98,"D,P",4.645887851715088,4.689919948577881,0.04403209686279297,0.009388667044550467
skewed_topk2_chunks8,skewed,2,8,99,"P,D",4.646912097930908,4.689919948577881,0.043007850646972656,0.009170273931863992
skewed_topk2_chunks16,skewed,2,16,0,"D,P",9.878527641296387,9.988096237182617,0.10956859588623047,0.010969917918726113
skewed_topk2_chunks16,skewed,2,16,1,"P,D",9.881600379943848,9.987071990966797,0.10547161102294922,0.010560814132345015
skewed_topk2_chunks16,skewed,2,16,2,"D,P",9.879551887512207,9.987071990966797,0.10752010345458984,0.010765928547610416
skewed_topk2_chunks16,skewed,2,16,3,"P,D",9.882623672485352,9.990143775939941,0.10752010345458984,0.010762618223126985
skewed_topk2_chunks16,skewed,2,16,4,"D,P",9.881600379943848,9.987071990966797,0.10547161102294922,0.010560814132345015
skewed_topk2_chunks16,skewed,2,16,5,"P,D",9.885696411132812,9.990143775939941,0.1044473648071289,0.010455041203578852
skewed_topk2_chunks16,skewed,2,16,6,"D,P",9.883647918701172,9.991168022155762,0.10752010345458984,0.010761514891568262
skewed_topk2_chunks16,skewed,2,16,7,"P,D",9.883647918701172,9.989119529724121,0.10547161102294922,0.010558649409400163
skewed_topk2_chunks16,skewed,2,16,8,"D,P",9.883647918701172,9.989119529724121,0.10547161102294922,0.010558649409400163
skewed_topk2_chunks16,skewed,2,16,9,"P,D",9.879551887512207,9.992192268371582,0.112640380859375,0.011272839616579145
skewed_topk2_chunks16,skewed,2,16,10,"D,P",9.880576133728027,9.987071990966797,0.10649585723876953,0.010663371339977716
skewed_topk2_chunks16,skewed,2,16,11,"P,D",9.880576133728027,9.990143775939941,0.10956764221191406,0.010967574107971752
skewed_topk2_chunks16,skewed,2,16,12,"D,P",9.881600379943848,9.989119529724121,0.10751914978027344,0.010763626309639614
skewed_topk2_chunks16,skewed,2,16,13,"P,D",9.880576133728027,9.987071990966797,0.10649585723876953,0.010663371339977716
skewed_topk2_chunks16,skewed,2,16,14,"D,P",9.879551887512207,9.989119529724121,0.10956764221191406,0.01096869868118798
skewed_topk2_chunks16,skewed,2,16,15,"P,D",9.885696411132812,9.990143775939941,0.1044473648071289,0.010455041203578852
skewed_topk2_chunks16,skewed,2,16,16,"D,P",9.881600379943848,9.989119529724121,0.10751914978027344,0.010763626309639614
skewed_topk2_chunks16,skewed,2,16,17,"P,D",9.880576133728027,9.990143775939941,0.10956764221191406,0.010967574107971752
skewed_topk2_chunks16,skewed,2,16,18,"D,P",9.882623672485352,9.987071990966797,0.10444831848144531,0.010458352415594655
skewed_topk2_chunks16,skewed,2,16,19,"P,D",9.881600379943848,9.988096237182617,0.10649585723876953,0.010662277846534772
skewed_topk2_chunks16,skewed,2,16,20,"D,P",9.880576133728027,9.990143775939941,0.10956764221191406,0.010967574107971752
skewed_topk2_chunks16,skewed,2,16,21,"P,D",9.880576133728027,9.988096237182617,0.10752010345458984,0.01076482453726522
skewed_topk2_chunks16,skewed,2,16,22,"D,P",9.881600379943848,9.989119529724121,0.10751914978027344,0.010763626309639614
skewed_topk2_chunks16,skewed,2,16,23,"P,D",9.882623672485352,9.984000205993652,0.10137653350830078,0.010153899380675277
skewed_topk2_chunks16,skewed,2,16,24,"D,P",9.880576133728027,9.990143775939941,0.10956764221191406,0.010967574107971752
skewed_topk2_chunks16,skewed,2,16,25,"P,D",9.881600379943848,9.988096237182617,0.10649585723876953,0.010662277846534772
skewed_topk2_chunks16,skewed,2,16,26,"D,P",9.879551887512207,9.988096237182617,0.10854434967041016,0.010867371227995666
skewed_topk2_chunks16,skewed,2,16,27,"P,D",9.883647918701172,9.994239807128906,0.11059188842773438,0.011065562820380697
skewed_topk2_chunks16,skewed,2,16,28,"D,P",9.880576133728027,9.987071990966797,0.10649585723876953,0.010663371339977716
skewed_topk2_chunks16,skewed,2,16,29,"P,D",9.882623672485352,9.987071990966797,0.10444831848144531,0.010458352415594655
skewed_topk2_chunks16,skewed,2,16,30,"D,P",9.880576133728027,9.990143775939941,0.10956764221191406,0.010967574107971752
skewed_topk2_chunks16,skewed,2,16,31,"P,D",9.880576133728027,9.988096237182617,0.10752010345458984,0.01076482453726522
skewed_topk2_chunks16,skewed,2,16,32,"D,P",9.881600379943848,9.990143775939941,0.10854339599609375,0.010865048434789042
skewed_topk2_chunks16,skewed,2,16,33,"P,D",9.880576133728027,9.989119529724121,0.10854339599609375,0.010866162495413797
skewed_topk2_chunks16,skewed,2,16,34,"D,P",9.879551887512207,9.987071990966797,0.10752010345458984,0.010765928547610416
skewed_topk2_chunks16,skewed,2,16,35,"P,D",9.879551887512207,9.988096237182617,0.10854434967041016,0.010867371227995666
skewed_topk2_chunks16,skewed,2,16,36,"D,P",9.880576133728027,9.986047744750977,0.10547161102294922,0.01056189733104259
skewed_topk2_chunks16,skewed,2,16,37,"P,D",9.880576133728027,9.990143775939941,0.10956764221191406,0.010967574107971752
skewed_topk2_chunks16,skewed,2,16,38,"D,P",9.879551887512207,9.987071990966797,0.10752010345458984,0.010765928547610416
skewed_topk2_chunks16,skewed,2,16,39,"P,D",9.883647918701172,9.989119529724121,0.10547161102294922,0.010558649409400163
skewed_topk2_chunks16,skewed,2,16,40,"D,P",9.881600379943848,9.990143775939941,0.10854339599609375,0.010865048434789042
skewed_topk2_chunks16,skewed,2,16,41,"P,D",9.881600379943848,9.990143775939941,0.10854339599609375,0.010865048434789042
skewed_topk2_chunks16,skewed,2,16,42,"D,P",9.879551887512207,9.989119529724121,0.10956764221191406,0.01096869868118798
skewed_topk2_chunks16,skewed,2,16,43,"P,D",9.881600379943848,9.990143775939941,0.10854339599609375,0.010865048434789042
skewed_topk2_chunks16,skewed,2,16,44,"D,P",9.880576133728027,9.989119529724121,0.10854339599609375,0.010866162495413797
skewed_topk2_chunks16,skewed,2,16,45,"P,D",9.879551887512207,9.989119529724121,0.10956764221191406,0.01096869868118798
skewed_topk2_chunks16,skewed,2,16,46,"D,P",9.881600379943848,9.989119529724121,0.10751914978027344,0.010763626309639614
skewed_topk2_chunks16,skewed,2,16,47,"P,D",9.882623672485352,9.989119529724121,0.10649585723876953,0.010661185595174346
skewed_topk2_chunks16,skewed,2,16,48,"D,P",9.883647918701172,9.989119529724121,0.10547161102294922,0.010558649409400163
skewed_topk2_chunks16,skewed,2,16,49,"P,D",9.885696411132812,9.993215560913086,0.10751914978027344,0.010759214501568236
skewed_topk2_chunks16,skewed,2,16,50,"D,P",9.880576133728027,9.990143775939941,0.10956764221191406,0.010967574107971752
skewed_topk2_chunks16,skewed,2,16,51,"P,D",9.878527641296387,9.989119529724121,0.11059188842773438,0.011071234866962163
skewed_topk2_chunks16,skewed,2,16,52,"D,P",9.888768196105957,9.990143775939941,0.10137557983398438,0.010147559645551373
skewed_topk2_chunks16,skewed,2,16,53,"P,D",9.883647918701172,9.991168022155762,0.10752010345458984,0.010761514891568262
skewed_topk2_chunks16,skewed,2,16,54,"D,P",9.888768196105957,9.993215560913086,0.1044473648071289,0.010451827459387405
skewed_topk2_chunks16,skewed,2,16,55,"P,D",9.884672164916992,9.996288299560547,0.11161613464355469,0.011165757859190746
skewed_topk2_chunks16,skewed,2,16,56,"D,P",9.882623672485352,9.993215560913086,0.11059188842773438,0.011066696975926087
skewed_topk2_chunks16,skewed,2,16,57,"P,D",9.886719703674316,9.990143775939941,0.103424072265625,0.010352610991916795
skewed_topk2_chunks16,skewed,2,16,58,"D,P",9.880576133728027,9.989119529724121,0.10854339599609375,0.010866162495413797
skewed_topk2_chunks16,skewed,2,16,59,"P,D",9.884672164916992,9.988096237182617,0.103424072265625,0.010354733255433495
skewed_topk2_chunks16,skewed,2,16,60,"D,P",9.882623672485352,9.990143775939941,0.10752010345458984,0.010762618223126985
skewed_topk2_chunks16,skewed,2,16,61,"P,D",9.882623672485352,9.989119529724121,0.10649585723876953,0.010661185595174346
skewed_topk2_chunks16,skewed,2,16,62,"D,P",9.880576133728027,9.990143775939941,0.10956764221191406,0.010967574107971752
skewed_topk2_chunks16,skewed,2,16,63,"P,D",9.880576133728027,9.989119529724121,0.10854339599609375,0.010866162495413797
skewed_topk2_chunks16,skewed,2,16,64,"D,P",9.879551887512207,9.992192268371582,0.112640380859375,0.011272839616579145
skewed_topk2_chunks16,skewed,2,16,65,"P,D",9.881600379943848,9.989119529724121,0.10751914978027344,0.010763626309639614
skewed_topk2_chunks16,skewed,2,16,66,"D,P",9.881600379943848,10.001407623291016,0.11980724334716797,0.01197903813740818
skewed_topk2_chunks16,skewed,2,16,67,"P,D",9.887743949890137,10.000384330749512,0.112640380859375,0.011263605190954975
skewed_topk2_chunks16,skewed,2,16,68,"D,P",9.882623672485352,9.990143775939941,0.10752010345458984,0.010762618223126985
skewed_topk2_chunks16,skewed,2,16,69,"P,D",9.881600379943848,9.990143775939941,0.10854339599609375,0.010865048434789042
skewed_topk2_chunks16,skewed,2,16,70,"D,P",9.884672164916992,9.989119529724121,0.1044473648071289,0.01045611322362598
skewed_topk2_chunks16,skewed,2,16,71,"P,D",9.882623672485352,9.989119529724121,0.10649585723876953,0.010661185595174346
skewed_topk2_chunks16,skewed,2,16,72,"D,P",9.880576133728027,9.991168022155762,0.11059188842773438,0.011068964928073778
skewed_topk2_chunks16,skewed,2,16,73,"P,D",9.881600379943848,9.989119529724121,0.10751914978027344,0.010763626309639614
skewed_topk2_chunks16,skewed,2,16,74,"D,P",9.882623672485352,9.991168022155762,0.10854434967041016,0.0108640300543149
skewed_topk2_chunks16,skewed,2,16,75,"P,D",9.880576133728027,9.987071990966797,0.10649585723876953,0.010663371339977716
skewed_topk2_chunks16,skewed,2,16,76,"D,P",9.880576133728027,9.990143775939941,0.10956764221191406,0.010967574107971752
skewed_topk2_chunks16,skewed,2,16,77,"P,D",9.880576133728027,9.990143775939941,0.10956764221191406,0.010967574107971752
skewed_topk2_chunks16,skewed,2,16,78,"D,P",9.880576133728027,9.989119529724121,0.10854339599609375,0.010866162495413797
skewed_topk2_chunks16,skewed,2,16,79,"P,D",9.881600379943848,9.991168022155762,0.10956764221191406,0.010966449765327138
skewed_topk2_chunks16,skewed,2,16,80,"D,P",9.881600379943848,9.990143775939941,0.10854339599609375,0.010865048434789042
skewed_topk2_chunks16,skewed,2,16,81,"P,D",9.880576133728027,9.987071990966797,0.10649585723876953,0.010663371339977716
skewed_topk2_chunks16,skewed,2,16,82,"D,P",9.882623672485352,9.992192268371582,0.10956859588623047,0.010965421095133387
skewed_topk2_chunks16,skewed,2,16,83,"P,D",9.887743949890137,9.998335838317871,0.11059188842773438,0.01106102957693212
skewed_topk2_chunks16,skewed,2,16,84,"D,P",9.880576133728027,9.991168022155762,0.11059188842773438,0.011068964928073778
skewed_topk2_chunks16,skewed,2,16,85,"P,D",9.884672164916992,9.990143775939941,0.10547161102294922,0.010557566876761564
skewed_topk2_chunks16,skewed,2,16,86,"D,P",9.885696411132812,9.996288299560547,0.11059188842773438,0.011063295206541429
skewed_topk2_chunks16,skewed,2,16,87,"P,D",9.880576133728027,9.988096237182617,0.10752010345458984,0.01076482453726522
skewed_topk2_chunks16,skewed,2,16,88,"D,P",9.883647918701172,9.990143775939941,0.10649585723876953,0.010660092549944274
skewed_topk2_chunks16,skewed,2,16,89,"P,D",9.884672164916992,9.993215560913086,0.10854339599609375,0.010861708659687521
skewed_topk2_chunks16,skewed,2,16,90,"D,P",9.883647918701172,9.999360084533691,0.11571216583251953,0.011571957090683732
skewed_topk2_chunks16,skewed,2,16,91,"P,D",9.881600379943848,9.994239807128906,0.1126394271850586,0.011270434706270779
skewed_topk2_chunks16,skewed,2,16,92,"D,P",9.883647918701172,9.989119529724121,0.10547161102294922,0.010558649409400163
skewed_topk2_chunks16,skewed,2,16,93,"P,D",9.882623672485352,9.994239807128906,0.11161613464355469,0.01116804647452413
skewed_topk2_chunks16,skewed,2,16,94,"D,P",9.885696411132812,9.993215560913086,0.10751914978027344,0.010759214501568236
skewed_topk2_chunks16,skewed,2,16,95,"P,D",9.884672164916992,10.000384330749512,0.11571216583251953,0.011570771882908934
skewed_topk2_chunks16,skewed,2,16,96,"D,P",9.890815734863281,9.99731159210205,0.10649585723876953,0.010652449536823684
skewed_topk2_chunks16,skewed,2,16,97,"P,D",9.888768196105957,10.000384330749512,0.11161613464355469,0.011161184505714817
skewed_topk2_chunks16,skewed,2,16,98,"D,P",9.882623672485352,9.991168022155762,0.10854434967041016,0.0108640300543149
skewed_topk2_chunks16,skewed,2,16,99,"P,D",9.884672164916992,9.989119529724121,0.1044473648071289,0.01045611322362598
all_to_one_like_topk3_chunks2,all_to_one_like,3,2,0,"D,P",0.7475200295448303,0.7454720139503479,-0.002048015594482422,-0.0027472736147796284
all_to_one_like_topk3_chunks2,all_to_one_like,3,2,1,"P,D",0.7444480061531067,0.7434239983558655,-0.001024007797241211,-0.0013774209596487015
all_to_one_like_topk3_chunks2,all_to_one_like,3,2,2,"D,P",0.7444480061531067,0.7464960217475891,0.002048015594482422,0.002743505035281906
all_to_one_like_topk3_chunks2,all_to_one_like,3,2,3,"P,D",0.7464960217475891,0.7434239983558655,-0.003072023391723633,-0.0041322628789461045
all_to_one_like_topk3_chunks2,all_to_one_like,3,2,4,"D,P",0.7454720139503479,0.7423999905586243,-0.003072023391723633,-0.004137962595355189
all_to_one_like_topk3_chunks2,all_to_one_like,3,2,5,"P,D",0.7444480061531067,0.7434239983558655,-0.001024007797241211,-0.0013774209596487015
all_to_one_like_topk3_chunks2,all_to_one_like,3,2,6,"D,P",0.7454720139503479,0.7434239983558655,-0.002048015594482422,-0.002754841919297403
all_to_one_like_topk3_chunks2,all_to_one_like,3,2,7,"P,D",0.7464960217475891,0.7434239983558655,-0.003072023391723633,-0.0041322628789461045
all_to_one_like_topk3_chunks2,all_to_one_like,3,2,8,"D,P",0.7444480061531067,0.7454720139503479,0.001024007797241211,0.0013736368073898142
all_to_one_like_topk3_chunks2,all_to_one_like,3,2,9,"P,D",0.7464960217475891,0.7444480061531067,-0.002048015594482422,-0.0027510525618376328
all_to_one_like_topk3_chunks2,all_to_one_like,3,2,10,"D,P",0.7444480061531067,0.7444480061531067,0.0,0.0
all_to_one_like_topk3_chunks2,all_to_one_like,3,2,11,"P,D",0.7434239983558655,0.7444480061531067,0.001024007797241211,0.0013755262809188164
all_to_one_like_topk3_chunks2,all_to_one_like,3,2,12,"D,P",0.7464960217475891,0.7434239983558655,-0.003072023391723633,-0.0041322628789461045
all_to_one_like_topk3_chunks2,all_to_one_like,3,2,13,"P,D",0.7454720139503479,0.7434239983558655,-0.002048015594482422,-0.002754841919297403
all_to_one_like_topk3_chunks2,all_to_one_like,3,2,14,"D,P",0.7444480061531067,0.7434239983558655,-0.001024007797241211,-0.0013774209596487015
all_to_one_like_topk3_chunks2,all_to_one_like,3,2,15,"P,D",0.7454720139503479,0.7444480061531067,-0.001024007797241211,-0.0013755262809188164
all_to_one_like_topk3_chunks2,all_to_one_like,3,2,16,"D,P",0.7444480061531067,0.7444480061531067,0.0,0.0
all_to_one_like_topk3_chunks2,all_to_one_like,3,2,17,"P,D",0.7464960217475891,0.7444480061531067,-0.002048015594482422,-0.0027510525618376328
all_to_one_like_topk3_chunks2,all_to_one_like,3,2,18,"D,P",0.7444480061531067,0.7475200295448303,0.003072023391723633,0.0041096201711065955
all_to_one_like_topk3_chunks2,all_to_one_like,3,2,19,"P,D",0.7434239983558655,0.7434239983558655,0.0,0.0
all_to_one_like_topk3_chunks2,all_to_one_like,3,2,20,"D,P",0.7444480061531067,0.7434239983558655,-0.001024007797241211,-0.0013774209596487015
all_to_one_like_topk3_chunks2,all_to_one_like,3,2,21,"P,D",0.7444480061531067,0.7464960217475891,0.002048015594482422,0.002743505035281906
all_to_one_like_topk3_chunks2,all_to_one_like,3,2,22,"D,P",0.7454720139503479,0.7434239983558655,-0.002048015594482422,-0.002754841919297403
all_to_one_like_topk3_chunks2,all_to_one_like,3,2,23,"P,D",0.7444480061531067,0.7444480061531067,0.0,0.0
all_to_one_like_topk3_chunks2,all_to_one_like,3,2,24,"D,P",0.7454720139503479,0.7434239983558655,-0.002048015594482422,-0.002754841919297403
all_to_one_like_topk3_chunks2,all_to_one_like,3,2,25,"P,D",0.7454720139503479,0.7434239983558655,-0.002048015594482422,-0.002754841919297403
all_to_one_like_topk3_chunks2,all_to_one_like,3,2,26,"D,P",0.7444480061531067,0.7444480061531067,0.0,0.0
all_to_one_like_topk3_chunks2,all_to_one_like,3,2,27,"P,D",0.7464960217475891,0.7434239983558655,-0.003072023391723633,-0.0041322628789461045
all_to_one_like_topk3_chunks2,all_to_one_like,3,2,28,"D,P",0.7434239983558655,0.7444480061531067,0.001024007797241211,0.0013755262809188164
all_to_one_like_topk3_chunks2,all_to_one_like,3,2,29,"P,D",0.7444480061531067,0.7454720139503479,0.001024007797241211,0.0013736368073898142
all_to_one_like_topk3_chunks2,all_to_one_like,3,2,30,"D,P",0.7464960217475891,0.7444480061531067,-0.002048015594482422,-0.0027510525618376328
all_to_one_like_topk3_chunks2,all_to_one_like,3,2,31,"P,D",0.7444480061531067,0.7444480061531067,0.0,0.0
all_to_one_like_topk3_chunks2,all_to_one_like,3,2,32,"D,P",0.7444480061531067,0.7434239983558655,-0.001024007797241211,-0.0013774209596487015
all_to_one_like_topk3_chunks2,all_to_one_like,3,2,33,"P,D",0.7444480061531067,0.7434239983558655,-0.001024007797241211,-0.0013774209596487015
all_to_one_like_topk3_chunks2,all_to_one_like,3,2,34,"D,P",0.7444480061531067,0.7434239983558655,-0.001024007797241211,-0.0013774209596487015
all_to_one_like_topk3_chunks2,all_to_one_like,3,2,35,"P,D",0.7444480061531067,0.7444480061531067,0.0,0.0
all_to_one_like_topk3_chunks2,all_to_one_like,3,2,36,"D,P",0.7444480061531067,0.7444480061531067,0.0,0.0
all_to_one_like_topk3_chunks2,all_to_one_like,3,2,37,"P,D",0.7444480061531067,0.7434239983558655,-0.001024007797241211,-0.0013774209596487015
all_to_one_like_topk3_chunks2,all_to_one_like,3,2,38,"D,P",0.7444480061531067,0.7454720139503479,0.001024007797241211,0.0013736368073898142
all_to_one_like_topk3_chunks2,all_to_one_like,3,2,39,"P,D",0.7444480061531067,0.7464960217475891,0.002048015594482422,0.002743505035281906
all_to_one_like_topk3_chunks2,all_to_one_like,3,2,40,"D,P",0.7434239983558655,0.7444480061531067,0.001024007797241211,0.0013755262809188164
all_to_one_like_topk3_chunks2,all_to_one_like,3,2,41,"P,D",0.7444480061531067,0.7434239983558655,-0.001024007797241211,-0.0013774209596487015
all_to_one_like_topk3_chunks2,all_to_one_like,3,2,42,"D,P",0.7434239983558655,0.7434239983558655,0.0,0.0
all_to_one_like_topk3_chunks2,all_to_one_like,3,2,43,"P,D",0.7454720139503479,0.7444480061531067,-0.001024007797241211,-0.0013755262809188164
all_to_one_like_topk3_chunks2,all_to_one_like,3,2,44,"D,P",0.7444480061531067,0.7454720139503479,0.001024007797241211,0.0013736368073898142
all_to_one_like_topk3_chunks2,all_to_one_like,3,2,45,"P,D",0.7444480061531067,0.7434239983558655,-0.001024007797241211,-0.0013774209596487015
all_to_one_like_topk3_chunks2,all_to_one_like,3,2,46,"D,P",0.7444480061531067,0.7444480061531067,0.0,0.0
all_to_one_like_topk3_chunks2,all_to_one_like,3,2,47,"P,D",0.7464960217475891,0.7444480061531067,-0.002048015594482422,-0.0027510525618376328
all_to_one_like_topk3_chunks2,all_to_one_like,3,2,48,"D,P",0.7444480061531067,0.7444480061531067,0.0,0.0
all_to_one_like_topk3_chunks2,all_to_one_like,3,2,49,"P,D",0.7444480061531067,0.7444480061531067,0.0,0.0
all_to_one_like_topk3_chunks2,all_to_one_like,3,2,50,"D,P",0.7464960217475891,0.7444480061531067,-0.002048015594482422,-0.0027510525618376328
all_to_one_like_topk3_chunks2,all_to_one_like,3,2,51,"P,D",0.7464960217475891,0.7444480061531067,-0.002048015594482422,-0.0027510525618376328
all_to_one_like_topk3_chunks2,all_to_one_like,3,2,52,"D,P",0.7454720139503479,0.7434239983558655,-0.002048015594482422,-0.002754841919297403
all_to_one_like_topk3_chunks2,all_to_one_like,3,2,53,"P,D",0.7485439777374268,0.7444480061531067,-0.004095971584320068,-0.005502025058117587
all_to_one_like_topk3_chunks2,all_to_one_like,3,2,54,"D,P",0.7444480061531067,0.7444480061531067,0.0,0.0
all_to_one_like_topk3_chunks2,all_to_one_like,3,2,55,"P,D",0.7444480061531067,0.7434239983558655,-0.001024007797241211,-0.0013774209596487015
all_to_one_like_topk3_chunks2,all_to_one_like,3,2,56,"D,P",0.7434239983558655,0.7444480061531067,0.001024007797241211,0.0013755262809188164
all_to_one_like_topk3_chunks2,all_to_one_like,3,2,57,"P,D",0.7434239983558655,0.7454720139503479,0.002048015594482422,0.0027472736147796284
all_to_one_like_topk3_chunks2,all_to_one_like,3,2,58,"D,P",0.7454720139503479,0.7434239983558655,-0.002048015594482422,-0.002754841919297403
all_to_one_like_topk3_chunks2,all_to_one_like,3,2,59,"P,D",0.7444480061531067,0.7434239983558655,-0.001024007797241211,-0.0013774209596487015
all_to_one_like_topk3_chunks2,all_to_one_like,3,2,60,"D,P",0.7454720139503479,0.7444480061531067,-0.001024007797241211,-0.0013755262809188164
all_to_one_like_topk3_chunks2,all_to_one_like,3,2,61,"P,D",0.7434239983558655,0.7434239983558655,0.0,0.0
all_to_one_like_topk3_chunks2,all_to_one_like,3,2,62,"D,P",0.7434239983558655,0.7434239983558655,0.0,0.0
all_to_one_like_topk3_chunks2,all_to_one_like,3,2,63,"P,D",0.7444480061531067,0.7434239983558655,-0.001024007797241211,-0.0013774209596487015
all_to_one_like_topk3_chunks2,all_to_one_like,3,2,64,"D,P",0.7454720139503479,0.7434239983558655,-0.002048015594482422,-0.002754841919297403
all_to_one_like_topk3_chunks2,all_to_one_like,3,2,65,"P,D",0.7444480061531067,0.7434239983558655,-0.001024007797241211,-0.0013774209596487015
all_to_one_like_topk3_chunks2,all_to_one_like,3,2,66,"D,P",0.7444480061531067,0.7434239983558655,-0.001024007797241211,-0.0013774209596487015
all_to_one_like_topk3_chunks2,all_to_one_like,3,2,67,"P,D",0.7444480061531067,0.7434239983558655,-0.001024007797241211,-0.0013774209596487015
all_to_one_like_topk3_chunks2,all_to_one_like,3,2,68,"D,P",0.7454720139503479,0.7444480061531067,-0.001024007797241211,-0.0013755262809188164
all_to_one_like_topk3_chunks2,all_to_one_like,3,2,69,"P,D",0.7444480061531067,0.7444480061531067,0.0,0.0
all_to_one_like_topk3_chunks2,all_to_one_like,3,2,70,"D,P",0.7444480061531067,0.7434239983558655,-0.001024007797241211,-0.0013774209596487015
all_to_one_like_topk3_chunks2,all_to_one_like,3,2,71,"P,D",0.7444480061531067,0.7454720139503479,0.001024007797241211,0.0013736368073898142
all_to_one_like_topk3_chunks2,all_to_one_like,3,2,72,"D,P",0.7454720139503479,0.7454720139503479,0.0,0.0
all_to_one_like_topk3_chunks2,all_to_one_like,3,2,73,"P,D",0.7454720139503479,0.7434239983558655,-0.002048015594482422,-0.002754841919297403
all_to_one_like_topk3_chunks2,all_to_one_like,3,2,74,"D,P",0.7444480061531067,0.7434239983558655,-0.001024007797241211,-0.0013774209596487015
all_to_one_like_topk3_chunks2,all_to_one_like,3,2,75,"P,D",0.7454720139503479,0.7454720139503479,0.0,0.0
all_to_one_like_topk3_chunks2,all_to_one_like,3,2,76,"D,P",0.7464960217475891,0.7434239983558655,-0.003072023391723633,-0.0041322628789461045
all_to_one_like_topk3_chunks2,all_to_one_like,3,2,77,"P,D",0.7434239983558655,0.7444480061531067,0.001024007797241211,0.0013755262809188164
all_to_one_like_topk3_chunks2,all_to_one_like,3,2,78,"D,P",0.7454720139503479,0.7434239983558655,-0.002048015594482422,-0.002754841919297403
all_to_one_like_topk3_chunks2,all_to_one_like,3,2,79,"P,D",0.7444480061531067,0.7444480061531067,0.0,0.0
all_to_one_like_topk3_chunks2,all_to_one_like,3,2,80,"D,P",0.7454720139503479,0.7454720139503479,0.0,0.0
all_to_one_like_topk3_chunks2,all_to_one_like,3,2,81,"P,D",0.7444480061531067,0.7434239983558655,-0.001024007797241211,-0.0013774209596487015
all_to_one_like_topk3_chunks2,all_to_one_like,3,2,82,"D,P",0.7454720139503479,0.7444480061531067,-0.001024007797241211,-0.0013755262809188164
all_to_one_like_topk3_chunks2,all_to_one_like,3,2,83,"P,D",0.7464960217475891,0.7475200295448303,0.001024007797241211,0.001369873390368865
all_to_one_like_topk3_chunks2,all_to_one_like,3,2,84,"D,P",0.7444480061531067,0.7423999905586243,-0.002048015594482422,-0.002758641730236793
all_to_one_like_topk3_chunks2,all_to_one_like,3,2,85,"P,D",0.7444480061531067,0.7434239983558655,-0.001024007797241211,-0.0013774209596487015
all_to_one_like_topk3_chunks2,all_to_one_like,3,2,86,"D,P",0.7444480061531067,0.7434239983558655,-0.001024007797241211,-0.0013774209596487015
all_to_one_like_topk3_chunks2,all_to_one_like,3,2,87,"P,D",0.7444480061531067,0.7434239983558655,-0.001024007797241211,-0.0013774209596487015
all_to_one_like_topk3_chunks2,all_to_one_like,3,2,88,"D,P",0.7444480061531067,0.7444480061531067,0.0,0.0
all_to_one_like_topk3_chunks2,all_to_one_like,3,2,89,"P,D",0.7444480061531067,0.7434239983558655,-0.001024007797241211,-0.0013774209596487015
all_to_one_like_topk3_chunks2,all_to_one_like,3,2,90,"D,P",0.7454720139503479,0.7444480061531067,-0.001024007797241211,-0.0013755262809188164
all_to_one_like_topk3_chunks2,all_to_one_like,3,2,91,"P,D",0.7444480061531067,0.7464960217475891,0.002048015594482422,0.002743505035281906
all_to_one_like_topk3_chunks2,all_to_one_like,3,2,92,"D,P",0.7444480061531067,0.7434239983558655,-0.001024007797241211,-0.0013774209596487015
all_to_one_like_topk3_chunks2,all_to_one_like,3,2,93,"P,D",0.7434239983558655,0.7434239983558655,0.0,0.0
all_to_one_like_topk3_chunks2,all_to_one_like,3,2,94,"D,P",0.7434239983558655,0.7434239983558655,0.0,0.0
all_to_one_like_topk3_chunks2,all_to_one_like,3,2,95,"P,D",0.7444480061531067,0.7444480061531067,0.0,0.0
all_to_one_like_topk3_chunks2,all_to_one_like,3,2,96,"D,P",0.7444480061531067,0.7454720139503479,0.001024007797241211,0.0013736368073898142
all_to_one_like_topk3_chunks2,all_to_one_like,3,2,97,"P,D",0.7444480061531067,0.7454720139503479,0.001024007797241211,0.0013736368073898142
all_to_one_like_topk3_chunks2,all_to_one_like,3,2,98,"D,P",0.7444480061531067,0.7434239983558655,-0.001024007797241211,-0.0013774209596487015
all_to_one_like_topk3_chunks2,all_to_one_like,3,2,99,"P,D",0.7444480061531067,0.7434239983558655,-0.001024007797241211,-0.0013774209596487015
all_to_one_like_topk3_chunks4,all_to_one_like,3,4,0,"D,P",2.041856050491333,2.046976089477539,0.005120038986206055,0.0025012695617333126
all_to_one_like_topk3_chunks4,all_to_one_like,3,4,1,"P,D",2.042880058288574,2.0500481128692627,0.0071680545806884766,0.003496529928098133
all_to_one_like_topk3_chunks4,all_to_one_like,3,4,2,"D,P",2.042880058288574,2.0490241050720215,0.006144046783447266,0.0029985234279278072
all_to_one_like_topk3_chunks4,all_to_one_like,3,4,3,"P,D",2.040832042694092,2.0480000972747803,0.0071680545806884766,0.0035000264844844576
all_to_one_like_topk3_chunks4,all_to_one_like,3,4,4,"D,P",2.040832042694092,2.046976089477539,0.006144046783447266,0.0030015234740799752
all_to_one_like_topk3_chunks4,all_to_one_like,3,4,5,"P,D",2.0387840270996094,2.0490241050720215,0.01024007797241211,0.004997539046546345
all_to_one_like_topk3_chunks4,all_to_one_like,3,4,6,"D,P",2.0398080348968506,2.0490241050720215,0.009216070175170898,0.004497785141891711
all_to_one_like_topk3_chunks4,all_to_one_like,3,4,7,"P,D",2.0398080348968506,2.046976089477539,0.0071680545806884766,0.003501777386426638
all_to_one_like_topk3_chunks4,all_to_one_like,3,4,8,"D,P",2.040832042694092,2.0480000972747803,0.0071680545806884766,0.0035000264844844576
all_to_one_like_topk3_chunks4,all_to_one_like,3,4,9,"P,D",2.0398080348968506,2.046976089477539,0.0071680545806884766,0.003501777386426638
all_to_one_like_topk3_chunks4,all_to_one_like,3,4,10,"D,P",2.040832042694092,2.046976089477539,0.006144046783447266,0.0030015234740799752
all_to_one_like_topk3_chunks4,all_to_one_like,3,4,11,"P,D",2.040832042694092,2.046976089477539,0.006144046783447266,0.0030015234740799752
all_to_one_like_topk3_chunks4,all_to_one_like,3,4,12,"D,P",2.0398080348968506,2.0480000972747803,0.008192062377929688,0.004000030267982237
all_to_one_like_topk3_chunks4,all_to_one_like,3,4,13,"P,D",2.0398080348968506,2.0500481128692627,0.01024007797241211,0.0049950427544259044
all_to_one_like_topk3_chunks4,all_to_one_like,3,4,14,"D,P",2.0398080348968506,2.046976089477539,0.0071680545806884766,0.003501777386426638
all_to_one_like_topk3_chunks4,all_to_one_like,3,4,15,"P,D",2.040832042694092,2.046976089477539,0.006144046783447266,0.0030015234740799752
all_to_one_like_topk3_chunks4,all_to_one_like,3,4,16,"D,P",2.041856050491333,2.0490241050720215,0.0071680545806884766,0.0034982773325824418
all_to_one_like_topk3_chunks4,all_to_one_like,3,4,17,"P,D",2.042880058288574,2.046976089477539,0.004096031188964844,0.0020010156493866504
all_to_one_like_topk3_chunks4,all_to_one_like,3,4,18,"D,P",2.041856050491333,2.046976089477539,0.005120038986206055,0.0025012695617333126
all_to_one_like_topk3_chunks4,all_to_one_like,3,4,19,"P,D",2.040832042694092,2.046976089477539,0.006144046783447266,0.0030015234740799752
all_to_one_like_topk3_chunks4,all_to_one_like,3,4,20,"D,P",2.041856050491333,2.0480000972747803,0.006144046783447266,0.003000022700986678
all_to_one_like_topk3_chunks4,all_to_one_like,3,4,21,"P,D",2.041856050491333,2.0490241050720215,0.0071680545806884766,0.0034982773325824418
all_to_one_like_topk3_chunks4,all_to_one_like,3,4,22,"D,P",2.042880058288574,2.046976089477539,0.004096031188964844,0.0020010156493866504
all_to_one_like_topk3_chunks4,all_to_one_like,3,4,23,"P,D",2.0398080348968506,2.0480000972747803,0.008192062377929688,0.004000030267982237
all_to_one_like_topk3_chunks4,all_to_one_like,3,4,24,"D,P",2.0398080348968506,2.046976089477539,0.0071680545806884766,0.003501777386426638
all_to_one_like_topk3_chunks4,all_to_one_like,3,4,25,"P,D",2.0398080348968506,2.045952081680298,0.006144046783447266,0.0030030257494600204
all_to_one_like_topk3_chunks4,all_to_one_like,3,4,26,"D,P",2.0398080348968506,2.046976089477539,0.0071680545806884766,0.003501777386426638
all_to_one_like_topk3_chunks4,all_to_one_like,3,4,27,"P,D",2.0398080348968506,2.046976089477539,0.0071680545806884766,0.003501777386426638
all_to_one_like_topk3_chunks4,all_to_one_like,3,4,28,"D,P",2.0387840270996094,2.046976089477539,0.008192062377929688,0.004002031298773301
all_to_one_like_topk3_chunks4,all_to_one_like,3,4,29,"P,D",2.040832042694092,2.046976089477539,0.006144046783447266,0.0030015234740799752
all_to_one_like_topk3_chunks4,all_to_one_like,3,4,30,"D,P",2.040832042694092,2.046976089477539,0.006144046783447266,0.0030015234740799752
all_to_one_like_topk3_chunks4,all_to_one_like,3,4,31,"P,D",2.040832042694092,2.0480000972747803,0.0071680545806884766,0.0035000264844844576
all_to_one_like_topk3_chunks4,all_to_one_like,3,4,32,"D,P",2.0398080348968506,2.046976089477539,0.0071680545806884766,0.003501777386426638
all_to_one_like_topk3_chunks4,all_to_one_like,3,4,33,"P,D",2.042880058288574,2.0480000972747803,0.005120038986206055,0.0025000189174888983
all_to_one_like_topk3_chunks4,all_to_one_like,3,4,34,"D,P",2.040832042694092,2.0500481128692627,0.009216070175170898,0.004495538478983314
all_to_one_like_topk3_chunks4,all_to_one_like,3,4,35,"P,D",2.041856050491333,2.0480000972747803,0.006144046783447266,0.003000022700986678
all_to_one_like_topk3_chunks4,all_to_one_like,3,4,36,"D,P",2.041856050491333,2.0490241050720215,0.0071680545806884766,0.0034982773325824418
all_to_one_like_topk3_chunks4,all_to_one_like,3,4,37,"P,D",2.0398080348968506,2.0480000972747803,0.008192062377929688,0.004000030267982237
all_to_one_like_topk3_chunks4,all_to_one_like,3,4,38,"D,P",2.040832042694092,2.0490241050720215,0.008192062377929688,0.003998031237237076
all_to_one_like_topk3_chunks4,all_to_one_like,3,4,39,"P,D",2.040832042694092,2.0480000972747803,0.0071680545806884766,0.0035000264844844576
all_to_one_like_topk3_chunks4,all_to_one_like,3,4,40,"D,P",2.040832042694092,2.0490241050720215,0.008192062377929688,0.003998031237237076
all_to_one_like_topk3_chunks4,all_to_one_like,3,4,41,"P,D",2.0387840270996094,2.045952081680298,0.0071680545806884766,0.0035035300410366905
all_to_one_like_topk3_chunks4,all_to_one_like,3,4,42,"D,P",2.040832042694092,2.046976089477539,0.006144046783447266,0.0030015234740799752
all_to_one_like_topk3_chunks4,all_to_one_like,3,4,43,"P,D",2.040832042694092,2.0480000972747803,0.0071680545806884766,0.0035000264844844576
all_to_one_like_topk3_chunks4,all_to_one_like,3,4,44,"D,P",2.040832042694092,2.0490241050720215,0.008192062377929688,0.003998031237237076
all_to_one_like_topk3_chunks4,all_to_one_like,3,4,45,"P,D",2.040832042694092,2.0490241050720215,0.008192062377929688,0.003998031237237076
all_to_one_like_topk3_chunks4,all_to_one_like,3,4,46,"D,P",2.040832042694092,2.045952081680298,0.005120038986206055,0.0025025214578833503
all_to_one_like_topk3_chunks4,all_to_one_like,3,4,47,"P,D",2.041856050491333,2.046976089477539,0.005120038986206055,0.0025012695617333126
all_to_one_like_topk3_chunks4,all_to_one_like,3,4,48,"D,P",2.042880058288574,2.0480000972747803,0.005120038986206055,0.0025000189174888983
all_to_one_like_topk3_chunks4,all_to_one_like,3,4,49,"P,D",2.0398080348968506,2.046976089477539,0.0071680545806884766,0.003501777386426638
all_to_one_like_topk3_chunks4,all_to_one_like,3,4,50,"D,P",2.040832042694092,2.0490241050720215,0.008192062377929688,0.003998031237237076
all_to_one_like_topk3_chunks4,all_to_one_like,3,4,51,"P,D",2.0387840270996094,2.0480000972747803,0.009216070175170898,0.004500034051480017
all_to_one_like_topk3_chunks4,all_to_one_like,3,4,52,"D,P",2.0387840270996094,2.0480000972747803,0.009216070175170898,0.004500034051480017
all_to_one_like_topk3_chunks4,all_to_one_like,3,4,53,"P,D",2.040832042694092,2.0480000972747803,0.0071680545806884766,0.0035000264844844576
all_to_one_like_topk3_chunks4,all_to_one_like,3,4,54,"D,P",2.0439040660858154,2.0480000972747803,0.004096031188964844,0.0020000151339911185
all_to_one_like_topk3_chunks4,all_to_one_like,3,4,55,"P,D",2.040832042694092,2.0490241050720215,0.008192062377929688,0.003998031237237076
all_to_one_like_topk3_chunks4,all_to_one_like,3,4,56,"D,P",2.0398080348968506,2.0490241050720215,0.009216070175170898,0.004497785141891711
all_to_one_like_topk3_chunks4,all_to_one_like,3,4,57,"P,D",2.040832042694092,2.045952081680298,0.005120038986206055,0.0025025214578833503
all_to_one_like_topk3_chunks4,all_to_one_like,3,4,58,"D,P",2.040832042694092,2.046976089477539,0.006144046783447266,0.0030015234740799752
all_to_one_like_topk3_chunks4,all_to_one_like,3,4,59,"P,D",2.040832042694092,2.046976089477539,0.006144046783447266,0.0030015234740799752
all_to_one_like_topk3_chunks4,all_to_one_like,3,4,60,"D,P",2.040832042694092,2.0480000972747803,0.0071680545806884766,0.0035000264844844576
all_to_one_like_topk3_chunks4,all_to_one_like,3,4,61,"P,D",2.040832042694092,2.0490241050720215,0.008192062377929688,0.003998031237237076
all_to_one_like_topk3_chunks4,all_to_one_like,3,4,62,"D,P",2.041856050491333,2.046976089477539,0.005120038986206055,0.0025012695617333126
all_to_one_like_topk3_chunks4,all_to_one_like,3,4,63,"P,D",2.041856050491333,2.0480000972747803,0.006144046783447266,0.003000022700986678
all_to_one_like_topk3_chunks4,all_to_one_like,3,4,64,"D,P",2.041856050491333,2.0480000972747803,0.006144046783447266,0.003000022700986678
all_to_one_like_topk3_chunks4,all_to_one_like,3,4,65,"P,D",2.040832042694092,2.046976089477539,0.006144046783447266,0.0030015234740799752
all_to_one_like_topk3_chunks4,all_to_one_like,3,4,66,"D,P",2.0387840270996094,2.0480000972747803,0.009216070175170898,0.004500034051480017
all_to_one_like_topk3_chunks4,all_to_one_like,3,4,67,"P,D",2.041856050491333,2.0480000972747803,0.006144046783447266,0.003000022700986678
all_to_one_like_topk3_chunks4,all_to_one_like,3,4,68,"D,P",2.0398080348968506,2.046976089477539,0.0071680545806884766,0.003501777386426638
all_to_one_like_topk3_chunks4,all_to_one_like,3,4,69,"P,D",2.040832042694092,2.0480000972747803,0.0071680545806884766,0.0035000264844844576
all_to_one_like_topk3_chunks4,all_to_one_like,3,4,70,"D,P",2.0398080348968506,2.0480000972747803,0.008192062377929688,0.004000030267982237
all_to_one_like_topk3_chunks4,all_to_one_like,3,4,71,"P,D",2.0398080348968506,2.045952081680298,0.006144046783447266,0.0030030257494600204
all_to_one_like_topk3_chunks4,all_to_one_like,3,4,72,"D,P",2.040832042694092,2.045952081680298,0.005120038986206055,0.0025025214578833503
all_to_one_like_topk3_chunks4,all_to_one_like,3,4,73,"P,D",2.0398080348968506,2.046976089477539,0.0071680545806884766,0.003501777386426638
all_to_one_like_topk3_chunks4,all_to_one_like,3,4,74,"D,P",2.040832042694092,2.046976089477539,0.006144046783447266,0.0030015234740799752
all_to_one_like_topk3_chunks4,all_to_one_like,3,4,75,"P,D",2.040832042694092,2.0480000972747803,0.0071680545806884766,0.0035000264844844576
all_to_one_like_topk3_chunks4,all_to_one_like,3,4,76,"D,P",2.041856050491333,2.0480000972747803,0.006144046783447266,0.003000022700986678
all_to_one_like_topk3_chunks4,all_to_one_like,3,4,77,"P,D",2.0398080348968506,2.0480000972747803,0.008192062377929688,0.004000030267982237
all_to_one_like_topk3_chunks4,all_to_one_like,3,4,78,"D,P",2.040832042694092,2.0480000972747803,0.0071680545806884766,0.0035000264844844576
all_to_one_like_topk3_chunks4,all_to_one_like,3,4,79,"P,D",2.040832042694092,2.0480000972747803,0.0071680545806884766,0.0035000264844844576
all_to_one_like_topk3_chunks4,all_to_one_like,3,4,80,"D,P",2.040832042694092,2.0480000972747803,0.0071680545806884766,0.0035000264844844576
all_to_one_like_topk3_chunks4,all_to_one_like,3,4,81,"P,D",2.040832042694092,2.0480000972747803,0.0071680545806884766,0.0035000264844844576
all_to_one_like_topk3_chunks4,all_to_one_like,3,4,82,"D,P",2.040832042694092,2.046976089477539,0.006144046783447266,0.0030015234740799752
all_to_one_like_topk3_chunks4,all_to_one_like,3,4,83,"P,D",2.0398080348968506,2.0480000972747803,0.008192062377929688,0.004000030267982237
all_to_one_like_topk3_chunks4,all_to_one_like,3,4,84,"D,P",2.040832042694092,2.046976089477539,0.006144046783447266,0.0030015234740799752
all_to_one_like_topk3_chunks4,all_to_one_like,3,4,85,"P,D",2.0398080348968506,2.0490241050720215,0.009216070175170898,0.004497785141891711
all_to_one_like_topk3_chunks4,all_to_one_like,3,4,86,"D,P",2.0398080348968506,2.045952081680298,0.006144046783447266,0.0030030257494600204
all_to_one_like_topk3_chunks4,all_to_one_like,3,4,87,"P,D",2.0398080348968506,2.046976089477539,0.0071680545806884766,0.003501777386426638
all_to_one_like_topk3_chunks4,all_to_one_like,3,4,88,"D,P",2.040832042694092,2.0480000972747803,0.0071680545806884766,0.0035000264844844576
all_to_one_like_topk3_chunks4,all_to_one_like,3,4,89,"P,D",2.0480000972747803,2.0480000972747803,0.0,0.0
all_to_one_like_topk3_chunks4,all_to_one_like,3,4,90,"D,P",2.040832042694092,2.046976089477539,0.006144046783447266,0.0030015234740799752
all_to_one_like_topk3_chunks4,all_to_one_like,3,4,91,"P,D",2.040832042694092,2.046976089477539,0.006144046783447266,0.0030015234740799752
all_to_one_like_topk3_chunks4,all_to_one_like,3,4,92,"D,P",2.0398080348968506,2.0480000972747803,0.008192062377929688,0.004000030267982237
all_to_one_like_topk3_chunks4,all_to_one_like,3,4,93,"P,D",2.040832042694092,2.046976089477539,0.006144046783447266,0.0030015234740799752
all_to_one_like_topk3_chunks4,all_to_one_like,3,4,94,"D,P",2.0387840270996094,2.045952081680298,0.0071680545806884766,0.0035035300410366905
all_to_one_like_topk3_chunks4,all_to_one_like,3,4,95,"P,D",2.0398080348968506,2.046976089477539,0.0071680545806884766,0.003501777386426638
all_to_one_like_topk3_chunks4,all_to_one_like,3,4,96,"D,P",2.040832042694092,2.0480000972747803,0.0071680545806884766,0.0035000264844844576
all_to_one_like_topk3_chunks4,all_to_one_like,3,4,97,"P,D",2.040832042694092,2.046976089477539,0.006144046783447266,0.0030015234740799752
all_to_one_like_topk3_chunks4,all_to_one_like,3,4,98,"D,P",2.040832042694092,2.0480000972747803,0.0071680545806884766,0.0035000264844844576
all_to_one_like_topk3_chunks4,all_to_one_like,3,4,99,"P,D",2.040832042694092,2.046976089477539,0.006144046783447266,0.0030015234740799752
all_to_one_like_topk3_chunks8,all_to_one_like,3,8,0,"D,P",4.652031898498535,4.692992210388184,0.04096031188964844,0.008727973551496772
all_to_one_like_topk3_chunks8,all_to_one_like,3,8,1,"P,D",4.648960113525391,4.691967964172363,0.043007850646972656,0.00916627116284222
all_to_one_like_topk3_chunks8,all_to_one_like,3,8,2,"D,P",4.649983882904053,4.692992210388184,0.04300832748413086,0.00916437222907161
all_to_one_like_topk3_chunks8,all_to_one_like,3,8,3,"P,D",4.651008129119873,4.692992210388184,0.04198408126831055,0.008946122087178536
all_to_one_like_topk3_chunks8,all_to_one_like,3,8,4,"D,P",4.649983882904053,4.692992210388184,0.04300832748413086,0.00916437222907161
all_to_one_like_topk3_chunks8,all_to_one_like,3,8,5,"P,D",4.648960113525391,4.691967964172363,0.043007850646972656,0.00916627116284222
all_to_one_like_topk3_chunks8,all_to_one_like,3,8,6,"D,P",4.648960113525391,4.691967964172363,0.043007850646972656,0.00916627116284222
all_to_one_like_topk3_chunks8,all_to_one_like,3,8,7,"P,D",4.648960113525391,4.691967964172363,0.043007850646972656,0.00916627116284222
all_to_one_like_topk3_chunks8,all_to_one_like,3,8,8,"D,P",4.648960113525391,4.694015979766846,0.04505586624145508,0.009598575385270211
all_to_one_like_topk3_chunks8,all_to_one_like,3,8,9,"P,D",4.649983882904053,4.694015979766846,0.04403209686279297,0.009380474427992908
all_to_one_like_topk3_chunks8,all_to_one_like,3,8,10,"D,P",4.651008129119873,4.695040225982666,0.04403209686279297,0.009378428031162844
all_to_one_like_topk3_chunks8,all_to_one_like,3,8,11,"P,D",4.655104160308838,4.6981120109558105,0.043007850646972656,0.009154283794571108
all_to_one_like_topk3_chunks8,all_to_one_like,3,8,12,"D,P",4.652031898498535,4.699135780334473,0.0471038818359375,0.010023945686580004
all_to_one_like_topk3_chunks8,all_to_one_like,3,8,13,"P,D",4.649983882904053,4.695040225982666,0.04505634307861328,0.009596582970528872
all_to_one_like_topk3_chunks8,all_to_one_like,3,8,14,"D,P",4.649983882904053,4.6981120109558105,0.04812812805175781,0.010244142314939475
all_to_one_like_topk3_chunks8,all_to_one_like,3,8,15,"P,D",4.649983882904053,4.695040225982666,0.04505634307861328,0.009596582970528872
all_to_one_like_topk3_chunks8,all_to_one_like,3,8,16,"D,P",4.651008129119873,4.692992210388184,0.04198408126831055,0.008946122087178536
all_to_one_like_topk3_chunks8,all_to_one_like,3,8,17,"P,D",4.652031898498535,4.695040225982666,0.04300832748413086,0.00916037465368665
all_to_one_like_topk3_chunks8,all_to_one_like,3,8,18,"D,P",4.651008129119873,4.692992210388184,0.04198408126831055,0.008946122087178536
all_to_one_like_topk3_chunks8,all_to_one_like,3,8,19,"P,D",4.649983882904053,4.695040225982666,0.04505634307861328,0.009596582970528872
all_to_one_like_topk3_chunks8,all_to_one_like,3,8,20,"D,P",4.649983882904053,4.695040225982666,0.04505634307861328,0.009596582970528872
all_to_one_like_topk3_chunks8,all_to_one_like,3,8,21,"P,D",4.648960113525391,4.691967964172363,0.043007850646972656,0.00916627116284222
all_to_one_like_topk3_chunks8,all_to_one_like,3,8,22,"D,P",4.652031898498535,4.695040225982666,0.04300832748413086,0.00916037465368665
all_to_one_like_topk3_chunks8,all_to_one_like,3,8,23,"P,D",4.651008129119873,4.696063995361328,0.04505586624145508,0.009594389319643067
all_to_one_like_topk3_chunks8,all_to_one_like,3,8,24,"D,P",4.651008129119873,4.694015979766846,0.043007850646972656,0.009162271886664707
all_to_one_like_topk3_chunks8,all_to_one_like,3,8,25,"P,D",4.651008129119873,4.692992210388184,0.04198408126831055,0.008946122087178536
all_to_one_like_topk3_chunks8,all_to_one_like,3,8,26,"D,P",4.651008129119873,4.694015979766846,0.043007850646972656,0.009162271886664707
all_to_one_like_topk3_chunks8,all_to_one_like,3,8,27,"P,D",4.649983882904053,4.695040225982666,0.04505634307861328,0.009596582970528872
all_to_one_like_topk3_chunks8,all_to_one_like,3,8,28,"D,P",4.652031898498535,4.694015979766846,0.04198408126831055,0.008944170929387402
all_to_one_like_topk3_chunks8,all_to_one_like,3,8,29,"P,D",4.652031898498535,4.695040225982666,0.04300832748413086,0.00916037465368665
all_to_one_like_topk3_chunks8,all_to_one_like,3,8,30,"D,P",4.648960113525391,4.692992210388184,0.04403209686279297,0.009382520764753374
all_to_one_like_topk3_chunks8,all_to_one_like,3,8,31,"P,D",4.649983882904053,4.692992210388184,0.04300832748413086,0.00916437222907161
all_to_one_like_topk3_chunks8,all_to_one_like,3,8,32,"D,P",4.649983882904053,4.692992210388184,0.04300832748413086,0.00916437222907161
all_to_one_like_topk3_chunks8,all_to_one_like,3,8,33,"P,D",4.649983882904053,4.694015979766846,0.04403209686279297,0.009380474427992908
all_to_one_like_topk3_chunks8,all_to_one_like,3,8,34,"D,P",4.651008129119873,4.692992210388184,0.04198408126831055,0.008946122087178536
all_to_one_like_topk3_chunks8,all_to_one_like,3,8,35,"P,D",4.651008129119873,4.694015979766846,0.043007850646972656,0.009162271886664707
all_to_one_like_topk3_chunks8,all_to_one_like,3,8,36,"D,P",4.651008129119873,4.695040225982666,0.04403209686279297,0.009378428031162844
all_to_one_like_topk3_chunks8,all_to_one_like,3,8,37,"P,D",4.6530561447143555,4.692992210388184,0.039936065673828125,0.008509723409603697
all_to_one_like_topk3_chunks8,all_to_one_like,3,8,38,"D,P",4.649983882904053,4.694015979766846,0.04403209686279297,0.009380474427992908
all_to_one_like_topk3_chunks8,all_to_one_like,3,8,39,"P,D",4.652031898498535,4.692992210388184,0.04096031188964844,0.008727973551496772
all_to_one_like_topk3_chunks8,all_to_one_like,3,8,40,"D,P",4.649983882904053,4.694015979766846,0.04403209686279297,0.009380474427992908
all_to_one_like_topk3_chunks8,all_to_one_like,3,8,41,"P,D",4.649983882904053,4.694015979766846,0.04403209686279297,0.009380474427992908
all_to_one_like_topk3_chunks8,all_to_one_like,3,8,42,"D,P",4.649983882904053,4.695040225982666,0.04505634307861328,0.009596582970528872
all_to_one_like_topk3_chunks8,all_to_one_like,3,8,43,"P,D",4.649983882904053,4.696063995361328,0.04608011245727539,0.009812496699958165
all_to_one_like_topk3_chunks8,all_to_one_like,3,8,44,"D,P",4.6530561447143555,4.692992210388184,0.039936065673828125,0.008509723409603697
all_to_one_like_topk3_chunks8,all_to_one_like,3,8,45,"P,D",4.651008129119873,4.696063995361328,0.04505586624145508,0.009594389319643067
all_to_one_like_topk3_chunks8,all_to_one_like,3,8,46,"D,P",4.651008129119873,4.695040225982666,0.04403209686279297,0.009378428031162844
all_to_one_like_topk3_chunks8,all_to_one_like,3,8,47,"P,D",4.652031898498535,4.696063995361328,0.04403209686279297,0.00937638347907672
all_to_one_like_topk3_chunks8,all_to_one_like,3,8,48,"D,P",4.651008129119873,4.695040225982666,0.04403209686279297,0.009378428031162844
all_to_one_like_topk3_chunks8,all_to_one_like,3,8,49,"P,D",4.648960113525391,4.692992210388184,0.04403209686279297,0.009382520764753374
all_to_one_like_topk3_chunks8,all_to_one_like,3,8,50,"D,P",4.651008129119873,4.692992210388184,0.04198408126831055,0.008946122087178536
all_to_one_like_topk3_chunks8,all_to_one_like,3,8,51,"P,D",4.649983882904053,4.692992210388184,0.04300832748413086,0.00916437222907161
all_to_one_like_topk3_chunks8,all_to_one_like,3,8,52,"D,P",4.651008129119873,4.692992210388184,0.04198408126831055,0.008946122087178536
all_to_one_like_topk3_chunks8,all_to_one_like,3,8,53,"P,D",4.649983882904053,4.692992210388184,0.04300832748413086,0.00916437222907161
all_to_one_like_topk3_chunks8,all_to_one_like,3,8,54,"D,P",4.649983882904053,4.695040225982666,0.04505634307861328,0.009596582970528872
all_to_one_like_topk3_chunks8,all_to_one_like,3,8,55,"P,D",4.652031898498535,4.694015979766846,0.04198408126831055,0.008944170929387402
all_to_one_like_topk3_chunks8,all_to_one_like,3,8,56,"D,P",4.649983882904053,4.694015979766846,0.04403209686279297,0.009380474427992908
all_to_one_like_topk3_chunks8,all_to_one_like,3,8,57,"P,D",4.649983882904053,4.695040225982666,0.04505634307861328,0.009596582970528872
all_to_one_like_topk3_chunks8,all_to_one_like,3,8,58,"D,P",4.652031898498535,4.694015979766846,0.04198408126831055,0.008944170929387402
all_to_one_like_topk3_chunks8,all_to_one_like,3,8,59,"P,D",4.651008129119873,4.694015979766846,0.043007850646972656,0.009162271886664707
all_to_one_like_topk3_chunks8,all_to_one_like,3,8,60,"D,P",4.651008129119873,4.692992210388184,0.04198408126831055,0.008946122087178536
all_to_one_like_topk3_chunks8,all_to_one_like,3,8,61,"P,D",4.648960113525391,4.694015979766846,0.04505586624145508,0.009598575385270211
all_to_one_like_topk3_chunks8,all_to_one_like,3,8,62,"D,P",4.649983882904053,4.692992210388184,0.04300832748413086,0.00916437222907161
all_to_one_like_topk3_chunks8,all_to_one_like,3,8,63,"P,D",4.651008129119873,4.692992210388184,0.04198408126831055,0.008946122087178536
all_to_one_like_topk3_chunks8,all_to_one_like,3,8,64,"D,P",4.649983882904053,4.692992210388184,0.04300832748413086,0.00916437222907161
all_to_one_like_topk3_chunks8,all_to_one_like,3,8,65,"P,D",4.651008129119873,4.694015979766846,0.043007850646972656,0.009162271886664707
all_to_one_like_topk3_chunks8,all_to_one_like,3,8,66,"D,P",4.649983882904053,4.694015979766846,0.04403209686279297,0.009380474427992908
all_to_one_like_topk3_chunks8,all_to_one_like,3,8,67,"P,D",4.651008129119873,4.695040225982666,0.04403209686279297,0.009378428031162844
all_to_one_like_topk3_chunks8,all_to_one_like,3,8,68,"D,P",4.6530561447143555,4.692992210388184,0.039936065673828125,0.008509723409603697
all_to_one_like_topk3_chunks8,all_to_one_like,3,8,69,"P,D",4.649983882904053,4.695040225982666,0.04505634307861328,0.009596582970528872
all_to_one_like_topk3_chunks8,all_to_one_like,3,8,70,"D,P",4.649983882904053,4.696063995361328,0.04608011245727539,0.009812496699958165
all_to_one_like_topk3_chunks8,all_to_one_like,3,8,71,"P,D",4.649983882904053,4.694015979766846,0.04403209686279297,0.009380474427992908
all_to_one_like_topk3_chunks8,all_to_one_like,3,8,72,"D,P",4.649983882904053,4.694015979766846,0.04403209686279297,0.009380474427992908
all_to_one_like_topk3_chunks8,all_to_one_like,3,8,73,"P,D",4.648960113525391,4.695040225982666,0.04608011245727539,0.009814636348005066
all_to_one_like_topk3_chunks8,all_to_one_like,3,8,74,"D,P",4.649983882904053,4.696063995361328,0.04608011245727539,0.009812496699958165
all_to_one_like_topk3_chunks8,all_to_one_like,3,8,75,"P,D",4.651008129119873,4.696063995361328,0.04505586624145508,0.009594389319643067
all_to_one_like_topk3_chunks8,all_to_one_like,3,8,76,"D,P",4.651008129119873,4.69708776473999,0.04607963562011719,0.009810256467002156
all_to_one_like_topk3_chunks8,all_to_one_like,3,8,77,"P,D",4.652031898498535,4.695040225982666,0.04300832748413086,0.00916037465368665
all_to_one_like_topk3_chunks8,all_to_one_like,3,8,78,"D,P",4.652031898498535,4.692992210388184,0.04096031188964844,0.008727973551496772
all_to_one_like_topk3_chunks8,all_to_one_like,3,8,79,"P,D",4.651008129119873,4.691967964172363,0.040959835052490234,0.00872977722040251
all_to_one_like_topk3_chunks8,all_to_one_like,3,8,80,"D,P",4.649983882904053,4.695040225982666,0.04505634307861328,0.009596582970528872
all_to_one_like_topk3_chunks8,all_to_one_like,3,8,81,"P,D",4.651008129119873,4.696063995361328,0.04505586624145508,0.009594389319643067
all_to_one_like_topk3_chunks8,all_to_one_like,3,8,82,"D,P",4.651008129119873,4.699135780334473,0.04812765121459961,0.010241809018588096
all_to_one_like_topk3_chunks8,all_to_one_like,3,8,83,"P,D",4.651008129119873,4.695040225982666,0.04403209686279297,0.009378428031162844
all_to_one_like_topk3_chunks8,all_to_one_like,3,8,84,"D,P",4.649983882904053,4.694015979766846,0.04403209686279297,0.009380474427992908
all_to_one_like_topk3_chunks8,all_to_one_like,3,8,85,"P,D",4.6530561447143555,4.692992210388184,0.039936065673828125,0.008509723409603697
all_to_one_like_topk3_chunks8,all_to_one_like,3,8,86,"D,P",4.652031898498535,4.694015979766846,0.04198408126831055,0.008944170929387402
all_to_one_like_topk3_chunks8,all_to_one_like,3,8,87,"P,D",4.649983882904053,4.695040225982666,0.04505634307861328,0.009596582970528872
all_to_one_like_topk3_chunks8,all_to_one_like,3,8,88,"D,P",4.651008129119873,4.694015979766846,0.043007850646972656,0.009162271886664707
all_to_one_like_topk3_chunks8,all_to_one_like,3,8,89,"P,D",4.652031898498535,4.694015979766846,0.04198408126831055,0.008944170929387402
all_to_one_like_topk3_chunks8,all_to_one_like,3,8,90,"D,P",4.651008129119873,4.730879783630371,0.07987165451049805,0.016883044626681748
all_to_one_like_topk3_chunks8,all_to_one_like,3,8,91,"P,D",4.652031898498535,4.695040225982666,0.04300832748413086,0.00916037465368665
all_to_one_like_topk3_chunks8,all_to_one_like,3,8,92,"D,P",4.649983882904053,4.694015979766846,0.04403209686279297,0.009380474427992908
all_to_one_like_topk3_chunks8,all_to_one_like,3,8,93,"P,D",4.6530561447143555,4.692992210388184,0.039936065673828125,0.008509723409603697
all_to_one_like_topk3_chunks8,all_to_one_like,3,8,94,"D,P",4.649983882904053,4.694015979766846,0.04403209686279297,0.009380474427992908
all_to_one_like_topk3_chunks8,all_to_one_like,3,8,95,"P,D",4.652031898498535,4.696063995361328,0.04403209686279297,0.00937638347907672
all_to_one_like_topk3_chunks8,all_to_one_like,3,8,96,"D,P",4.648960113525391,4.695040225982666,0.04608011245727539,0.009814636348005066
all_to_one_like_topk3_chunks8,all_to_one_like,3,8,97,"P,D",4.652031898498535,4.695040225982666,0.04300832748413086,0.00916037465368665
all_to_one_like_topk3_chunks8,all_to_one_like,3,8,98,"D,P",4.649983882904053,4.694015979766846,0.04403209686279297,0.009380474427992908
all_to_one_like_topk3_chunks8,all_to_one_like,3,8,99,"P,D",4.649983882904053,4.694015979766846,0.04403209686279297,0.009380474427992908
all_to_one_like_topk3_chunks16,all_to_one_like,3,16,0,"D,P",9.884672164916992,9.989119529724121,0.1044473648071289,0.01045611322362598
all_to_one_like_topk3_chunks16,all_to_one_like,3,16,1,"P,D",9.885696411132812,9.990143775939941,0.1044473648071289,0.010455041203578852
all_to_one_like_topk3_chunks16,all_to_one_like,3,16,2,"D,P",9.882623672485352,9.990143775939941,0.10752010345458984,0.010762618223126985
all_to_one_like_topk3_chunks16,all_to_one_like,3,16,3,"P,D",9.884672164916992,9.992192268371582,0.10752010345458984,0.010760411786202777
all_to_one_like_topk3_chunks16,all_to_one_like,3,16,4,"D,P",9.881600379943848,9.988096237182617,0.10649585723876953,0.010662277846534772
all_to_one_like_topk3_chunks16,all_to_one_like,3,16,5,"P,D",9.882623672485352,9.991168022155762,0.10854434967041016,0.0108640300543149
all_to_one_like_topk3_chunks16,all_to_one_like,3,16,6,"D,P",9.882623672485352,9.992192268371582,0.10956859588623047,0.010965421095133387
all_to_one_like_topk3_chunks16,all_to_one_like,3,16,7,"P,D",9.884672164916992,9.991168022155762,0.10649585723876953,0.010658999728821622
all_to_one_like_topk3_chunks16,all_to_one_like,3,16,8,"D,P",9.890815734863281,9.989119529724121,0.09830379486083984,0.00984108705159871
all_to_one_like_topk3_chunks16,all_to_one_like,3,16,9,"P,D",9.885696411132812,9.988096237182617,0.10239982604980469,0.010252186564703046
all_to_one_like_topk3_chunks16,all_to_one_like,3,16,10,"D,P",9.885696411132812,9.991168022155762,0.10547161102294922,0.010556484566074983
all_to_one_like_topk3_chunks16,all_to_one_like,3,16,11,"P,D",9.882623672485352,9.989119529724121,0.10649585723876953,0.010661185595174346
all_to_one_like_topk3_chunks16,all_to_one_like,3,16,12,"D,P",9.884672164916992,9.990143775939941,0.10547161102294922,0.010557566876761564
all_to_one_like_topk3_chunks16,all_to_one_like,3,16,13,"P,D",9.883647918701172,9.989119529724121,0.10547161102294922,0.010558649409400163
all_to_one_like_topk3_chunks16,all_to_one_like,3,16,14,"D,P",9.886719703674316,9.992192268371582,0.10547256469726562,0.010555497919222324
all_to_one_like_topk3_chunks16,all_to_one_like,3,16,15,"P,D",9.886719703674316,9.992192268371582,0.10547256469726562,0.010555497919222324
all_to_one_like_topk3_chunks16,all_to_one_like,3,16,16,"D,P",9.882623672485352,9.993215560913086,0.11059188842773438,0.011066696975926087
all_to_one_like_topk3_chunks16,all_to_one_like,3,16,17,"P,D",9.883647918701172,9.991168022155762,0.10752010345458984,0.010761514891568262
all_to_one_like_topk3_chunks16,all_to_one_like,3,16,18,"D,P",9.884672164916992,9.992192268371582,0.10752010345458984,0.010760411786202777
all_to_one_like_topk3_chunks16,all_to_one_like,3,16,19,"P,D",9.882623672485352,9.988096237182617,0.10547256469726562,0.01055982663689439
all_to_one_like_topk3_chunks16,all_to_one_like,3,16,20,"D,P",9.883647918701172,9.990143775939941,0.10649585723876953,0.010660092549944274
all_to_one_like_topk3_chunks16,all_to_one_like,3,16,21,"P,D",9.883647918701172,9.991168022155762,0.10752010345458984,0.010761514891568262
all_to_one_like_topk3_chunks16,all_to_one_like,3,16,22,"D,P",9.883647918701172,9.993215560913086,0.10956764221191406,0.010964202817806804
all_to_one_like_topk3_chunks16,all_to_one_like,3,16,23,"P,D",9.883647918701172,9.989119529724121,0.10547161102294922,0.010558649409400163
all_to_one_like_topk3_chunks16,all_to_one_like,3,16,24,"D,P",9.884672164916992,9.991168022155762,0.10649585723876953,0.010658999728821622
all_to_one_like_topk3_chunks16,all_to_one_like,3,16,25,"P,D",9.886719703674316,9.988096237182617,0.10137653350830078,0.010149735355062665
all_to_one_like_topk3_chunks16,all_to_one_like,3,16,26,"D,P",9.883647918701172,9.991168022155762,0.10752010345458984,0.010761514891568262
all_to_one_like_topk3_chunks16,all_to_one_like,3,16,27,"P,D",9.887743949890137,9.993215560913086,0.10547161102294922,0.01055432161750669
all_to_one_like_topk3_chunks16,all_to_one_like,3,16,28,"D,P",9.926655769348145,9.989119529724121,0.06246376037597656,0.006253179791282534
all_to_one_like_topk3_chunks16,all_to_one_like,3,16,29,"P,D",9.885696411132812,9.990143775939941,0.1044473648071289,0.010455041203578852
all_to_one_like_topk3_chunks16,all_to_one_like,3,16,30,"D,P",9.885696411132812,9.987071990966797,0.10137557983398438,0.010150680792696551
all_to_one_like_topk3_chunks16,all_to_one_like,3,16,31,"P,D",9.883647918701172,9.989119529724121,0.10547161102294922,0.010558649409400163
all_to_one_like_topk3_chunks16,all_to_one_like,3,16,32,"D,P",9.882623672485352,9.992192268371582,0.10956859588623047,0.010965421095133387
all_to_one_like_topk3_chunks16,all_to_one_like,3,16,33,"P,D",9.885696411132812,9.988096237182617,0.10239982604980469,0.010252186564703046
all_to_one_like_topk3_chunks16,all_to_one_like,3,16,34,"D,P",9.885696411132812,9.992192268371582,0.10649585723876953,0.010657907131737475
all_to_one_like_topk3_chunks16,all_to_one_like,3,16,35,"P,D",9.883647918701172,9.991168022155762,0.10752010345458984,0.010761514891568262
all_to_one_like_topk3_chunks16,all_to_one_like,3,16,36,"D,P",9.884672164916992,9.989119529724121,0.1044473648071289,0.01045611322362598
all_to_one_like_topk3_chunks16,all_to_one_like,3,16,37,"P,D",9.882623672485352,9.992192268371582,0.10956859588623047,0.010965421095133387
all_to_one_like_topk3_chunks16,all_to_one_like,3,16,38,"D,P",9.886719703674316,9.993215560913086,0.10649585723876953,0.010656815775625973
all_to_one_like_topk3_chunks16,all_to_one_like,3,16,39,"P,D",9.885696411132812,9.996288299560547,0.11059188842773438,0.011063295206541429
all_to_one_like_topk3_chunks16,all_to_one_like,3,16,40,"D,P",9.886719703674316,9.995264053344727,0.10854434967041016,0.010859578005254182
all_to_one_like_topk3_chunks16,all_to_one_like,3,16,41,"P,D",9.884672164916992,9.988096237182617,0.103424072265625,0.010354733255433495
all_to_one_like_topk3_chunks16,all_to_one_like,3,16,42,"D,P",9.882623672485352,9.993215560913086,0.11059188842773438,0.011066696975926087
all_to_one_like_topk3_chunks16,all_to_one_like,3,16,43,"P,D",9.884672164916992,9.992192268371582,0.10752010345458984,0.010760411786202777
all_to_one_like_topk3_chunks16,all_to_one_like,3,16,44,"D,P",9.883647918701172,9.992192268371582,0.10854434967041016,0.010862916440668082
all_to_one_like_topk3_chunks16,all_to_one_like,3,16,45,"P,D",9.884672164916992,9.99731159210205,0.1126394271850586,0.011266971740087062
all_to_one_like_topk3_chunks16,all_to_one_like,3,16,46,"D,P",9.882623672485352,9.996288299560547,0.11366462707519531,0.011370683164489383
all_to_one_like_topk3_chunks16,all_to_one_like,3,16,47,"P,D",9.882623672485352,9.989119529724121,0.10649585723876953,0.010661185595174346
all_to_one_like_topk3_chunks16,all_to_one_like,3,16,48,"D,P",9.884672164916992,9.988096237182617,0.103424072265625,0.010354733255433495
all_to_one_like_topk3_chunks16,all_to_one_like,3,16,49,"P,D",9.884672164916992,9.992192268371582,0.10752010345458984,0.010760411786202777
all_to_one_like_topk3_chunks16,all_to_one_like,3,16,50,"D,P",9.885696411132812,9.990143775939941,0.1044473648071289,0.010455041203578852
all_to_one_like_topk3_chunks16,all_to_one_like,3,16,51,"P,D",9.886719703674316,9.990143775939941,0.103424072265625,0.010352610991916795
all_to_one_like_topk3_chunks16,all_to_one_like,3,16,52,"D,P",9.884672164916992,9.989119529724121,0.1044473648071289,0.01045611322362598
all_to_one_like_topk3_chunks16,all_to_one_like,3,16,53,"P,D",9.885696411132812,9.994239807128906,0.10854339599609375,0.010860595512093835
all_to_one_like_topk3_chunks16,all_to_one_like,3,16,54,"D,P",9.888768196105957,9.993215560913086,0.1044473648071289,0.010451827459387405
all_to_one_like_topk3_chunks16,all_to_one_like,3,16,55,"P,D",9.883647918701172,9.996288299560547,0.112640380859375,0.011268220511840066
all_to_one_like_topk3_chunks16,all_to_one_like,3,16,56,"D,P",9.882623672485352,9.991168022155762,0.10854434967041016,0.0108640300543149
all_to_one_like_topk3_chunks16,all_to_one_like,3,16,57,"P,D",9.884672164916992,9.989119529724121,0.1044473648071289,0.01045611322362598
all_to_one_like_topk3_chunks16,all_to_one_like,3,16,58,"D,P",9.892864227294922,9.994239807128906,0.10137557983398438,0.010143400777883378
all_to_one_like_topk3_chunks16,all_to_one_like,3,16,59,"P,D",9.882623672485352,9.991168022155762,0.10854434967041016,0.0108640300543149
all_to_one_like_topk3_chunks16,all_to_one_like,3,16,60,"D,P",9.885696411132812,9.988096237182617,0.10239982604980469,0.010252186564703046
all_to_one_like_topk3_chunks16,all_to_one_like,3,16,61,"P,D",9.882623672485352,9.989119529724121,0.10649585723876953,0.010661185595174346
all_to_one_like_topk3_chunks16,all_to_one_like,3,16,62,"D,P",9.883647918701172,9.989119529724121,0.10547161102294922,0.010558649409400163
all_to_one_like_topk3_chunks16,all_to_one_like,3,16,63,"P,D",9.886719703674316,9.990143775939941,0.103424072265625,0.010352610991916795
all_to_one_like_topk3_chunks16,all_to_one_like,3,16,64,"D,P",9.885696411132812,9.994239807128906,0.10854339599609375,0.010860595512093835
all_to_one_like_topk3_chunks16,all_to_one_like,3,16,65,"P,D",9.883647918701172,9.988096237182617,0.10444831848144531,0.010457279946163942
all_to_one_like_topk3_chunks16,all_to_one_like,3,16,66,"D,P",9.883647918701172,9.992192268371582,0.10854434967041016,0.010862916440668082
all_to_one_like_topk3_chunks16,all_to_one_like,3,16,67,"P,D",9.883647918701172,9.991168022155762,0.10752010345458984,0.010761514891568262
all_to_one_like_topk3_chunks16,all_to_one_like,3,16,68,"D,P",9.884672164916992,9.991168022155762,0.10649585723876953,0.010658999728821622
all_to_one_like_topk3_chunks16,all_to_one_like,3,16,69,"P,D",9.885696411132812,9.991168022155762,0.10547161102294922,0.010556484566074983
all_to_one_like_topk3_chunks16,all_to_one_like,3,16,70,"D,P",9.884672164916992,9.990143775939941,0.10547161102294922,0.010557566876761564
all_to_one_like_topk3_chunks16,all_to_one_like,3,16,71,"P,D",9.885696411132812,9.993215560913086,0.10751914978027344,0.010759214501568236
all_to_one_like_topk3_chunks16,all_to_one_like,3,16,72,"D,P",9.882623672485352,9.991168022155762,0.10854434967041016,0.0108640300543149
all_to_one_like_topk3_chunks16,all_to_one_like,3,16,73,"P,D",9.882623672485352,9.989119529724121,0.10649585723876953,0.010661185595174346
all_to_one_like_topk3_chunks16,all_to_one_like,3,16,74,"D,P",9.884672164916992,9.993215560913086,0.10854339599609375,0.010861708659687521
all_to_one_like_topk3_chunks16,all_to_one_like,3,16,75,"P,D",9.891839981079102,9.991168022155762,0.09932804107666016,0.009941584493063952
all_to_one_like_topk3_chunks16,all_to_one_like,3,16,76,"D,P",9.882623672485352,9.988096237182617,0.10547256469726562,0.01055982663689439
all_to_one_like_topk3_chunks16,all_to_one_like,3,16,77,"P,D",9.884672164916992,9.992192268371582,0.10752010345458984,0.010760411786202777
all_to_one_like_topk3_chunks16,all_to_one_like,3,16,78,"D,P",9.885696411132812,9.988096237182617,0.10239982604980469,0.010252186564703046
all_to_one_like_topk3_chunks16,all_to_one_like,3,16,79,"P,D",9.882623672485352,9.990143775939941,0.10752010345458984,0.010762618223126985
all_to_one_like_topk3_chunks16,all_to_one_like,3,16,80,"D,P",9.883647918701172,9.991168022155762,0.10752010345458984,0.010761514891568262
all_to_one_like_topk3_chunks16,all_to_one_like,3,16,81,"P,D",9.883647918701172,9.988096237182617,0.10444831848144531,0.010457279946163942
all_to_one_like_topk3_chunks16,all_to_one_like,3,16,82,"D,P",9.883647918701172,9.989119529724121,0.10547161102294922,0.010558649409400163
all_to_one_like_topk3_chunks16,all_to_one_like,3,16,83,"P,D",9.883647918701172,9.988096237182617,0.10444831848144531,0.010457279946163942
all_to_one_like_topk3_chunks16,all_to_one_like,3,16,84,"D,P",9.885696411132812,9.992192268371582,0.10649585723876953,0.010657907131737475
all_to_one_like_topk3_chunks16,all_to_one_like,3,16,85,"P,D",9.885696411132812,9.989119529724121,0.1034231185913086,0.010353577037851796
all_to_one_like_topk3_chunks16,all_to_one_like,3,16,86,"D,P",9.884672164916992,9.992192268371582,0.10752010345458984,0.010760411786202777
all_to_one_like_topk3_chunks16,all_to_one_like,3,16,87,"P,D",9.883647918701172,9.992192268371582,0.10854434967041016,0.010862916440668082
all_to_one_like_topk3_chunks16,all_to_one_like,3,16,88,"D,P",9.884672164916992,9.991168022155762,0.10649585723876953,0.010658999728821622
all_to_one_like_topk3_chunks16,all_to_one_like,3,16,89,"P,D",9.883647918701172,9.990143775939941,0.10649585723876953,0.010660092549944274
all_to_one_like_topk3_chunks16,all_to_one_like,3,16,90,"D,P",9.885696411132812,9.988096237182617,0.10239982604980469,0.010252186564703046
all_to_one_like_topk3_chunks16,all_to_one_like,3,16,91,"P,D",9.885696411132812,9.989119529724121,0.1034231185913086,0.010353577037851796
all_to_one_like_topk3_chunks16,all_to_one_like,3,16,92,"D,P",9.884672164916992,9.992192268371582,0.10752010345458984,0.010760411786202777
all_to_one_like_topk3_chunks16,all_to_one_like,3,16,93,"P,D",9.883647918701172,9.989119529724121,0.10547161102294922,0.010558649409400163
all_to_one_like_topk3_chunks16,all_to_one_like,3,16,94,"D,P",9.883647918701172,10.002431869506836,0.11878395080566406,0.011875507112203969
all_to_one_like_topk3_chunks16,all_to_one_like,3,16,95,"P,D",9.885696411132812,9.993215560913086,0.10751914978027344,0.010759214501568236
all_to_one_like_topk3_chunks16,all_to_one_like,3,16,96,"D,P",9.882623672485352,9.991168022155762,0.10854434967041016,0.0108640300543149
all_to_one_like_topk3_chunks16,all_to_one_like,3,16,97,"P,D",9.883647918701172,9.989119529724121,0.10547161102294922,0.010558649409400163
all_to_one_like_topk3_chunks16,all_to_one_like,3,16,98,"D,P",9.883647918701172,9.993215560913086,0.10956764221191406,0.010964202817806804
all_to_one_like_topk3_chunks16,all_to_one_like,3,16,99,"P,D",9.883647918701172,9.991168022155762,0.10752010345458984,0.010761514891568262
