rank,category,name,start_us,duration_us,end_us,device,stream,grid,block,registers_per_thread,shared_memory,blocks_per_sm,warps_per_sm,estimated_occupancy_percent
0,kernel,volta_sgemm_32x32_sliced1x4_nn,3649352491512.016,19.648,3649352491531.664,0,21,"[1, 16, 12]","[128, 1, 1]",86,32768,2.4,9.6,15
0,kernel,"void cublasLt::splitKreduce_kernel<32, 16, int, float, float, float, float, false, float, float, float, true, false, false>(cublasLt::cublasSplitKParams<float>, float const*, float const*, float*, float*, float const*, float const*, float const*, float const*, float*, void*, long, float*, int*, float*, float*, float const*, float const*, float const*, float const*, float const*)",3649352502820.778,3.072,3649352502823.8496,0,21,"[1, 32, 1]","[32, 16, 1]",32,0,0.4,6.4,10
0,kernel,"void at::native::elementwise_kernel<128, 2, at::native::gpu_kernel_impl_nocast<at::native::CUDAFunctor_add<float> >(at::TensorIteratorBase&, at::native::CUDAFunctor_add<float> const&)::{lambda(int)#1}>(int, at::native::gpu_kernel_impl_nocast<at::native::CUDAFunctor_add<float> >(at::TensorIteratorBase&, at::native::CUDAFunctor_add<float> const&)::{lambda(int)#1})",3649352514222.5,3.008,3649352514225.508,0,21,"[8, 1, 1]","[128, 1, 1]",16,0,0.1,0.4,1
0,gpu_memcpy,Memcpy DtoD (Device -> Device),3649352514456.322,1.792,3649352514458.114,0,21,,,,,,,
0,kernel,"void at::native::vectorized_elementwise_kernel<4, at::native::(anonymous namespace)::masked_fill_kernel(at::TensorIterator&, c10::Scalar const&)::{lambda()#1}::operator()() const::{lambda()#7}::operator()() const::{lambda(float, bool)#1}, std::array<char*, 3ul> >(int, at::native::(anonymous namespace)::masked_fill_kernel(at::TensorIterator&, c10::Scalar const&)::{lambda()#1}::operator()() const::{lambda()#7}::operator()() const::{lambda(float, bool)#1}, std::array<char*, 3ul>)",3649352566701.089,1.856,3649352566702.945,0,21,"[2, 1, 1]","[128, 1, 1]",32,0,0.025,0.1,0
0,gpu_memcpy,Memcpy DtoD (Device -> Device),3649352566965.631,1.76,3649352566967.3906,0,21,,,,,,,
0,kernel,"void (anonymous namespace)::elementwise_kernel_with_index<int, at::native::arange_cuda_out(c10::Scalar const&, c10::Scalar const&, c10::Scalar const&, at::Tensor&)::{lambda()#1}::operator()() const::{lambda()#4}::operator()() const::{lambda(long)#1}>(int, at::native::arange_cuda_out(c10::Scalar const&, c10::Scalar const&, c10::Scalar const&, at::Tensor&)::{lambda()#1}::operator()() const::{lambda()#4}::operator()() const::{lambda(long)#1}, function_traits<at::native::arange_cuda_out(c10::Scalar const&, c10::Scalar const&, c10::Scalar const&, at::Tensor&)::{lambda()#1}::operator()() const::{lambda()#4}::operator()() const::{lambda(long)#1}>::result_type*)",3649352567024.127,1.632,3649352567025.759,0,21,"[1, 1, 1]","[64, 1, 1]",16,0,0.0125,0.025,0
0,kernel,"void at::native::elementwise_kernel<128, 2, at::native::gpu_kernel_impl_nocast<at::native::direct_copy_kernel_cuda(at::TensorIteratorBase&)::{lambda()#3}::operator()() const::{lambda()#4}::operator()() const::{lambda(long)#1}>(at::TensorIteratorBase&, at::native::direct_copy_kernel_cuda(at::TensorIteratorBase&)::{lambda()#3}::operator()() const::{lambda()#4}::operator()() const::{lambda(long)#1} const&)::{lambda(int)#1}>(int, at::native::gpu_kernel_impl_nocast<at::native::direct_copy_kernel_cuda(at::TensorIteratorBase&)::{lambda()#3}::operator()() const::{lambda()#4}::operator()() const::{lambda(long)#1}>(at::TensorIteratorBase&, at::native::direct_copy_kernel_cuda(at::TensorIteratorBase&)::{lambda()#3}::operator()() const::{lambda()#4}::operator()() const::{lambda(long)#1} const&)::{lambda(int)#1})",3649352577559.902,2.656,3649352577562.5576,0,21,"[8, 1, 1]","[128, 1, 1]",16,0,0.1,0.4,1
0,gpu_memcpy,Memcpy DtoD (Device -> Device),3649352577631.005,1.632,3649352577632.6367,0,21,,,,,,,
0,kernel,"void at::native::radixSortKVInPlace<2, -1, 16, 2, float, long, unsigned int>(at::cuda::detail::TensorInfo<float, unsigned int>, unsigned int, unsigned int, unsigned int, at::cuda::detail::TensorInfo<long, unsigned int>, unsigned int, bool)",3649352600159.667,8.704,3649352600168.371,0,21,"[512, 1, 1]","[16, 1, 1]",44,672,6.4,3.2,5
0,kernel,"void at::native::elementwise_kernel<128, 2, at::native::gpu_kernel_impl_nocast<at::native::direct_copy_kernel_cuda(at::TensorIteratorBase&)::{lambda()#3}::operator()() const::{lambda()#4}::operator()() const::{lambda(long)#1}>(at::TensorIteratorBase&, at::native::direct_copy_kernel_cuda(at::TensorIteratorBase&)::{lambda()#3}::operator()() const::{lambda()#4}::operator()() const::{lambda(long)#1} const&)::{lambda(int)#1}>(int, at::native::gpu_kernel_impl_nocast<at::native::direct_copy_kernel_cuda(at::TensorIteratorBase&)::{lambda()#3}::operator()() const::{lambda()#4}::operator()() const::{lambda(long)#1}>(at::TensorIteratorBase&, at::native::direct_copy_kernel_cuda(at::TensorIteratorBase&)::{lambda()#3}::operator()() const::{lambda()#4}::operator()() const::{lambda(long)#1} const&)::{lambda(int)#1})",3649352600484.849,2.72,3649352600487.5693,0,21,"[2, 1, 1]","[128, 1, 1]",16,0,0.025,0.1,0
0,gpu_memcpy,Memcpy DtoH (Device -> Pinned),3649352600515.344,2.176,3649352600517.52,0,21,,,,,,,
0,kernel,volta_sgemm_32x32_sliced1x4_nn,3649352603716.221,18.848,3649352603735.0693,0,21,"[1, 16, 12]","[128, 1, 1]",86,32768,2.4,9.6,15
0,kernel,"void cublasLt::splitKreduce_kernel<32, 16, int, float, float, float, float, false, float, float, float, true, false, false>(cublasLt::cublasSplitKParams<float>, float const*, float const*, float*, float*, float const*, float const*, float const*, float const*, float*, void*, long, float*, int*, float*, float*, float const*, float const*, float const*, float const*, float const*)",3649352603735.997,2.816,3649352603738.813,0,21,"[1, 32, 1]","[32, 16, 1]",32,0,0.4,6.4,10
0,kernel,"void at::native::elementwise_kernel<128, 2, at::native::gpu_kernel_impl_nocast<at::native::CUDAFunctor_add<float> >(at::TensorIteratorBase&, at::native::CUDAFunctor_add<float> const&)::{lambda(int)#1}>(int, at::native::gpu_kernel_impl_nocast<at::native::CUDAFunctor_add<float> >(at::TensorIteratorBase&, at::native::CUDAFunctor_add<float> const&)::{lambda(int)#1})",3649352603891.164,2.72,3649352603893.8843,0,21,"[8, 1, 1]","[128, 1, 1]",16,0,0.1,0.4,1
0,gpu_memcpy,Memcpy DtoD (Device -> Device),3649352603964.539,1.6,3649352603966.139,0,21,,,,,,,
0,kernel,"void at::native::vectorized_elementwise_kernel<4, at::native::(anonymous namespace)::masked_fill_kernel(at::TensorIterator&, c10::Scalar const&)::{lambda()#1}::operator()() const::{lambda()#7}::operator()() const::{lambda(float, bool)#1}, std::array<char*, 3ul> >(int, at::native::(anonymous namespace)::masked_fill_kernel(at::TensorIterator&, c10::Scalar const&)::{lambda()#1}::operator()() const::{lambda()#7}::operator()() const::{lambda(float, bool)#1}, std::array<char*, 3ul>)",3649352603986.427,2.208,3649352603988.635,0,21,"[2, 1, 1]","[128, 1, 1]",32,0,0.025,0.1,0
0,gpu_memcpy,Memcpy DtoD (Device -> Device),3649352604022.331,1.44,3649352604023.771,0,21,,,,,,,
0,kernel,"void (anonymous namespace)::elementwise_kernel_with_index<int, at::native::arange_cuda_out(c10::Scalar const&, c10::Scalar const&, c10::Scalar const&, at::Tensor&)::{lambda()#1}::operator()() const::{lambda()#4}::operator()() const::{lambda(long)#1}>(int, at::native::arange_cuda_out(c10::Scalar const&, c10::Scalar const&, c10::Scalar const&, at::Tensor&)::{lambda()#1}::operator()() const::{lambda()#4}::operator()() const::{lambda(long)#1}, function_traits<at::native::arange_cuda_out(c10::Scalar const&, c10::Scalar const&, c10::Scalar const&, at::Tensor&)::{lambda()#1}::operator()() const::{lambda()#4}::operator()() const::{lambda(long)#1}>::result_type*)",3649352604058.587,1.44,3649352604060.027,0,21,"[1, 1, 1]","[64, 1, 1]",16,0,0.0125,0.025,0
0,kernel,"void at::native::elementwise_kernel<128, 2, at::native::gpu_kernel_impl_nocast<at::native::direct_copy_kernel_cuda(at::TensorIteratorBase&)::{lambda()#3}::operator()() const::{lambda()#4}::operator()() const::{lambda(long)#1}>(at::TensorIteratorBase&, at::native::direct_copy_kernel_cuda(at::TensorIteratorBase&)::{lambda()#3}::operator()() const::{lambda()#4}::operator()() const::{lambda(long)#1} const&)::{lambda(int)#1}>(int, at::native::gpu_kernel_impl_nocast<at::native::direct_copy_kernel_cuda(at::TensorIteratorBase&)::{lambda()#3}::operator()() const::{lambda()#4}::operator()() const::{lambda(long)#1}>(at::TensorIteratorBase&, at::native::direct_copy_kernel_cuda(at::TensorIteratorBase&)::{lambda()#3}::operator()() const::{lambda()#4}::operator()() const::{lambda(long)#1} const&)::{lambda(int)#1})",3649352604079.483,2.56,3649352604082.043,0,21,"[8, 1, 1]","[128, 1, 1]",16,0,0.1,0.4,1
0,gpu_memcpy,Memcpy DtoD (Device -> Device),3649352604091.386,1.44,3649352604092.826,0,21,,,,,,,
0,kernel,"void at::native::radixSortKVInPlace<2, -1, 16, 2, float, long, unsigned int>(at::cuda::detail::TensorInfo<float, unsigned int>, unsigned int, unsigned int, unsigned int, at::cuda::detail::TensorInfo<long, unsigned int>, unsigned int, bool)",3649352604109.338,8.032,3649352604117.37,0,21,"[512, 1, 1]","[16, 1, 1]",44,672,6.4,3.2,5
0,kernel,"void at::native::elementwise_kernel<128, 2, at::native::gpu_kernel_impl_nocast<at::native::direct_copy_kernel_cuda(at::TensorIteratorBase&)::{lambda()#3}::operator()() const::{lambda()#4}::operator()() const::{lambda(long)#1}>(at::TensorIteratorBase&, at::native::direct_copy_kernel_cuda(at::TensorIteratorBase&)::{lambda()#3}::operator()() const::{lambda()#4}::operator()() const::{lambda(long)#1} const&)::{lambda(int)#1}>(int, at::native::gpu_kernel_impl_nocast<at::native::direct_copy_kernel_cuda(at::TensorIteratorBase&)::{lambda()#3}::operator()() const::{lambda()#4}::operator()() const::{lambda(long)#1}>(at::TensorIteratorBase&, at::native::direct_copy_kernel_cuda(at::TensorIteratorBase&)::{lambda()#3}::operator()() const::{lambda()#4}::operator()() const::{lambda(long)#1} const&)::{lambda(int)#1})",3649352604187.13,2.24,3649352604189.37,0,21,"[2, 1, 1]","[128, 1, 1]",16,0,0.025,0.1,0
0,gpu_memcpy,Memcpy DtoH (Device -> Pinned),3649352604202.33,1.632,3649352604203.962,0,21,,,,,,,
0,kernel,volta_sgemm_32x32_sliced1x4_nn,3649352604529.272,17.151,3649352604546.423,0,21,"[1, 16, 12]","[128, 1, 1]",86,32768,2.4,9.6,15
0,kernel,"void cublasLt::splitKreduce_kernel<32, 16, int, float, float, float, float, false, float, float, float, true, false, false>(cublasLt::cublasSplitKParams<float>, float const*, float const*, float*, float*, float const*, float const*, float const*, float const*, float*, void*, long, float*, int*, float*, float*, float const*, float const*, float const*, float const*, float const*)",3649352604547.223,2.432,3649352604549.6553,0,21,"[1, 32, 1]","[32, 16, 1]",32,0,0.4,6.4,10
0,kernel,"void at::native::elementwise_kernel<128, 2, at::native::gpu_kernel_impl_nocast<at::native::CUDAFunctor_add<float> >(at::TensorIteratorBase&, at::native::CUDAFunctor_add<float> const&)::{lambda(int)#1}>(int, at::native::gpu_kernel_impl_nocast<at::native::CUDAFunctor_add<float> >(at::TensorIteratorBase&, at::native::CUDAFunctor_add<float> const&)::{lambda(int)#1})",3649352604571.127,2.4,3649352604573.527,0,21,"[8, 1, 1]","[128, 1, 1]",16,0,0.1,0.4,1
0,gpu_memcpy,Memcpy DtoD (Device -> Device),3649352604615.095,1.536,3649352604616.6313,0,21,,,,,,,
0,kernel,"void at::native::vectorized_elementwise_kernel<4, at::native::(anonymous namespace)::masked_fill_kernel(at::TensorIterator&, c10::Scalar const&)::{lambda()#1}::operator()() const::{lambda()#7}::operator()() const::{lambda(float, bool)#1}, std::array<char*, 3ul> >(int, at::native::(anonymous namespace)::masked_fill_kernel(at::TensorIterator&, c10::Scalar const&)::{lambda()#1}::operator()() const::{lambda()#7}::operator()() const::{lambda(float, bool)#1}, std::array<char*, 3ul>)",3649352604630.999,1.76,3649352604632.759,0,21,"[2, 1, 1]","[128, 1, 1]",32,0,0.025,0.1,0
0,gpu_memcpy,Memcpy DtoD (Device -> Device),3649352604657.495,1.472,3649352604658.9673,0,21,,,,,,,
0,kernel,"void (anonymous namespace)::elementwise_kernel_with_index<int, at::native::arange_cuda_out(c10::Scalar const&, c10::Scalar const&, c10::Scalar const&, at::Tensor&)::{lambda()#1}::operator()() const::{lambda()#4}::operator()() const::{lambda(long)#1}>(int, at::native::arange_cuda_out(c10::Scalar const&, c10::Scalar const&, c10::Scalar const&, at::Tensor&)::{lambda()#1}::operator()() const::{lambda()#4}::operator()() const::{lambda(long)#1}, function_traits<at::native::arange_cuda_out(c10::Scalar const&, c10::Scalar const&, c10::Scalar const&, at::Tensor&)::{lambda()#1}::operator()() const::{lambda()#4}::operator()() const::{lambda(long)#1}>::result_type*)",3649352604682.391,1.312,3649352604683.703,0,21,"[1, 1, 1]","[64, 1, 1]",16,0,0.0125,0.025,0
0,kernel,"void at::native::elementwise_kernel<128, 2, at::native::gpu_kernel_impl_nocast<at::native::direct_copy_kernel_cuda(at::TensorIteratorBase&)::{lambda()#3}::operator()() const::{lambda()#4}::operator()() const::{lambda(long)#1}>(at::TensorIteratorBase&, at::native::direct_copy_kernel_cuda(at::TensorIteratorBase&)::{lambda()#3}::operator()() const::{lambda()#4}::operator()() const::{lambda(long)#1} const&)::{lambda(int)#1}>(int, at::native::gpu_kernel_impl_nocast<at::native::direct_copy_kernel_cuda(at::TensorIteratorBase&)::{lambda()#3}::operator()() const::{lambda()#4}::operator()() const::{lambda(long)#1}>(at::TensorIteratorBase&, at::native::direct_copy_kernel_cuda(at::TensorIteratorBase&)::{lambda()#3}::operator()() const::{lambda()#4}::operator()() const::{lambda(long)#1} const&)::{lambda(int)#1})",3649352604697.367,2.176,3649352604699.543,0,21,"[8, 1, 1]","[128, 1, 1]",16,0,0.1,0.4,1
0,gpu_memcpy,Memcpy DtoD (Device -> Device),3649352604708.246,1.472,3649352604709.7183,0,21,,,,,,,
0,kernel,"void at::native::radixSortKVInPlace<2, -1, 16, 2, float, long, unsigned int>(at::cuda::detail::TensorInfo<float, unsigned int>, unsigned int, unsigned int, unsigned int, at::cuda::detail::TensorInfo<long, unsigned int>, unsigned int, bool)",3649352604722.935,8.031,3649352604730.966,0,21,"[512, 1, 1]","[16, 1, 1]",44,672,6.4,3.2,5
0,kernel,"void at::native::elementwise_kernel<128, 2, at::native::gpu_kernel_impl_nocast<at::native::direct_copy_kernel_cuda(at::TensorIteratorBase&)::{lambda()#3}::operator()() const::{lambda()#4}::operator()() const::{lambda(long)#1}>(at::TensorIteratorBase&, at::native::direct_copy_kernel_cuda(at::TensorIteratorBase&)::{lambda()#3}::operator()() const::{lambda()#4}::operator()() const::{lambda(long)#1} const&)::{lambda(int)#1}>(int, at::native::gpu_kernel_impl_nocast<at::native::direct_copy_kernel_cuda(at::TensorIteratorBase&)::{lambda()#3}::operator()() const::{lambda()#4}::operator()() const::{lambda(long)#1}>(at::TensorIteratorBase&, at::native::direct_copy_kernel_cuda(at::TensorIteratorBase&)::{lambda()#3}::operator()() const::{lambda()#4}::operator()() const::{lambda(long)#1} const&)::{lambda(int)#1})",3649352604776.086,2.272,3649352604778.358,0,21,"[2, 1, 1]","[128, 1, 1]",16,0,0.025,0.1,0
0,gpu_memcpy,Memcpy DtoH (Device -> Pinned),3649352604787.99,1.632,3649352604789.622,0,21,,,,,,,
0,kernel,volta_sgemm_32x32_sliced1x4_nn,3649352604953.589,16.64,3649352604970.229,0,21,"[1, 16, 12]","[128, 1, 1]",86,32768,2.4,9.6,15
0,kernel,"void cublasLt::splitKreduce_kernel<32, 16, int, float, float, float, float, false, float, float, float, true, false, false>(cublasLt::cublasSplitKParams<float>, float const*, float const*, float*, float*, float const*, float const*, float const*, float const*, float*, void*, long, float*, int*, float*, float*, float const*, float const*, float const*, float const*, float const*)",3649352604971.189,2.432,3649352604973.621,0,21,"[1, 32, 1]","[32, 16, 1]",32,0,0.4,6.4,10
0,kernel,"void at::native::elementwise_kernel<128, 2, at::native::gpu_kernel_impl_nocast<at::native::CUDAFunctor_add<float> >(at::TensorIteratorBase&, at::native::CUDAFunctor_add<float> const&)::{lambda(int)#1}>(int, at::native::gpu_kernel_impl_nocast<at::native::CUDAFunctor_add<float> >(at::TensorIteratorBase&, at::native::CUDAFunctor_add<float> const&)::{lambda(int)#1})",3649352604985.557,2.368,3649352604987.9253,0,21,"[8, 1, 1]","[128, 1, 1]",16,0,0.1,0.4,1
0,gpu_memcpy,Memcpy DtoD (Device -> Device),3649352605019.477,1.472,3649352605020.949,0,21,,,,,,,
0,kernel,"void at::native::vectorized_elementwise_kernel<4, at::native::(anonymous namespace)::masked_fill_kernel(at::TensorIterator&, c10::Scalar const&)::{lambda()#1}::operator()() const::{lambda()#7}::operator()() const::{lambda(float, bool)#1}, std::array<char*, 3ul> >(int, at::native::(anonymous namespace)::masked_fill_kernel(at::TensorIterator&, c10::Scalar const&)::{lambda()#1}::operator()() const::{lambda()#7}::operator()() const::{lambda(float, bool)#1}, std::array<char*, 3ul>)",3649352605031.893,1.728,3649352605033.621,0,21,"[2, 1, 1]","[128, 1, 1]",32,0,0.025,0.1,0
0,gpu_memcpy,Memcpy DtoD (Device -> Device),3649352605056.052,1.472,3649352605057.524,0,21,,,,,,,
0,kernel,"void (anonymous namespace)::elementwise_kernel_with_index<int, at::native::arange_cuda_out(c10::Scalar const&, c10::Scalar const&, c10::Scalar const&, at::Tensor&)::{lambda()#1}::operator()() const::{lambda()#4}::operator()() const::{lambda(long)#1}>(int, at::native::arange_cuda_out(c10::Scalar const&, c10::Scalar const&, c10::Scalar const&, at::Tensor&)::{lambda()#1}::operator()() const::{lambda()#4}::operator()() const::{lambda(long)#1}, function_traits<at::native::arange_cuda_out(c10::Scalar const&, c10::Scalar const&, c10::Scalar const&, at::Tensor&)::{lambda()#1}::operator()() const::{lambda()#4}::operator()() const::{lambda(long)#1}>::result_type*)",3649352605075.444,1.344,3649352605076.788,0,21,"[1, 1, 1]","[64, 1, 1]",16,0,0.0125,0.025,0
0,kernel,"void at::native::elementwise_kernel<128, 2, at::native::gpu_kernel_impl_nocast<at::native::direct_copy_kernel_cuda(at::TensorIteratorBase&)::{lambda()#3}::operator()() const::{lambda()#4}::operator()() const::{lambda(long)#1}>(at::TensorIteratorBase&, at::native::direct_copy_kernel_cuda(at::TensorIteratorBase&)::{lambda()#3}::operator()() const::{lambda()#4}::operator()() const::{lambda(long)#1} const&)::{lambda(int)#1}>(int, at::native::gpu_kernel_impl_nocast<at::native::direct_copy_kernel_cuda(at::TensorIteratorBase&)::{lambda()#3}::operator()() const::{lambda()#4}::operator()() const::{lambda(long)#1}>(at::TensorIteratorBase&, at::native::direct_copy_kernel_cuda(at::TensorIteratorBase&)::{lambda()#3}::operator()() const::{lambda()#4}::operator()() const::{lambda(long)#1} const&)::{lambda(int)#1})",3649352605088.692,2.208,3649352605090.9,0,21,"[8, 1, 1]","[128, 1, 1]",16,0,0.1,0.4,1
0,gpu_memcpy,Memcpy DtoD (Device -> Device),3649352605099.092,1.44,3649352605100.5317,0,21,,,,,,,
0,kernel,"void at::native::radixSortKVInPlace<2, -1, 16, 2, float, long, unsigned int>(at::cuda::detail::TensorInfo<float, unsigned int>, unsigned int, unsigned int, unsigned int, at::cuda::detail::TensorInfo<long, unsigned int>, unsigned int, bool)",3649352605111.732,8.0,3649352605119.732,0,21,"[512, 1, 1]","[16, 1, 1]",44,672,6.4,3.2,5
0,kernel,"void at::native::elementwise_kernel<128, 2, at::native::gpu_kernel_impl_nocast<at::native::direct_copy_kernel_cuda(at::TensorIteratorBase&)::{lambda()#3}::operator()() const::{lambda()#4}::operator()() const::{lambda(long)#1}>(at::TensorIteratorBase&, at::native::direct_copy_kernel_cuda(at::TensorIteratorBase&)::{lambda()#3}::operator()() const::{lambda()#4}::operator()() const::{lambda(long)#1} const&)::{lambda(int)#1}>(int, at::native::gpu_kernel_impl_nocast<at::native::direct_copy_kernel_cuda(at::TensorIteratorBase&)::{lambda()#3}::operator()() const::{lambda()#4}::operator()() const::{lambda(long)#1}>(at::TensorIteratorBase&, at::native::direct_copy_kernel_cuda(at::TensorIteratorBase&)::{lambda()#3}::operator()() const::{lambda()#4}::operator()() const::{lambda(long)#1} const&)::{lambda(int)#1})",3649352605162.58,2.24,3649352605164.8203,0,21,"[2, 1, 1]","[128, 1, 1]",16,0,0.025,0.1,0
0,gpu_memcpy,Memcpy DtoH (Device -> Pinned),3649352605174.484,1.632,3649352605176.1157,0,21,,,,,,,
0,kernel,volta_sgemm_32x32_sliced1x4_nn,3649352605344.115,16.256,3649352605360.371,0,21,"[1, 16, 12]","[128, 1, 1]",86,32768,2.4,9.6,15
0,kernel,"void cublasLt::splitKreduce_kernel<32, 16, int, float, float, float, float, false, float, float, float, true, false, false>(cublasLt::cublasSplitKParams<float>, float const*, float const*, float*, float*, float const*, float const*, float const*, float const*, float*, void*, long, float*, int*, float*, float*, float const*, float const*, float const*, float const*, float const*)",3649352605361.267,2.432,3649352605363.699,0,21,"[1, 32, 1]","[32, 16, 1]",32,0,0.4,6.4,10
0,kernel,"void at::native::elementwise_kernel<128, 2, at::native::gpu_kernel_impl_nocast<at::native::CUDAFunctor_add<float> >(at::TensorIteratorBase&, at::native::CUDAFunctor_add<float> const&)::{lambda(int)#1}>(int, at::native::gpu_kernel_impl_nocast<at::native::CUDAFunctor_add<float> >(at::TensorIteratorBase&, at::native::CUDAFunctor_add<float> const&)::{lambda(int)#1})",3649352605398.162,2.368,3649352605400.5303,0,21,"[8, 1, 1]","[128, 1, 1]",16,0,0.1,0.4,1
0,gpu_memcpy,Memcpy DtoD (Device -> Device),3649352605502.61,1.504,3649352605504.114,0,21,,,,,,,
0,kernel,"void at::native::vectorized_elementwise_kernel<4, at::native::(anonymous namespace)::masked_fill_kernel(at::TensorIterator&, c10::Scalar const&)::{lambda()#1}::operator()() const::{lambda()#7}::operator()() const::{lambda(float, bool)#1}, std::array<char*, 3ul> >(int, at::native::(anonymous namespace)::masked_fill_kernel(at::TensorIterator&, c10::Scalar const&)::{lambda()#1}::operator()() const::{lambda()#7}::operator()() const::{lambda(float, bool)#1}, std::array<char*, 3ul>)",3649352605516.562,1.76,3649352605518.322,0,21,"[2, 1, 1]","[128, 1, 1]",32,0,0.025,0.1,0
0,gpu_memcpy,Memcpy DtoD (Device -> Device),3649352605541.841,1.473,3649352605543.314,0,21,,,,,,,
0,kernel,"void (anonymous namespace)::elementwise_kernel_with_index<int, at::native::arange_cuda_out(c10::Scalar const&, c10::Scalar const&, c10::Scalar const&, at::Tensor&)::{lambda()#1}::operator()() const::{lambda()#4}::operator()() const::{lambda(long)#1}>(int, at::native::arange_cuda_out(c10::Scalar const&, c10::Scalar const&, c10::Scalar const&, at::Tensor&)::{lambda()#1}::operator()() const::{lambda()#4}::operator()() const::{lambda(long)#1}, function_traits<at::native::arange_cuda_out(c10::Scalar const&, c10::Scalar const&, c10::Scalar const&, at::Tensor&)::{lambda()#1}::operator()() const::{lambda()#4}::operator()() const::{lambda(long)#1}>::result_type*)",3649352605560.689,1.312,3649352605562.001,0,21,"[1, 1, 1]","[64, 1, 1]",16,0,0.0125,0.025,0
0,kernel,"void at::native::elementwise_kernel<128, 2, at::native::gpu_kernel_impl_nocast<at::native::direct_copy_kernel_cuda(at::TensorIteratorBase&)::{lambda()#3}::operator()() const::{lambda()#4}::operator()() const::{lambda(long)#1}>(at::TensorIteratorBase&, at::native::direct_copy_kernel_cuda(at::TensorIteratorBase&)::{lambda()#3}::operator()() const::{lambda()#4}::operator()() const::{lambda(long)#1} const&)::{lambda(int)#1}>(int, at::native::gpu_kernel_impl_nocast<at::native::direct_copy_kernel_cuda(at::TensorIteratorBase&)::{lambda()#3}::operator()() const::{lambda()#4}::operator()() const::{lambda(long)#1}>(at::TensorIteratorBase&, at::native::direct_copy_kernel_cuda(at::TensorIteratorBase&)::{lambda()#3}::operator()() const::{lambda()#4}::operator()() const::{lambda(long)#1} const&)::{lambda(int)#1})",3649352605573.585,2.208,3649352605575.793,0,21,"[8, 1, 1]","[128, 1, 1]",16,0,0.1,0.4,1
0,gpu_memcpy,Memcpy DtoD (Device -> Device),3649352605584.689,1.44,3649352605586.129,0,21,,,,,,,
0,kernel,"void at::native::radixSortKVInPlace<2, -1, 16, 2, float, long, unsigned int>(at::cuda::detail::TensorInfo<float, unsigned int>, unsigned int, unsigned int, unsigned int, at::cuda::detail::TensorInfo<long, unsigned int>, unsigned int, bool)",3649352605596.369,8.032,3649352605604.4014,0,21,"[512, 1, 1]","[16, 1, 1]",44,672,6.4,3.2,5
0,kernel,"void at::native::elementwise_kernel<128, 2, at::native::gpu_kernel_impl_nocast<at::native::direct_copy_kernel_cuda(at::TensorIteratorBase&)::{lambda()#3}::operator()() const::{lambda()#4}::operator()() const::{lambda(long)#1}>(at::TensorIteratorBase&, at::native::direct_copy_kernel_cuda(at::TensorIteratorBase&)::{lambda()#3}::operator()() const::{lambda()#4}::operator()() const::{lambda(long)#1} const&)::{lambda(int)#1}>(int, at::native::gpu_kernel_impl_nocast<at::native::direct_copy_kernel_cuda(at::TensorIteratorBase&)::{lambda()#3}::operator()() const::{lambda()#4}::operator()() const::{lambda(long)#1}>(at::TensorIteratorBase&, at::native::direct_copy_kernel_cuda(at::TensorIteratorBase&)::{lambda()#3}::operator()() const::{lambda()#4}::operator()() const::{lambda(long)#1} const&)::{lambda(int)#1})",3649352605646.129,2.272,3649352605648.401,0,21,"[2, 1, 1]","[128, 1, 1]",16,0,0.025,0.1,0
0,gpu_memcpy,Memcpy DtoH (Device -> Pinned),3649352605657.745,1.696,3649352605659.441,0,21,,,,,,,
0,kernel,volta_sgemm_32x32_sliced1x4_nn,3649352605817.168,16.416,3649352605833.584,0,21,"[1, 16, 12]","[128, 1, 1]",86,32768,2.4,9.6,15
0,kernel,"void cublasLt::splitKreduce_kernel<32, 16, int, float, float, float, float, false, float, float, float, true, false, false>(cublasLt::cublasSplitKParams<float>, float const*, float const*, float*, float*, float const*, float const*, float const*, float const*, float*, void*, long, float*, int*, float*, float*, float const*, float const*, float const*, float const*, float const*)",3649352605834.512,2.464,3649352605836.976,0,21,"[1, 32, 1]","[32, 16, 1]",32,0,0.4,6.4,10
0,kernel,"void at::native::elementwise_kernel<128, 2, at::native::gpu_kernel_impl_nocast<at::native::CUDAFunctor_add<float> >(at::TensorIteratorBase&, at::native::CUDAFunctor_add<float> const&)::{lambda(int)#1}>(int, at::native::gpu_kernel_impl_nocast<at::native::CUDAFunctor_add<float> >(at::TensorIteratorBase&, at::native::CUDAFunctor_add<float> const&)::{lambda(int)#1})",3649352605846.352,2.367,3649352605848.719,0,21,"[8, 1, 1]","[128, 1, 1]",16,0,0.1,0.4,1
0,gpu_memcpy,Memcpy DtoD (Device -> Device),3649352605878.063,1.472,3649352605879.535,0,21,,,,,,,
0,kernel,"void at::native::vectorized_elementwise_kernel<4, at::native::(anonymous namespace)::masked_fill_kernel(at::TensorIterator&, c10::Scalar const&)::{lambda()#1}::operator()() const::{lambda()#7}::operator()() const::{lambda(float, bool)#1}, std::array<char*, 3ul> >(int, at::native::(anonymous namespace)::masked_fill_kernel(at::TensorIterator&, c10::Scalar const&)::{lambda()#1}::operator()() const::{lambda()#7}::operator()() const::{lambda(float, bool)#1}, std::array<char*, 3ul>)",3649352605891.279,1.728,3649352605893.007,0,21,"[2, 1, 1]","[128, 1, 1]",32,0,0.025,0.1,0
0,gpu_memcpy,Memcpy DtoD (Device -> Device),3649352605919.471,1.472,3649352605920.9434,0,21,,,,,,,
0,kernel,"void (anonymous namespace)::elementwise_kernel_with_index<int, at::native::arange_cuda_out(c10::Scalar const&, c10::Scalar const&, c10::Scalar const&, at::Tensor&)::{lambda()#1}::operator()() const::{lambda()#4}::operator()() const::{lambda(long)#1}>(int, at::native::arange_cuda_out(c10::Scalar const&, c10::Scalar const&, c10::Scalar const&, at::Tensor&)::{lambda()#1}::operator()() const::{lambda()#4}::operator()() const::{lambda(long)#1}, function_traits<at::native::arange_cuda_out(c10::Scalar const&, c10::Scalar const&, c10::Scalar const&, at::Tensor&)::{lambda()#1}::operator()() const::{lambda()#4}::operator()() const::{lambda(long)#1}>::result_type*)",3649352605945.391,1.312,3649352605946.703,0,21,"[1, 1, 1]","[64, 1, 1]",16,0,0.0125,0.025,0
0,kernel,"void at::native::elementwise_kernel<128, 2, at::native::gpu_kernel_impl_nocast<at::native::direct_copy_kernel_cuda(at::TensorIteratorBase&)::{lambda()#3}::operator()() const::{lambda()#4}::operator()() const::{lambda(long)#1}>(at::TensorIteratorBase&, at::native::direct_copy_kernel_cuda(at::TensorIteratorBase&)::{lambda()#3}::operator()() const::{lambda()#4}::operator()() const::{lambda(long)#1} const&)::{lambda(int)#1}>(int, at::native::gpu_kernel_impl_nocast<at::native::direct_copy_kernel_cuda(at::TensorIteratorBase&)::{lambda()#3}::operator()() const::{lambda()#4}::operator()() const::{lambda(long)#1}>(at::TensorIteratorBase&, at::native::direct_copy_kernel_cuda(at::TensorIteratorBase&)::{lambda()#3}::operator()() const::{lambda()#4}::operator()() const::{lambda(long)#1} const&)::{lambda(int)#1})",3649352605958.639,2.176,3649352605960.815,0,21,"[8, 1, 1]","[128, 1, 1]",16,0,0.1,0.4,1
0,gpu_memcpy,Memcpy DtoD (Device -> Device),3649352605971.055,1.472,3649352605972.5273,0,21,,,,,,,
0,kernel,"void at::native::radixSortKVInPlace<2, -1, 16, 2, float, long, unsigned int>(at::cuda::detail::TensorInfo<float, unsigned int>, unsigned int, unsigned int, unsigned int, at::cuda::detail::TensorInfo<long, unsigned int>, unsigned int, bool)",3649352605981.711,8.032,3649352605989.743,0,21,"[512, 1, 1]","[16, 1, 1]",44,672,6.4,3.2,5
0,kernel,"void at::native::elementwise_kernel<128, 2, at::native::gpu_kernel_impl_nocast<at::native::direct_copy_kernel_cuda(at::TensorIteratorBase&)::{lambda()#3}::operator()() const::{lambda()#4}::operator()() const::{lambda(long)#1}>(at::TensorIteratorBase&, at::native::direct_copy_kernel_cuda(at::TensorIteratorBase&)::{lambda()#3}::operator()() const::{lambda()#4}::operator()() const::{lambda(long)#1} const&)::{lambda(int)#1}>(int, at::native::gpu_kernel_impl_nocast<at::native::direct_copy_kernel_cuda(at::TensorIteratorBase&)::{lambda()#3}::operator()() const::{lambda()#4}::operator()() const::{lambda(long)#1}>(at::TensorIteratorBase&, at::native::direct_copy_kernel_cuda(at::TensorIteratorBase&)::{lambda()#3}::operator()() const::{lambda()#4}::operator()() const::{lambda(long)#1} const&)::{lambda(int)#1})",3649352606029.583,2.239,3649352606031.822,0,21,"[2, 1, 1]","[128, 1, 1]",16,0,0.025,0.1,0
0,gpu_memcpy,Memcpy DtoH (Device -> Pinned),3649352606040.942,1.632,3649352606042.5737,0,21,,,,,,,
0,kernel,volta_sgemm_32x32_sliced1x4_nn,3649352606189.614,16.415,3649352606206.029,0,21,"[1, 16, 12]","[128, 1, 1]",86,32768,2.4,9.6,15
0,kernel,"void cublasLt::splitKreduce_kernel<32, 16, int, float, float, float, float, false, float, float, float, true, false, false>(cublasLt::cublasSplitKParams<float>, float const*, float const*, float*, float*, float const*, float const*, float const*, float const*, float*, void*, long, float*, int*, float*, float*, float const*, float const*, float const*, float const*, float const*)",3649352606206.989,2.432,3649352606209.421,0,21,"[1, 32, 1]","[32, 16, 1]",32,0,0.4,6.4,10
0,kernel,"void at::native::elementwise_kernel<128, 2, at::native::gpu_kernel_impl_nocast<at::native::CUDAFunctor_add<float> >(at::TensorIteratorBase&, at::native::CUDAFunctor_add<float> const&)::{lambda(int)#1}>(int, at::native::gpu_kernel_impl_nocast<at::native::CUDAFunctor_add<float> >(at::TensorIteratorBase&, at::native::CUDAFunctor_add<float> const&)::{lambda(int)#1})",3649352606217.997,2.4,3649352606220.397,0,21,"[8, 1, 1]","[128, 1, 1]",16,0,0.1,0.4,1
0,gpu_memcpy,Memcpy DtoD (Device -> Device),3649352606249.581,1.504,3649352606251.085,0,21,,,,,,,
0,kernel,"void at::native::vectorized_elementwise_kernel<4, at::native::(anonymous namespace)::masked_fill_kernel(at::TensorIterator&, c10::Scalar const&)::{lambda()#1}::operator()() const::{lambda()#7}::operator()() const::{lambda(float, bool)#1}, std::array<char*, 3ul> >(int, at::native::(anonymous namespace)::masked_fill_kernel(at::TensorIterator&, c10::Scalar const&)::{lambda()#1}::operator()() const::{lambda()#7}::operator()() const::{lambda(float, bool)#1}, std::array<char*, 3ul>)",3649352606261.741,2.08,3649352606263.8213,0,21,"[2, 1, 1]","[128, 1, 1]",32,0,0.025,0.1,0
0,gpu_memcpy,Memcpy DtoD (Device -> Device),3649352606284.045,1.472,3649352606285.517,0,21,,,,,,,
0,kernel,"void (anonymous namespace)::elementwise_kernel_with_index<int, at::native::arange_cuda_out(c10::Scalar const&, c10::Scalar const&, c10::Scalar const&, at::Tensor&)::{lambda()#1}::operator()() const::{lambda()#4}::operator()() const::{lambda(long)#1}>(int, at::native::arange_cuda_out(c10::Scalar const&, c10::Scalar const&, c10::Scalar const&, at::Tensor&)::{lambda()#1}::operator()() const::{lambda()#4}::operator()() const::{lambda(long)#1}, function_traits<at::native::arange_cuda_out(c10::Scalar const&, c10::Scalar const&, c10::Scalar const&, at::Tensor&)::{lambda()#1}::operator()() const::{lambda()#4}::operator()() const::{lambda(long)#1}>::result_type*)",3649352606301.037,1.344,3649352606302.3813,0,21,"[1, 1, 1]","[64, 1, 1]",16,0,0.0125,0.025,0
0,kernel,"void at::native::elementwise_kernel<128, 2, at::native::gpu_kernel_impl_nocast<at::native::direct_copy_kernel_cuda(at::TensorIteratorBase&)::{lambda()#3}::operator()() const::{lambda()#4}::operator()() const::{lambda(long)#1}>(at::TensorIteratorBase&, at::native::direct_copy_kernel_cuda(at::TensorIteratorBase&)::{lambda()#3}::operator()() const::{lambda()#4}::operator()() const::{lambda(long)#1} const&)::{lambda(int)#1}>(int, at::native::gpu_kernel_impl_nocast<at::native::direct_copy_kernel_cuda(at::TensorIteratorBase&)::{lambda()#3}::operator()() const::{lambda()#4}::operator()() const::{lambda(long)#1}>(at::TensorIteratorBase&, at::native::direct_copy_kernel_cuda(at::TensorIteratorBase&)::{lambda()#3}::operator()() const::{lambda()#4}::operator()() const::{lambda(long)#1} const&)::{lambda(int)#1})",3649352606314.253,2.208,3649352606316.461,0,21,"[8, 1, 1]","[128, 1, 1]",16,0,0.1,0.4,1
0,gpu_memcpy,Memcpy DtoD (Device -> Device),3649352606324.973,1.472,3649352606326.4453,0,21,,,,,,,
0,kernel,"void at::native::radixSortKVInPlace<2, -1, 16, 2, float, long, unsigned int>(at::cuda::detail::TensorInfo<float, unsigned int>, unsigned int, unsigned int, unsigned int, at::cuda::detail::TensorInfo<long, unsigned int>, unsigned int, bool)",3649352606335.276,8.001,3649352606343.277,0,21,"[512, 1, 1]","[16, 1, 1]",44,672,6.4,3.2,5
0,kernel,"void at::native::elementwise_kernel<128, 2, at::native::gpu_kernel_impl_nocast<at::native::direct_copy_kernel_cuda(at::TensorIteratorBase&)::{lambda()#3}::operator()() const::{lambda()#4}::operator()() const::{lambda(long)#1}>(at::TensorIteratorBase&, at::native::direct_copy_kernel_cuda(at::TensorIteratorBase&)::{lambda()#3}::operator()() const::{lambda()#4}::operator()() const::{lambda(long)#1} const&)::{lambda(int)#1}>(int, at::native::gpu_kernel_impl_nocast<at::native::direct_copy_kernel_cuda(at::TensorIteratorBase&)::{lambda()#3}::operator()() const::{lambda()#4}::operator()() const::{lambda(long)#1}>(at::TensorIteratorBase&, at::native::direct_copy_kernel_cuda(at::TensorIteratorBase&)::{lambda()#3}::operator()() const::{lambda()#4}::operator()() const::{lambda(long)#1} const&)::{lambda(int)#1})",3649352607011.081,2.272,3649352607013.353,0,21,"[2, 1, 1]","[128, 1, 1]",16,0,0.025,0.1,0
0,gpu_memcpy,Memcpy DtoH (Device -> Pinned),3649352607023.816,1.632,3649352607025.4478,0,21,,,,,,,
0,kernel,volta_sgemm_32x32_sliced1x4_nn,3649352607190.919,16.768,3649352607207.687,0,21,"[1, 16, 12]","[128, 1, 1]",86,32768,2.4,9.6,15
0,kernel,"void cublasLt::splitKreduce_kernel<32, 16, int, float, float, float, float, false, float, float, float, true, false, false>(cublasLt::cublasSplitKParams<float>, float const*, float const*, float*, float*, float const*, float const*, float const*, float const*, float*, void*, long, float*, int*, float*, float*, float const*, float const*, float const*, float const*, float const*)",3649352607208.711,2.432,3649352607211.143,0,21,"[1, 32, 1]","[32, 16, 1]",32,0,0.4,6.4,10
0,kernel,"void at::native::elementwise_kernel<128, 2, at::native::gpu_kernel_impl_nocast<at::native::CUDAFunctor_add<float> >(at::TensorIteratorBase&, at::native::CUDAFunctor_add<float> const&)::{lambda(int)#1}>(int, at::native::gpu_kernel_impl_nocast<at::native::CUDAFunctor_add<float> >(at::TensorIteratorBase&, at::native::CUDAFunctor_add<float> const&)::{lambda(int)#1})",3649352607220.679,2.336,3649352607223.015,0,21,"[8, 1, 1]","[128, 1, 1]",16,0,0.1,0.4,1
0,gpu_memcpy,Memcpy DtoD (Device -> Device),3649352607254.631,1.472,3649352607256.103,0,21,,,,,,,
0,kernel,"void at::native::vectorized_elementwise_kernel<4, at::native::(anonymous namespace)::masked_fill_kernel(at::TensorIterator&, c10::Scalar const&)::{lambda()#1}::operator()() const::{lambda()#7}::operator()() const::{lambda(float, bool)#1}, std::array<char*, 3ul> >(int, at::native::(anonymous namespace)::masked_fill_kernel(at::TensorIterator&, c10::Scalar const&)::{lambda()#1}::operator()() const::{lambda()#7}::operator()() const::{lambda(float, bool)#1}, std::array<char*, 3ul>)",3649352607267.239,1.728,3649352607268.967,0,21,"[2, 1, 1]","[128, 1, 1]",32,0,0.025,0.1,0
0,gpu_memcpy,Memcpy DtoD (Device -> Device),3649352607290.503,1.439,3649352607291.942,0,21,,,,,,,
0,kernel,"void (anonymous namespace)::elementwise_kernel_with_index<int, at::native::arange_cuda_out(c10::Scalar const&, c10::Scalar const&, c10::Scalar const&, at::Tensor&)::{lambda()#1}::operator()() const::{lambda()#4}::operator()() const::{lambda(long)#1}>(int, at::native::arange_cuda_out(c10::Scalar const&, c10::Scalar const&, c10::Scalar const&, at::Tensor&)::{lambda()#1}::operator()() const::{lambda()#4}::operator()() const::{lambda(long)#1}, function_traits<at::native::arange_cuda_out(c10::Scalar const&, c10::Scalar const&, c10::Scalar const&, at::Tensor&)::{lambda()#1}::operator()() const::{lambda()#4}::operator()() const::{lambda(long)#1}>::result_type*)",3649352607307.527,1.312,3649352607308.839,0,21,"[1, 1, 1]","[64, 1, 1]",16,0,0.0125,0.025,0
0,kernel,"void at::native::elementwise_kernel<128, 2, at::native::gpu_kernel_impl_nocast<at::native::direct_copy_kernel_cuda(at::TensorIteratorBase&)::{lambda()#3}::operator()() const::{lambda()#4}::operator()() const::{lambda(long)#1}>(at::TensorIteratorBase&, at::native::direct_copy_kernel_cuda(at::TensorIteratorBase&)::{lambda()#3}::operator()() const::{lambda()#4}::operator()() const::{lambda(long)#1} const&)::{lambda(int)#1}>(int, at::native::gpu_kernel_impl_nocast<at::native::direct_copy_kernel_cuda(at::TensorIteratorBase&)::{lambda()#3}::operator()() const::{lambda()#4}::operator()() const::{lambda(long)#1}>(at::TensorIteratorBase&, at::native::direct_copy_kernel_cuda(at::TensorIteratorBase&)::{lambda()#3}::operator()() const::{lambda()#4}::operator()() const::{lambda(long)#1} const&)::{lambda(int)#1})",3649352607321.03,2.176,3649352607323.2056,0,21,"[8, 1, 1]","[128, 1, 1]",16,0,0.1,0.4,1
0,gpu_memcpy,Memcpy DtoD (Device -> Device),3649352607331.559,1.472,3649352607333.0312,0,21,,,,,,,
0,kernel,"void at::native::radixSortKVInPlace<2, -1, 16, 2, float, long, unsigned int>(at::cuda::detail::TensorInfo<float, unsigned int>, unsigned int, unsigned int, unsigned int, at::cuda::detail::TensorInfo<long, unsigned int>, unsigned int, bool)",3649352607342.278,8.064,3649352607350.342,0,21,"[512, 1, 1]","[16, 1, 1]",44,672,6.4,3.2,5
0,kernel,"void at::native::elementwise_kernel<128, 2, at::native::gpu_kernel_impl_nocast<at::native::direct_copy_kernel_cuda(at::TensorIteratorBase&)::{lambda()#3}::operator()() const::{lambda()#4}::operator()() const::{lambda(long)#1}>(at::TensorIteratorBase&, at::native::direct_copy_kernel_cuda(at::TensorIteratorBase&)::{lambda()#3}::operator()() const::{lambda()#4}::operator()() const::{lambda(long)#1} const&)::{lambda(int)#1}>(int, at::native::gpu_kernel_impl_nocast<at::native::direct_copy_kernel_cuda(at::TensorIteratorBase&)::{lambda()#3}::operator()() const::{lambda()#4}::operator()() const::{lambda(long)#1}>(at::TensorIteratorBase&, at::native::direct_copy_kernel_cuda(at::TensorIteratorBase&)::{lambda()#3}::operator()() const::{lambda()#4}::operator()() const::{lambda(long)#1} const&)::{lambda(int)#1})",3649352607419.558,2.24,3649352607421.7983,0,21,"[2, 1, 1]","[128, 1, 1]",16,0,0.025,0.1,0
0,gpu_memcpy,Memcpy DtoH (Device -> Pinned),3649352607431.334,1.696,3649352607433.03,0,21,,,,,,,
0,gpu_memcpy,Memcpy HtoD (Pageable -> Device),3649352621336.912,1.344,3649352621338.2563,0,7,,,,,,,
0,gpu_memcpy,Memcpy DtoD (Device -> Device),3649352621381.712,2.208,3649352621383.92,0,7,,,,,,,
0,gpu_memcpy,Memcpy HtoD (Pageable -> Device),3649352621947.948,185.471,3649352622133.4194,0,7,,,,,,,
0,gpu_memcpy,Memcpy DtoD (Device -> Device),3649352622193.899,10.592,3649352622204.4907,0,7,,,,,,,
0,gpu_memcpy,Memcpy HtoD (Pageable -> Device),3649352622345.61,1.344,3649352622346.954,0,7,,,,,,,
0,gpu_memcpy,Memcpy DtoD (Device -> Device),3649352622371.53,1.408,3649352622372.938,0,7,,,,,,,
0,gpu_memcpy,Memcpy HtoD (Pageable -> Device),3649352622545.737,215.742,3649352622761.479,0,7,,,,,,,
0,gpu_memcpy,Memcpy DtoD (Device -> Device),3649352622807.495,7.808,3649352622815.303,0,7,,,,,,,
0,gpu_memcpy,Memcpy DtoD (Device -> Device),3649352622956.646,9.376,3649352622966.022,0,25,,,,,,,
0,kernel,"(anonymous namespace)::put_and_signal_kernel(mscclpp::MemoryChannelDeviceHandle, unsigned long, unsigned long, unsigned long)",3649352623206.052,1067.354,3649352624273.406,0,25,"[1, 1, 1]","[256, 1, 1]",28,0,0.0125,0.1,0
0,gpu_memcpy,Memcpy HtoD (Pageable -> Device),3649352641745.587,1.312,3649352641746.899,0,7,,,,,,,
0,gpu_memcpy,Memcpy DtoD (Device -> Device),3649352641777.65,2.208,3649352641779.858,0,7,,,,,,,
0,gpu_memcpy,Memcpy HtoD (Pageable -> Device),3649352641930.641,194.559,3649352642125.2,0,7,,,,,,,
0,gpu_memcpy,Memcpy DtoD (Device -> Device),3649352642167.6,7.936,3649352642175.536,0,7,,,,,,,
0,gpu_memcpy,Memcpy HtoD (Pageable -> Device),3649352642284.111,1.344,3649352642285.455,0,7,,,,,,,
0,gpu_memcpy,Memcpy DtoD (Device -> Device),3649352642308.047,1.408,3649352642309.455,0,7,,,,,,,
0,gpu_memcpy,Memcpy HtoD (Pageable -> Device),3649352642456.75,194.847,3649352642651.597,0,7,,,,,,,
0,gpu_memcpy,Memcpy DtoD (Device -> Device),3649352642690.22,8.161,3649352642698.3813,0,7,,,,,,,
0,gpu_memcpy,Memcpy DtoD (Device -> Device),3649352642826.188,9.92,3649352642836.108,0,25,,,,,,,
0,kernel,"(anonymous namespace)::put_and_signal_kernel(mscclpp::MemoryChannelDeviceHandle, unsigned long, unsigned long, unsigned long)",3649352642878.859,515.613,3649352643394.4717,0,25,"[1, 1, 1]","[256, 1, 1]",28,0,0.0125,0.1,0
0,gpu_memcpy,Memcpy HtoD (Pageable -> Device),3649352659898.979,1.376,3649352659900.355,0,7,,,,,,,
0,gpu_memcpy,Memcpy DtoD (Device -> Device),3649352659930.019,2.239,3649352659932.258,0,7,,,,,,,
0,gpu_memcpy,Memcpy HtoD (Pageable -> Device),3649352660077.442,195.743,3649352660273.185,0,7,,,,,,,
0,gpu_memcpy,Memcpy DtoD (Device -> Device),3649352660311.936,6.816,3649352660318.752,0,7,,,,,,,
0,gpu_memcpy,Memcpy HtoD (Pageable -> Device),3649352660416.447,1.344,3649352660417.791,0,7,,,,,,,
0,gpu_memcpy,Memcpy DtoD (Device -> Device),3649352660441.567,1.408,3649352660442.975,0,7,,,,,,,
0,gpu_memcpy,Memcpy HtoD (Pageable -> Device),3649352660586.078,183.967,3649352660770.045,0,7,,,,,,,
0,gpu_memcpy,Memcpy DtoD (Device -> Device),3649352660810.141,6.752,3649352660816.893,0,7,,,,,,,
0,gpu_memcpy,Memcpy DtoD (Device -> Device),3649352660935.228,8.672,3649352660943.9,0,25,,,,,,,
0,kernel,"(anonymous namespace)::put_and_signal_kernel(mscclpp::MemoryChannelDeviceHandle, unsigned long, unsigned long, unsigned long)",3649352660984.924,505.053,3649352661489.977,0,25,"[1, 1, 1]","[256, 1, 1]",28,0,0.0125,0.1,0
0,gpu_memcpy,Memcpy HtoD (Pageable -> Device),3649352677974.611,1.344,3649352677975.955,0,7,,,,,,,
0,gpu_memcpy,Memcpy DtoD (Device -> Device),3649352678006.131,1.856,3649352678007.987,0,7,,,,,,,
0,gpu_memcpy,Memcpy HtoD (Pageable -> Device),3649352678152.754,202.463,3649352678355.217,0,7,,,,,,,
0,gpu_memcpy,Memcpy DtoD (Device -> Device),3649352678394.449,8.288,3649352678402.7373,0,7,,,,,,,
0,gpu_memcpy,Memcpy HtoD (Pageable -> Device),3649352678487.504,1.344,3649352678488.848,0,7,,,,,,,
0,gpu_memcpy,Memcpy DtoD (Device -> Device),3649352678510.928,1.44,3649352678512.368,0,7,,,,,,,
0,gpu_memcpy,Memcpy HtoD (Pageable -> Device),3649352678679.983,176.927,3649352678856.9097,0,7,,,,,,,
0,gpu_memcpy,Memcpy DtoD (Device -> Device),3649352678895.31,6.72,3649352678902.0303,0,7,,,,,,,
0,gpu_memcpy,Memcpy DtoD (Device -> Device),3649352679016.941,9.888,3649352679026.829,0,25,,,,,,,
0,kernel,"(anonymous namespace)::put_and_signal_kernel(mscclpp::MemoryChannelDeviceHandle, unsigned long, unsigned long, unsigned long)",3649352679061.293,901.274,3649352679962.567,0,25,"[1, 1, 1]","[256, 1, 1]",28,0,0.0125,0.1,0
0,gpu_memcpy,Memcpy HtoD (Pageable -> Device),3649352696130.499,1.344,3649352696131.8433,0,7,,,,,,,
0,gpu_memcpy,Memcpy DtoD (Device -> Device),3649352696161.251,2.24,3649352696163.491,0,7,,,,,,,
0,gpu_memcpy,Memcpy HtoD (Pageable -> Device),3649352696305.955,184.254,3649352696490.209,0,7,,,,,,,
0,gpu_memcpy,Memcpy DtoD (Device -> Device),3649352696530.817,7.392,3649352696538.209,0,7,,,,,,,
0,gpu_memcpy,Memcpy HtoD (Pageable -> Device),3649352696623.616,1.345,3649352696624.9614,0,7,,,,,,,
0,gpu_memcpy,Memcpy DtoD (Device -> Device),3649352696646.816,1.408,3649352696648.224,0,7,,,,,,,
0,gpu_memcpy,Memcpy HtoD (Pageable -> Device),3649352696787.456,197.854,3649352696985.31,0,7,,,,,,,
0,gpu_memcpy,Memcpy DtoD (Device -> Device),3649352697024.222,6.976,3649352697031.198,0,7,,,,,,,
0,gpu_memcpy,Memcpy DtoD (Device -> Device),3649352697148.061,9.152,3649352697157.213,0,25,,,,,,,
0,kernel,"(anonymous namespace)::put_and_signal_kernel(mscclpp::MemoryChannelDeviceHandle, unsigned long, unsigned long, unsigned long)",3649352697190.365,793.467,3649352697983.832,0,25,"[1, 1, 1]","[256, 1, 1]",28,0,0.0125,0.1,0
0,gpu_memcpy,Memcpy HtoD (Pageable -> Device),3649352714179.316,1.312,3649352714180.628,0,7,,,,,,,
0,gpu_memcpy,Memcpy DtoD (Device -> Device),3649352714210.068,2.08,3649352714212.148,0,7,,,,,,,
0,gpu_memcpy,Memcpy HtoD (Pageable -> Device),3649352714355.315,177.823,3649352714533.138,0,7,,,,,,,
0,gpu_memcpy,Memcpy DtoD (Device -> Device),3649352714573.426,8.832,3649352714582.258,0,7,,,,,,,
0,gpu_memcpy,Memcpy HtoD (Pageable -> Device),3649352714667.793,1.344,3649352714669.137,0,7,,,,,,,
0,gpu_memcpy,Memcpy DtoD (Device -> Device),3649352714691.505,1.408,3649352714692.913,0,7,,,,,,,
0,gpu_memcpy,Memcpy HtoD (Pageable -> Device),3649352714833.712,194.687,3649352715028.399,0,7,,,,,,,
0,gpu_memcpy,Memcpy DtoD (Device -> Device),3649352715067.375,6.688,3649352715074.063,0,7,,,,,,,
0,gpu_memcpy,Memcpy DtoD (Device -> Device),3649352715191.15,8.96,3649352715200.11,0,25,,,,,,,
0,kernel,"(anonymous namespace)::put_and_signal_kernel(mscclpp::MemoryChannelDeviceHandle, unsigned long, unsigned long, unsigned long)",3649352715234.286,836.251,3649352716070.537,0,25,"[1, 1, 1]","[256, 1, 1]",28,0,0.0125,0.1,0
0,gpu_memcpy,Memcpy HtoD (Pageable -> Device),3649352756667.631,1.344,3649352756668.975,0,7,,,,,,,
0,gpu_memcpy,Memcpy DtoD (Device -> Device),3649352756707.246,1.889,3649352756709.1353,0,7,,,,,,,
0,gpu_memcpy,Memcpy HtoD (Pageable -> Device),3649352756865.965,405.31,3649352757271.275,0,7,,,,,,,
0,gpu_memcpy,Memcpy DtoD (Device -> Device),3649352757321.547,10.208,3649352757331.755,0,7,,,,,,,
0,gpu_memcpy,Memcpy HtoD (Pageable -> Device),3649352757428.81,1.312,3649352757430.122,0,7,,,,,,,
0,gpu_memcpy,Memcpy DtoD (Device -> Device),3649352757453.194,1.856,3649352757455.05,0,7,,,,,,,
0,gpu_memcpy,Memcpy HtoD (Pageable -> Device),3649352757608.009,425.629,3649352758033.6377,0,7,,,,,,,
0,gpu_memcpy,Memcpy DtoD (Device -> Device),3649352758074.278,10.56,3649352758084.838,0,7,,,,,,,
0,gpu_memcpy,Memcpy DtoD (Device -> Device),3649352758207.973,15.424,3649352758223.397,0,25,,,,,,,
0,kernel,"(anonymous namespace)::put_and_signal_kernel(mscclpp::MemoryChannelDeviceHandle, unsigned long, unsigned long, unsigned long)",3649352758254.181,3164.044,3649352761418.225,0,25,"[1, 1, 1]","[256, 1, 1]",28,0,0.0125,0.1,0
0,kernel,(anonymous namespace)::wait_kernel(mscclpp::MemoryChannelDeviceHandle),3649352761432.785,2.304,3649352761435.0894,0,25,"[1, 1, 1]","[1, 1, 1]",16,0,0.0125,0.000391,0
0,kernel,(anonymous namespace)::wait_kernel(mscclpp::MemoryChannelDeviceHandle),3649352761440.977,1.728,3649352761442.705,0,25,"[1, 1, 1]","[1, 1, 1]",16,0,0.0125,0.000391,0
0,kernel,(anonymous namespace)::wait_kernel(mscclpp::MemoryChannelDeviceHandle),3649352761448.561,1.728,3649352761450.289,0,25,"[1, 1, 1]","[1, 1, 1]",16,0,0.0125,0.000391,0
0,kernel,(anonymous namespace)::wait_kernel(mscclpp::MemoryChannelDeviceHandle),3649352761456.177,1.728,3649352761457.905,0,25,"[1, 1, 1]","[1, 1, 1]",16,0,0.0125,0.000391,0
0,kernel,(anonymous namespace)::wait_kernel(mscclpp::MemoryChannelDeviceHandle),3649352761463.889,1.696,3649352761465.585,0,25,"[1, 1, 1]","[1, 1, 1]",16,0,0.0125,0.000391,0
0,kernel,(anonymous namespace)::wait_kernel(mscclpp::MemoryChannelDeviceHandle),3649352761471.473,2128.915,3649352763600.388,0,25,"[1, 1, 1]","[1, 1, 1]",16,0,0.0125,0.000391,0
0,kernel,(anonymous namespace)::wait_kernel(mscclpp::MemoryChannelDeviceHandle),3649352763606.276,45470.28,3649352809076.5557,0,25,"[1, 1, 1]","[1, 1, 1]",16,0,0.0125,0.000391,0
0,gpu_memcpy,Memcpy DtoH (Device -> Pinned),3649352809283.467,1.76,3649352809285.2266,0,7,,,,,,,
0,gpu_memcpy,Memcpy DtoH (Device -> Pageable),3649352809353.386,155.455,3649352809508.8413,0,7,,,,,,,
0,gpu_memcpy,Memcpy DtoH (Device -> Pinned),3649352810210.085,2.432,3649352810212.517,0,7,,,,,,,
0,gpu_memcpy,Memcpy DtoH (Device -> Pageable),3649352810264.581,158.687,3649352810423.268,0,7,,,,,,,
0,gpu_memcpy,Memcpy DtoH (Device -> Pinned),3649352814061.101,2.24,3649352814063.3413,0,7,,,,,,,
0,gpu_memcpy,Memcpy DtoH (Device -> Pageable),3649352814122.765,784.251,3649352814907.016,0,7,,,,,,,
0,gpu_memcpy,Memcpy DtoH (Device -> Pinned),3649352815988.225,1.952,3649352815990.1772,0,7,,,,,,,
0,gpu_memcpy,Memcpy DtoH (Device -> Pageable),3649352816046.017,817.435,3649352816863.452,0,7,,,,,,,
0,gpu_memcpy,Memcpy DtoH (Device -> Pinned),3649352821008.739,1.983,3649352821010.7217,0,7,,,,,,,
0,gpu_memcpy,Memcpy DtoH (Device -> Pageable),3649352821058.914,237.055,3649352821295.969,0,7,,,,,,,
0,gpu_memcpy,Memcpy DtoH (Device -> Pinned),3649352821905.981,1.888,3649352821907.869,0,7,,,,,,,
0,gpu_memcpy,Memcpy DtoH (Device -> Pageable),3649352821953.436,160.351,3649352822113.787,0,7,,,,,,,
0,gpu_memcpy,Memcpy DtoH (Device -> Pinned),3649352824698.156,2.048,3649352824700.2036,0,7,,,,,,,
0,gpu_memcpy,Memcpy DtoH (Device -> Pageable),3649352824747.147,233.631,3649352824980.778,0,7,,,,,,,
0,gpu_memcpy,Memcpy DtoH (Device -> Pinned),3649352825503.239,1.92,3649352825505.1587,0,7,,,,,,,
0,gpu_memcpy,Memcpy DtoH (Device -> Pageable),3649352825550.406,246.591,3649352825796.9966,0,7,,,,,,,
0,gpu_memcpy,Memcpy DtoH (Device -> Pinned),3649352829400.367,1.92,3649352829402.287,0,7,,,,,,,
0,gpu_memcpy,Memcpy DtoH (Device -> Pageable),3649352829450.158,156.575,3649352829606.7334,0,7,,,,,,,
0,gpu_memcpy,Memcpy DtoH (Device -> Pinned),3649352830109.866,1.92,3649352830111.786,0,7,,,,,,,
0,gpu_memcpy,Memcpy DtoH (Device -> Pageable),3649352830157.322,237.087,3649352830394.4087,0,7,,,,,,,
0,gpu_memcpy,Memcpy DtoH (Device -> Pinned),3649352833675.956,1.984,3649352833677.94,0,7,,,,,,,
0,gpu_memcpy,Memcpy DtoH (Device -> Pageable),3649352833725.044,158.751,3649352833883.795,0,7,,,,,,,
0,gpu_memcpy,Memcpy DtoH (Device -> Pinned),3649352834456.399,1.953,3649352834458.352,0,7,,,,,,,
0,gpu_memcpy,Memcpy DtoH (Device -> Pageable),3649352834503.439,238.463,3649352834741.902,0,7,,,,,,,
0,gpu_memcpy,Memcpy DtoH (Device -> Pinned),3649352837587.26,1.92,3649352837589.1797,0,7,,,,,,,
0,gpu_memcpy,Memcpy DtoH (Device -> Pageable),3649352837646.044,2229.714,3649352839875.758,0,7,,,,,,,
0,gpu_memcpy,Memcpy DtoH (Device -> Pinned),3649352842901.851,2.176,3649352842904.027,0,7,,,,,,,
0,gpu_memcpy,Memcpy DtoH (Device -> Pageable),3649352842959.707,2241.17,3649352845200.877,0,7,,,,,,,
0,gpu_memcpy,Memcpy HtoD (Pageable -> Device),3649352954643.659,4106.567,3649352958750.226,0,7,,,,,,,
0,gpu_memcpy,Memcpy HtoD (Pageable -> Device),3649352959461.454,3.2,3649352959464.6543,0,33,,,,,,,
0,kernel,"void at::native::vectorized_gather_kernel<16, long>(char*, char*, long*, int, long, long, long, long, bool)",3649352960351.88,47.296,3649352960399.176,0,33,"[2091, 2, 1]","[256, 1, 1]",32,0,52.275002,418.200012,100
0,kernel,volta_sgemm_32x32_sliced1x4_nn,3649352961465.601,53.152,3649352961518.753,0,33,"[1, 66, 3]","[128, 1, 1]",86,32768,2.475,9.9,15
0,kernel,"void cublasLt::splitKreduce_kernel<32, 16, int, float, float, float, float, false, float, float, float, true, false, false>(cublasLt::cublasSplitKParams<float>, float const*, float const*, float*, float*, float const*, float const*, float const*, float const*, float*, void*, long, float*, int*, float*, float*, float const*, float const*, float const*, float const*, float const*)",3649352961519.809,4.224,3649352961524.033,0,33,"[1, 131, 1]","[32, 16, 1]",32,0,1.6375,26.200001,41
0,kernel,"void at::native::elementwise_kernel<128, 2, at::native::gpu_kernel_impl_nocast<at::native::CUDAFunctor_add<float> >(at::TensorIteratorBase&, at::native::CUDAFunctor_add<float> const&)::{lambda(int)#1}>(int, at::native::gpu_kernel_impl_nocast<at::native::CUDAFunctor_add<float> >(at::TensorIteratorBase&, at::native::CUDAFunctor_add<float> const&)::{lambda(int)#1})",3649352961607.008,4.385,3649352961611.3926,0,33,"[262, 1, 1]","[128, 1, 1]",16,0,3.275,13.1,20
0,kernel,"void at::native::vectorized_elementwise_kernel<4, at::native::(anonymous namespace)::launch_clamp_scalar(at::TensorIteratorBase&, c10::Scalar, c10::Scalar, at::native::detail::ClampLimits)::{lambda()#1}::operator()() const::{lambda()#7}::operator()() const::{lambda(float)#1}, std::array<char*, 2ul> >(int, at::native::(anonymous namespace)::launch_clamp_scalar(at::TensorIteratorBase&, c10::Scalar, c10::Scalar, at::native::detail::ClampLimits)::{lambda()#1}::operator()() const::{lambda()#7}::operator()() const::{lambda(float)#1}, std::array<char*, 2ul>)",3649352973563.671,2.496,3649352973566.167,0,33,"[66, 1, 1]","[128, 1, 1]",24,0,0.825,3.3,5
0,kernel,volta_sgemm_32x128_nn,3649352973765.27,7.296,3649352973772.566,0,33,"[1, 17, 1]","[256, 1, 1]",57,16384,0.2125,1.7,3
0,kernel,"void at::native::elementwise_kernel<128, 2, at::native::gpu_kernel_impl_nocast<at::native::CUDAFunctor_add<float> >(at::TensorIteratorBase&, at::native::CUDAFunctor_add<float> const&)::{lambda(int)#1}>(int, at::native::gpu_kernel_impl_nocast<at::native::CUDAFunctor_add<float> >(at::TensorIteratorBase&, at::native::CUDAFunctor_add<float> const&)::{lambda(int)#1})",3649352973834.773,3.2,3649352973837.973,0,33,"[131, 1, 1]","[128, 1, 1]",16,0,1.6375,6.55,10
0,kernel,"void at::native::index_elementwise_kernel<128, 4, at::native::index_copy_kernel_impl<at::native::OpaqueType<4> >(at::TensorIterator&, long, long, long)::{lambda(int)#1}>(long, at::native::index_copy_kernel_impl<at::native::OpaqueType<4> >(at::TensorIterator&, long, long, long)::{lambda(int)#1})",3649352973967.54,4.992,3649352973972.532,0,33,"[66, 1, 1]","[128, 1, 1]",32,0,0.825,3.3,5
0,gpu_memcpy,Memcpy HtoD (Pageable -> Device),3649352974151.379,3.136,3649352974154.515,0,33,,,,,,,
0,kernel,"void at::native::vectorized_gather_kernel<16, long>(char*, char*, long*, int, long, long, long, long, bool)",3649352974606.8,45.376,3649352974652.176,0,33,"[2036, 2, 1]","[256, 1, 1]",32,0,50.900002,407.200012,100
0,kernel,volta_sgemm_32x32_sliced1x4_nn,3649352974742.703,51.712,3649352974794.415,0,33,"[1, 64, 3]","[128, 1, 1]",86,32768,2.4,9.6,15
0,kernel,"void cublasLt::splitKreduce_kernel<32, 16, int, float, float, float, float, false, float, float, float, true, false, false>(cublasLt::cublasSplitKParams<float>, float const*, float const*, float*, float*, float const*, float const*, float const*, float const*, float*, void*, long, float*, int*, float*, float*, float const*, float const*, float const*, float const*, float const*)",3649352974795.407,3.968,3649352974799.375,0,33,"[1, 128, 1]","[32, 16, 1]",32,0,1.6,25.6,40
0,kernel,"void at::native::elementwise_kernel<128, 2, at::native::gpu_kernel_impl_nocast<at::native::CUDAFunctor_add<float> >(at::TensorIteratorBase&, at::native::CUDAFunctor_add<float> const&)::{lambda(int)#1}>(int, at::native::gpu_kernel_impl_nocast<at::native::CUDAFunctor_add<float> >(at::TensorIteratorBase&, at::native::CUDAFunctor_add<float> const&)::{lambda(int)#1})",3649352974806.767,4.128,3649352974810.895,0,33,"[255, 1, 1]","[128, 1, 1]",16,0,3.1875,12.75,20
0,kernel,"void at::native::vectorized_elementwise_kernel<4, at::native::(anonymous namespace)::launch_clamp_scalar(at::TensorIteratorBase&, c10::Scalar, c10::Scalar, at::native::detail::ClampLimits)::{lambda()#1}::operator()() const::{lambda()#7}::operator()() const::{lambda(float)#1}, std::array<char*, 2ul> >(int, at::native::(anonymous namespace)::launch_clamp_scalar(at::TensorIteratorBase&, c10::Scalar, c10::Scalar, at::native::detail::ClampLimits)::{lambda()#1}::operator()() const::{lambda()#7}::operator()() const::{lambda(float)#1}, std::array<char*, 2ul>)",3649352974838.895,3.584,3649352974842.479,0,33,"[64, 1, 1]","[128, 1, 1]",24,0,0.8,3.2,5
0,kernel,volta_sgemm_32x128_nn,3649352974903.854,10.017,3649352974913.871,0,33,"[1, 16, 1]","[256, 1, 1]",57,16384,0.2,1.6,3
0,kernel,"void at::native::elementwise_kernel<128, 2, at::native::gpu_kernel_impl_nocast<at::native::CUDAFunctor_add<float> >(at::TensorIteratorBase&, at::native::CUDAFunctor_add<float> const&)::{lambda(int)#1}>(int, at::native::gpu_kernel_impl_nocast<at::native::CUDAFunctor_add<float> >(at::TensorIteratorBase&, at::native::CUDAFunctor_add<float> const&)::{lambda(int)#1})",3649352974942.959,2.719,3649352974945.678,0,33,"[128, 1, 1]","[128, 1, 1]",16,0,1.6,6.4,10
0,kernel,"void at::native::index_elementwise_kernel<128, 4, at::native::index_copy_kernel_impl<at::native::OpaqueType<4> >(at::TensorIterator&, long, long, long)::{lambda(int)#1}>(long, at::native::index_copy_kernel_impl<at::native::OpaqueType<4> >(at::TensorIterator&, long, long, long)::{lambda(int)#1})",3649352974978.606,4.48,3649352974983.086,0,33,"[64, 1, 1]","[128, 1, 1]",32,0,0.8,3.2,5
0,gpu_memcpy,Memcpy DtoH (Device -> Pageable),3649352975171.949,22.4,3649352975194.349,0,7,,,,,,,
0,gpu_memcpy,Memcpy HtoD (Pageable -> Device),3649352978798.935,4.8,3649352978803.735,0,7,,,,,,,
0,gpu_memcpy,Memcpy HtoD (Pageable -> Device),3649352978845.398,4.8,3649352978850.1978,0,7,,,,,,,
0,gpu_memcpy,Memcpy HtoD (Pageable -> Device),3649352978910.326,1.344,3649352978911.6704,0,7,,,,,,,
0,gpu_memcpy,Memcpy HtoD (Pageable -> Device),3649352997805.858,2.144,3649352997808.002,0,16,,,,,,,
0,gpu_memcpy,Memcpy HtoD (Pageable -> Device),3649352999401.272,1.6,3649352999402.872,0,16,,,,,,,
0,gpu_memcpy,Memcpy HtoD (Pageable -> Device),3649353001394.507,1.632,3649353001396.1387,0,16,,,,,,,
0,gpu_memcpy,Memcpy HtoD (Pageable -> Device),3649353002332.262,1.632,3649353002333.894,0,16,,,,,,,
0,kernel,ncclDevKernel_SendRecv(ncclDevKernelArgsStorage<4096ul>),3649353004420.089,20.736,3649353004440.8247,0,17,"[2, 1, 1]","[640, 1, 1]",96,48384,0.025,0.5,1
0,gpu_memcpy,Memcpy DtoH (Device -> Pageable),3649353004623.063,2.208,3649353004625.271,0,7,,,,,,,
0,kernel,ncclDevKernel_SendRecv(ncclDevKernelArgsStorage<4096ul>),3649353004917.494,20.768,3649353004938.262,0,17,"[2, 1, 1]","[640, 1, 1]",96,48384,0.025,0.5,1
0,kernel,ncclDevKernel_SendRecv(ncclDevKernelArgsStorage<4096ul>),3649353005051.317,21.28,3649353005072.5967,0,17,"[2, 1, 1]","[640, 1, 1]",96,48384,0.025,0.5,1
0,gpu_memcpy,Memcpy DtoH (Device -> Pageable),3649353005306.099,3.968,3649353005310.067,0,7,,,,,,,
0,gpu_memcpy,Memcpy DtoH (Device -> Pageable),3649353005394.163,3.552,3649353005397.715,0,7,,,,,,,
0,gpu_memcpy,Memcpy HtoD (Pageable -> Device),3649353009157.5,5.056,3649353009162.556,0,7,,,,,,,
0,gpu_memcpy,Memcpy HtoD (Pageable -> Device),3649353009204.827,5.056,3649353009209.8833,0,7,,,,,,,
0,gpu_memcpy,Memcpy HtoD (Pageable -> Device),3649353009263.515,1.344,3649353009264.8594,0,7,,,,,,,
0,kernel,ncclDevKernel_SendRecv(ncclDevKernelArgsStorage<4096ul>),3649353009543.417,7.776,3649353009551.193,0,17,"[2, 1, 1]","[640, 1, 1]",96,48384,0.025,0.5,1
0,gpu_memcpy,Memcpy DtoH (Device -> Pageable),3649353009659.416,1.504,3649353009660.92,0,7,,,,,,,
0,kernel,ncclDevKernel_SendRecv(ncclDevKernelArgsStorage<4096ul>),3649353009862.199,20.416,3649353009882.615,0,17,"[2, 1, 1]","[640, 1, 1]",96,48384,0.025,0.5,1
0,kernel,ncclDevKernel_SendRecv(ncclDevKernelArgsStorage<4096ul>),3649353009974.327,20.416,3649353009994.743,0,17,"[2, 1, 1]","[640, 1, 1]",96,48384,0.025,0.5,1
0,gpu_memcpy,Memcpy DtoH (Device -> Pageable),3649353010094.55,3.424,3649353010097.9736,0,7,,,,,,,
0,gpu_memcpy,Memcpy DtoH (Device -> Pageable),3649353010174.805,3.36,3649353010178.165,0,7,,,,,,,
0,gpu_memcpy,Memcpy HtoD (Pageable -> Device),3649353013754.56,4.959,3649353013759.519,0,7,,,,,,,
0,gpu_memcpy,Memcpy HtoD (Pageable -> Device),3649353013800.159,5.024,3649353013805.183,0,7,,,,,,,
0,gpu_memcpy,Memcpy HtoD (Pageable -> Device),3649353013853.439,1.344,3649353013854.783,0,7,,,,,,,
0,kernel,ncclDevKernel_SendRecv(ncclDevKernelArgsStorage<4096ul>),3649353014011.646,7.776,3649353014019.422,0,17,"[2, 1, 1]","[640, 1, 1]",96,48384,0.025,0.5,1
0,gpu_memcpy,Memcpy DtoH (Device -> Pageable),3649353014111.997,1.472,3649353014113.469,0,7,,,,,,,
0,kernel,ncclDevKernel_SendRecv(ncclDevKernelArgsStorage<4096ul>),3649353014305.372,20.096,3649353014325.4683,0,17,"[2, 1, 1]","[640, 1, 1]",96,48384,0.025,0.5,1
0,kernel,ncclDevKernel_SendRecv(ncclDevKernelArgsStorage<4096ul>),3649353014407.803,18.816,3649353014426.619,0,17,"[2, 1, 1]","[640, 1, 1]",96,48384,0.025,0.5,1
0,gpu_memcpy,Memcpy DtoH (Device -> Pageable),3649353014519.163,3.328,3649353014522.491,0,7,,,,,,,
0,gpu_memcpy,Memcpy DtoH (Device -> Pageable),3649353014591.93,3.328,3649353014595.2583,0,7,,,,,,,
0,gpu_memcpy,Memcpy HtoD (Pageable -> Device),3649353018302.435,5.472,3649353018307.907,0,7,,,,,,,
0,gpu_memcpy,Memcpy HtoD (Pageable -> Device),3649353018347.907,5.184,3649353018353.0913,0,7,,,,,,,
0,gpu_memcpy,Memcpy HtoD (Pageable -> Device),3649353018398.755,1.344,3649353018400.099,0,7,,,,,,,
0,kernel,ncclDevKernel_SendRecv(ncclDevKernelArgsStorage<4096ul>),3649353018550.562,8.0,3649353018558.562,0,17,"[2, 1, 1]","[640, 1, 1]",96,48384,0.025,0.5,1
0,gpu_memcpy,Memcpy DtoH (Device -> Pageable),3649353018647.713,1.504,3649353018649.217,0,7,,,,,,,
0,kernel,ncclDevKernel_SendRecv(ncclDevKernelArgsStorage<4096ul>),3649353018824.576,18.048,3649353018842.624,0,17,"[2, 1, 1]","[640, 1, 1]",96,48384,0.025,0.5,1
0,kernel,ncclDevKernel_SendRecv(ncclDevKernelArgsStorage<4096ul>),3649353018926.176,18.207,3649353018944.383,0,17,"[2, 1, 1]","[640, 1, 1]",96,48384,0.025,0.5,1
0,gpu_memcpy,Memcpy DtoH (Device -> Pageable),3649353019037.023,3.296,3649353019040.319,0,7,,,,,,,
0,gpu_memcpy,Memcpy DtoH (Device -> Pageable),3649353019105.822,3.328,3649353019109.15,0,7,,,,,,,
0,gpu_memcpy,Memcpy HtoD (Pageable -> Device),3649353022565.417,4.928,3649353022570.345,0,7,,,,,,,
0,gpu_memcpy,Memcpy HtoD (Pageable -> Device),3649353022611.017,4.96,3649353022615.977,0,7,,,,,,,
0,gpu_memcpy,Memcpy HtoD (Pageable -> Device),3649353022661.832,1.344,3649353022663.1763,0,7,,,,,,,
0,kernel,ncclDevKernel_SendRecv(ncclDevKernelArgsStorage<4096ul>),3649353022808.2,146.815,3649353022955.015,0,17,"[2, 1, 1]","[640, 1, 1]",96,48384,0.025,0.5,1
0,gpu_memcpy,Memcpy DtoH (Device -> Pageable),3649353022958.663,1.503,3649353022960.166,0,7,,,,,,,
0,kernel,ncclDevKernel_SendRecv(ncclDevKernelArgsStorage<4096ul>),3649353023136.23,105.407,3649353023241.637,0,17,"[2, 1, 1]","[640, 1, 1]",96,48384,0.025,0.5,1
0,kernel,ncclDevKernel_SendRecv(ncclDevKernelArgsStorage<4096ul>),3649353023242.661,98.495,3649353023341.1562,0,17,"[2, 1, 1]","[640, 1, 1]",96,48384,0.025,0.5,1
0,gpu_memcpy,Memcpy DtoH (Device -> Pageable),3649353023345.476,3.296,3649353023348.772,0,7,,,,,,,
0,gpu_memcpy,Memcpy DtoH (Device -> Pageable),3649353023414.5,3.296,3649353023417.796,0,7,,,,,,,
0,gpu_memcpy,Memcpy HtoD (Pageable -> Device),3649353026857.391,4.992,3649353026862.3833,0,7,,,,,,,
0,gpu_memcpy,Memcpy HtoD (Pageable -> Device),3649353026902.222,5.024,3649353026907.246,0,7,,,,,,,
0,gpu_memcpy,Memcpy HtoD (Pageable -> Device),3649353026952.398,1.344,3649353026953.742,0,7,,,,,,,
0,kernel,ncclDevKernel_SendRecv(ncclDevKernelArgsStorage<4096ul>),3649353027098.573,129.247,3649353027227.8203,0,17,"[2, 1, 1]","[640, 1, 1]",96,48384,0.025,0.5,1
0,gpu_memcpy,Memcpy DtoH (Device -> Pageable),3649353027235.884,1.504,3649353027237.3877,0,7,,,,,,,
0,kernel,ncclDevKernel_SendRecv(ncclDevKernelArgsStorage<4096ul>),3649353027409.291,90.688,3649353027499.979,0,17,"[2, 1, 1]","[640, 1, 1]",96,48384,0.025,0.5,1
0,kernel,ncclDevKernel_SendRecv(ncclDevKernelArgsStorage<4096ul>),3649353027506.827,88.895,3649353027595.722,0,17,"[2, 1, 1]","[640, 1, 1]",96,48384,0.025,0.5,1
0,gpu_memcpy,Memcpy DtoH (Device -> Pageable),3649353027672.042,3.328,3649353027675.37,0,7,,,,,,,
0,gpu_memcpy,Memcpy DtoH (Device -> Pageable),3649353027744.361,3.328,3649353027747.689,0,7,,,,,,,
0,gpu_memcpy,Memcpy HtoD (Pageable -> Device),3649353034269.377,8.512,3649353034277.889,0,7,,,,,,,
0,gpu_memcpy,Memcpy HtoD (Pageable -> Device),3649353034318.913,8.832,3649353034327.745,0,7,,,,,,,
0,gpu_memcpy,Memcpy HtoD (Pageable -> Device),3649353034376.064,1.344,3649353034377.408,0,7,,,,,,,
0,kernel,ncclDevKernel_SendRecv(ncclDevKernelArgsStorage<4096ul>),3649353034521.216,105.631,3649353034626.8467,0,17,"[2, 1, 1]","[640, 1, 1]",96,48384,0.025,0.5,1
0,gpu_memcpy,Memcpy DtoH (Device -> Pageable),3649353034631.167,1.536,3649353034632.703,0,7,,,,,,,
0,kernel,ncclDevKernel_SendRecv(ncclDevKernelArgsStorage<4096ul>),3649353034804.766,105.055,3649353034909.8213,0,17,"[2, 1, 1]","[640, 1, 1]",96,48384,0.025,0.5,1
0,kernel,ncclDevKernel_SendRecv(ncclDevKernelArgsStorage<4096ul>),3649353034910.749,92.543,3649353035003.292,0,17,"[2, 1, 1]","[640, 1, 1]",96,48384,0.025,0.5,1
0,gpu_memcpy,Memcpy DtoH (Device -> Pageable),3649353035095.612,5.824,3649353035101.436,0,7,,,,,,,
0,gpu_memcpy,Memcpy DtoH (Device -> Pageable),3649353035190.267,5.728,3649353035195.995,0,7,,,,,,,
0,gpu_memcpy,Memcpy HtoD (Pageable -> Device),3649353036171.221,2.24,3649353036173.4614,0,7,,,,,,,
0,kernel,"void at::native::vectorized_gather_kernel<16, long>(char*, char*, long*, int, long, long, long, long, bool)",3649353036272.853,23.807,3649353036296.66,0,7,"[1035, 2, 1]","[256, 1, 1]",32,0,25.875,207.0,100
0,kernel,volta_sgemm_32x32_sliced1x4_nn,3649353036429.332,29.376,3649353036458.708,0,7,"[1, 33, 5]","[128, 1, 1]",86,32768,2.0625,8.25,13
0,kernel,"void cublasLt::splitKreduce_kernel<32, 16, int, float, float, float, float, false, float, float, float, true, false, false>(cublasLt::cublasSplitKParams<float>, float const*, float const*, float*, float*, float const*, float const*, float const*, float const*, float*, void*, long, float*, int*, float*, float*, float const*, float const*, float const*, float const*, float const*)",3649353036459.7,3.456,3649353036463.1562,0,7,"[1, 65, 1]","[32, 16, 1]",32,0,0.8125,13.0,20
0,kernel,"void at::native::elementwise_kernel<128, 2, at::native::gpu_kernel_impl_nocast<at::native::CUDAFunctor_add<float> >(at::TensorIteratorBase&, at::native::CUDAFunctor_add<float> const&)::{lambda(int)#1}>(int, at::native::gpu_kernel_impl_nocast<at::native::CUDAFunctor_add<float> >(at::TensorIteratorBase&, at::native::CUDAFunctor_add<float> const&)::{lambda(int)#1})",3649353036500.595,3.072,3649353036503.667,0,7,"[130, 1, 1]","[128, 1, 1]",16,0,1.625,6.5,10
0,kernel,"void at::native::vectorized_elementwise_kernel<4, at::native::(anonymous namespace)::launch_clamp_scalar(at::TensorIteratorBase&, c10::Scalar, c10::Scalar, at::native::detail::ClampLimits)::{lambda()#1}::operator()() const::{lambda()#7}::operator()() const::{lambda(float)#1}, std::array<char*, 2ul> >(int, at::native::(anonymous namespace)::launch_clamp_scalar(at::TensorIteratorBase&, c10::Scalar, c10::Scalar, at::native::detail::ClampLimits)::{lambda()#1}::operator()() const::{lambda()#7}::operator()() const::{lambda(float)#1}, std::array<char*, 2ul>)",3649353036546.035,2.912,3649353036548.9473,0,7,"[33, 1, 1]","[128, 1, 1]",24,0,0.4125,1.65,3
0,kernel,volta_sgemm_128x32_nn,3649353036659.058,6.784,3649353036665.8423,0,7,"[1, 33, 1]","[256, 1, 1]",57,16384,0.4125,3.3,5
0,kernel,"void at::native::elementwise_kernel<128, 2, at::native::gpu_kernel_impl_nocast<at::native::CUDAFunctor_add<float> >(at::TensorIteratorBase&, at::native::CUDAFunctor_add<float> const&)::{lambda(int)#1}>(int, at::native::gpu_kernel_impl_nocast<at::native::CUDAFunctor_add<float> >(at::TensorIteratorBase&, at::native::CUDAFunctor_add<float> const&)::{lambda(int)#1})",3649353036715.058,3.712,3649353036718.77,0,7,"[65, 1, 1]","[128, 1, 1]",16,0,0.8125,3.25,5
0,kernel,"void at::native::index_elementwise_kernel<128, 4, at::native::index_copy_kernel_impl<at::native::OpaqueType<4> >(at::TensorIterator&, long, long, long)::{lambda(int)#1}>(long, at::native::index_copy_kernel_impl<at::native::OpaqueType<4> >(at::TensorIterator&, long, long, long)::{lambda(int)#1})",3649353036749.874,6.08,3649353036755.954,0,7,"[33, 1, 1]","[128, 1, 1]",32,0,0.4125,1.65,3
0,gpu_memcpy,Memcpy HtoD (Pageable -> Device),3649353036847.089,2.24,3649353036849.329,0,7,,,,,,,
0,kernel,"void at::native::vectorized_gather_kernel<16, long>(char*, char*, long*, int, long, long, long, long, bool)",3649353037335.822,23.008,3649353037358.8296,0,7,"[1016, 2, 1]","[256, 1, 1]",32,0,25.4,203.199997,100
0,kernel,volta_sgemm_32x128_nn,3649353037452.718,28.863,3649353037481.5806,0,7,"[1, 8, 20]","[256, 1, 1]",57,16384,2.0,16.0,25
0,kernel,"void cublasLt::splitKreduce_kernel<32, 16, int, float, float, float, float, false, float, float, float, true, false, false>(cublasLt::cublasSplitKParams<float>, float const*, float const*, float*, float*, float const*, float const*, float const*, float const*, float*, void*, long, float*, int*, float*, float*, float const*, float const*, float const*, float const*, float const*)",3649353037482.477,4.8,3649353037487.277,0,7,"[1, 64, 1]","[32, 16, 1]",32,0,0.8,12.8,20
0,kernel,"void at::native::elementwise_kernel<128, 2, at::native::gpu_kernel_impl_nocast<at::native::CUDAFunctor_add<float> >(at::TensorIteratorBase&, at::native::CUDAFunctor_add<float> const&)::{lambda(int)#1}>(int, at::native::gpu_kernel_impl_nocast<at::native::CUDAFunctor_add<float> >(at::TensorIteratorBase&, at::native::CUDAFunctor_add<float> const&)::{lambda(int)#1})",3649353037820.747,3.232,3649353037823.979,0,7,"[127, 1, 1]","[128, 1, 1]",16,0,1.5875,6.35,10
0,kernel,"void at::native::vectorized_elementwise_kernel<4, at::native::(anonymous namespace)::launch_clamp_scalar(at::TensorIteratorBase&, c10::Scalar, c10::Scalar, at::native::detail::ClampLimits)::{lambda()#1}::operator()() const::{lambda()#7}::operator()() const::{lambda(float)#1}, std::array<char*, 2ul> >(int, at::native::(anonymous namespace)::launch_clamp_scalar(at::TensorIteratorBase&, c10::Scalar, c10::Scalar, at::native::detail::ClampLimits)::{lambda()#1}::operator()() const::{lambda()#7}::operator()() const::{lambda(float)#1}, std::array<char*, 2ul>)",3649353037860.555,3.552,3649353037864.107,0,7,"[32, 1, 1]","[128, 1, 1]",24,0,0.4,1.6,3
0,kernel,volta_sgemm_128x32_nn,3649353037935.818,5.728,3649353037941.546,0,7,"[1, 32, 1]","[256, 1, 1]",57,16384,0.4,3.2,5
0,kernel,"void at::native::elementwise_kernel<128, 2, at::native::gpu_kernel_impl_nocast<at::native::CUDAFunctor_add<float> >(at::TensorIteratorBase&, at::native::CUDAFunctor_add<float> const&)::{lambda(int)#1}>(int, at::native::gpu_kernel_impl_nocast<at::native::CUDAFunctor_add<float> >(at::TensorIteratorBase&, at::native::CUDAFunctor_add<float> const&)::{lambda(int)#1})",3649353037980.682,2.624,3649353037983.306,0,7,"[64, 1, 1]","[128, 1, 1]",16,0,0.8,3.2,5
0,kernel,"void at::native::index_elementwise_kernel<128, 4, at::native::index_copy_kernel_impl<at::native::OpaqueType<4> >(at::TensorIterator&, long, long, long)::{lambda(int)#1}>(long, at::native::index_copy_kernel_impl<at::native::OpaqueType<4> >(at::TensorIterator&, long, long, long)::{lambda(int)#1})",3649353038014.442,4.384,3649353038018.8257,0,7,"[32, 1, 1]","[128, 1, 1]",32,0,0.4,1.6,3
0,gpu_memcpy,Memcpy HtoD (Pageable -> Device),3649353038121.385,2.24,3649353038123.625,0,7,,,,,,,
0,kernel,"void at::native::vectorized_gather_kernel<16, long>(char*, char*, long*, int, long, long, long, long, bool)",3649353038187.657,22.88,3649353038210.537,0,7,"[995, 2, 1]","[256, 1, 1]",32,0,24.875,199.0,100
0,kernel,volta_sgemm_32x128_nn,3649353038273.864,26.336,3649353038300.1997,0,7,"[1, 8, 20]","[256, 1, 1]",57,16384,2.0,16.0,25
0,kernel,"void cublasLt::splitKreduce_kernel<32, 16, int, float, float, float, float, false, float, float, float, true, false, false>(cublasLt::cublasSplitKParams<float>, float const*, float const*, float*, float*, float const*, float const*, float const*, float const*, float*, void*, long, float*, int*, float*, float*, float const*, float const*, float const*, float const*, float const*)",3649353038301.0,3.968,3649353038304.968,0,7,"[1, 63, 1]","[32, 16, 1]",32,0,0.7875,12.6,20
0,kernel,"void at::native::elementwise_kernel<128, 2, at::native::gpu_kernel_impl_nocast<at::native::CUDAFunctor_add<float> >(at::TensorIteratorBase&, at::native::CUDAFunctor_add<float> const&)::{lambda(int)#1}>(int, at::native::gpu_kernel_impl_nocast<at::native::CUDAFunctor_add<float> >(at::TensorIteratorBase&, at::native::CUDAFunctor_add<float> const&)::{lambda(int)#1})",3649353038326.088,3.04,3649353038329.128,0,7,"[125, 1, 1]","[128, 1, 1]",16,0,1.5625,6.25,10
0,kernel,"void at::native::vectorized_elementwise_kernel<4, at::native::(anonymous namespace)::launch_clamp_scalar(at::TensorIteratorBase&, c10::Scalar, c10::Scalar, at::native::detail::ClampLimits)::{lambda()#1}::operator()() const::{lambda()#7}::operator()() const::{lambda(float)#1}, std::array<char*, 2ul> >(int, at::native::(anonymous namespace)::launch_clamp_scalar(at::TensorIteratorBase&, c10::Scalar, c10::Scalar, at::native::detail::ClampLimits)::{lambda()#1}::operator()() const::{lambda()#7}::operator()() const::{lambda(float)#1}, std::array<char*, 2ul>)",3649353038354.248,1.76,3649353038356.008,0,7,"[32, 1, 1]","[128, 1, 1]",24,0,0.4,1.6,3
0,kernel,volta_sgemm_128x32_nn,3649353038410.12,6.015,3649353038416.1353,0,7,"[1, 32, 1]","[256, 1, 1]",57,16384,0.4,3.2,5
0,kernel,"void at::native::elementwise_kernel<128, 2, at::native::gpu_kernel_impl_nocast<at::native::CUDAFunctor_add<float> >(at::TensorIteratorBase&, at::native::CUDAFunctor_add<float> const&)::{lambda(int)#1}>(int, at::native::gpu_kernel_impl_nocast<at::native::CUDAFunctor_add<float> >(at::TensorIteratorBase&, at::native::CUDAFunctor_add<float> const&)::{lambda(int)#1})",3649353038447.623,2.592,3649353038450.215,0,7,"[63, 1, 1]","[128, 1, 1]",16,0,0.7875,3.15,5
0,kernel,"void at::native::index_elementwise_kernel<128, 4, at::native::index_copy_kernel_impl<at::native::OpaqueType<4> >(at::TensorIterator&, long, long, long)::{lambda(int)#1}>(long, at::native::index_copy_kernel_impl<at::native::OpaqueType<4> >(at::TensorIterator&, long, long, long)::{lambda(int)#1})",3649353038476.039,4.512,3649353038480.5513,0,7,"[32, 1, 1]","[128, 1, 1]",32,0,0.4,1.6,3
0,gpu_memcpy,Memcpy HtoD (Pageable -> Device),3649353038562.663,2.304,3649353038564.9673,0,7,,,,,,,
0,kernel,"void at::native::vectorized_gather_kernel<16, long>(char*, char*, long*, int, long, long, long, long, bool)",3649353038631.334,23.872,3649353038655.206,0,7,"[1050, 2, 1]","[256, 1, 1]",32,0,26.25,210.0,100
0,kernel,volta_sgemm_32x32_sliced1x4_nn,3649353038710.598,33.311,3649353038743.909,0,7,"[1, 33, 5]","[128, 1, 1]",86,32768,2.0625,8.25,13
0,kernel,"void cublasLt::splitKreduce_kernel<32, 16, int, float, float, float, float, false, float, float, float, true, false, false>(cublasLt::cublasSplitKParams<float>, float const*, float const*, float*, float*, float const*, float const*, float const*, float const*, float*, void*, long, float*, int*, float*, float*, float const*, float const*, float const*, float const*, float const*)",3649353038744.773,2.848,3649353038747.621,0,7,"[1, 66, 1]","[32, 16, 1]",32,0,0.825,13.2,21
0,kernel,"void at::native::elementwise_kernel<128, 2, at::native::gpu_kernel_impl_nocast<at::native::CUDAFunctor_add<float> >(at::TensorIteratorBase&, at::native::CUDAFunctor_add<float> const&)::{lambda(int)#1}>(int, at::native::gpu_kernel_impl_nocast<at::native::CUDAFunctor_add<float> >(at::TensorIteratorBase&, at::native::CUDAFunctor_add<float> const&)::{lambda(int)#1})",3649353038782.021,3.072,3649353038785.093,0,7,"[132, 1, 1]","[128, 1, 1]",16,0,1.65,6.6,10
0,kernel,"void at::native::vectorized_elementwise_kernel<4, at::native::(anonymous namespace)::launch_clamp_scalar(at::TensorIteratorBase&, c10::Scalar, c10::Scalar, at::native::detail::ClampLimits)::{lambda()#1}::operator()() const::{lambda()#7}::operator()() const::{lambda(float)#1}, std::array<char*, 2ul> >(int, at::native::(anonymous namespace)::launch_clamp_scalar(at::TensorIteratorBase&, c10::Scalar, c10::Scalar, at::native::detail::ClampLimits)::{lambda()#1}::operator()() const::{lambda()#7}::operator()() const::{lambda(float)#1}, std::array<char*, 2ul>)",3649353038831.045,2.816,3649353038833.861,0,7,"[33, 1, 1]","[128, 1, 1]",24,0,0.4125,1.65,3
0,kernel,volta_sgemm_128x32_nn,3649353038894.917,5.855,3649353038900.772,0,7,"[1, 33, 1]","[256, 1, 1]",57,16384,0.4125,3.3,5
0,kernel,"void at::native::elementwise_kernel<128, 2, at::native::gpu_kernel_impl_nocast<at::native::CUDAFunctor_add<float> >(at::TensorIteratorBase&, at::native::CUDAFunctor_add<float> const&)::{lambda(int)#1}>(int, at::native::gpu_kernel_impl_nocast<at::native::CUDAFunctor_add<float> >(at::TensorIteratorBase&, at::native::CUDAFunctor_add<float> const&)::{lambda(int)#1})",3649353038938.052,2.624,3649353038940.676,0,7,"[66, 1, 1]","[128, 1, 1]",16,0,0.825,3.3,5
0,kernel,"void at::native::index_elementwise_kernel<128, 4, at::native::index_copy_kernel_impl<at::native::OpaqueType<4> >(at::TensorIterator&, long, long, long)::{lambda(int)#1}>(long, at::native::index_copy_kernel_impl<at::native::OpaqueType<4> >(at::TensorIterator&, long, long, long)::{lambda(int)#1})",3649353038971.748,4.512,3649353038976.2603,0,7,"[33, 1, 1]","[128, 1, 1]",32,0,0.4125,1.65,3
0,gpu_memcpy,Memcpy DtoH (Device -> Pageable),3649353039095.971,21.376,3649353039117.347,0,7,,,,,,,
0,gpu_memcpy,Memcpy DtoH (Device -> Pageable),3649353373483.512,80.671,3649353373564.183,0,7,,,,,,,
0,gpu_memcpy,Memcpy DtoH (Device -> Pageable),3649353374092.692,2.112,3649353374094.8037,0,7,,,,,,,
0,gpu_memcpy,Memcpy DtoH (Device -> Pageable),3649353374147.476,2.336,3649353374149.812,0,7,,,,,,,
0,gpu_memcpy,Memcpy DtoH (Device -> Pageable),3649353374193.204,2.368,3649353374195.5723,0,7,,,,,,,
1,kernel,volta_sgemm_32x32_sliced1x4_nn,3649352540145.915,19.071,3649352540164.986,1,21,"[1, 16, 12]","[128, 1, 1]",86,32768,2.4,9.6,15
1,kernel,"void cublasLt::splitKreduce_kernel<32, 16, int, float, float, float, float, false, float, float, float, true, false, false>(cublasLt::cublasSplitKParams<float>, float const*, float const*, float*, float*, float const*, float const*, float const*, float const*, float*, void*, long, float*, int*, float*, float*, float const*, float const*, float const*, float const*, float const*)",3649352551311.722,3.008,3649352551314.73,1,21,"[1, 32, 1]","[32, 16, 1]",32,0,0.4,6.4,10
1,kernel,"void at::native::elementwise_kernel<128, 2, at::native::gpu_kernel_impl_nocast<at::native::CUDAFunctor_add<float> >(at::TensorIteratorBase&, at::native::CUDAFunctor_add<float> const&)::{lambda(int)#1}>(int, at::native::gpu_kernel_impl_nocast<at::native::CUDAFunctor_add<float> >(at::TensorIteratorBase&, at::native::CUDAFunctor_add<float> const&)::{lambda(int)#1})",3649352562514.33,2.912,3649352562517.242,1,21,"[8, 1, 1]","[128, 1, 1]",16,0,0.1,0.4,1
1,gpu_memcpy,Memcpy DtoD (Device -> Device),3649352562679.673,1.824,3649352562681.497,1,21,,,,,,,
1,kernel,"void at::native::vectorized_elementwise_kernel<4, at::native::(anonymous namespace)::masked_fill_kernel(at::TensorIterator&, c10::Scalar const&)::{lambda()#1}::operator()() const::{lambda()#7}::operator()() const::{lambda(float, bool)#1}, std::array<char*, 3ul> >(int, at::native::(anonymous namespace)::masked_fill_kernel(at::TensorIterator&, c10::Scalar const&)::{lambda()#1}::operator()() const::{lambda()#7}::operator()() const::{lambda(float, bool)#1}, std::array<char*, 3ul>)",3649352614384.056,1.888,3649352614385.9443,1,21,"[2, 1, 1]","[128, 1, 1]",32,0,0.025,0.1,0
1,gpu_memcpy,Memcpy DtoD (Device -> Device),3649352614574.04,1.792,3649352614575.832,1,21,,,,,,,
1,kernel,"void (anonymous namespace)::elementwise_kernel_with_index<int, at::native::arange_cuda_out(c10::Scalar const&, c10::Scalar const&, c10::Scalar const&, at::Tensor&)::{lambda()#1}::operator()() const::{lambda()#4}::operator()() const::{lambda(long)#1}>(int, at::native::arange_cuda_out(c10::Scalar const&, c10::Scalar const&, c10::Scalar const&, at::Tensor&)::{lambda()#1}::operator()() const::{lambda()#4}::operator()() const::{lambda(long)#1}, function_traits<at::native::arange_cuda_out(c10::Scalar const&, c10::Scalar const&, c10::Scalar const&, at::Tensor&)::{lambda()#1}::operator()() const::{lambda()#4}::operator()() const::{lambda(long)#1}>::result_type*)",3649352614620.535,1.632,3649352614622.167,1,21,"[1, 1, 1]","[64, 1, 1]",16,0,0.0125,0.025,0
1,kernel,"void at::native::elementwise_kernel<128, 2, at::native::gpu_kernel_impl_nocast<at::native::direct_copy_kernel_cuda(at::TensorIteratorBase&)::{lambda()#3}::operator()() const::{lambda()#4}::operator()() const::{lambda(long)#1}>(at::TensorIteratorBase&, at::native::direct_copy_kernel_cuda(at::TensorIteratorBase&)::{lambda()#3}::operator()() const::{lambda()#4}::operator()() const::{lambda(long)#1} const&)::{lambda(int)#1}>(int, at::native::gpu_kernel_impl_nocast<at::native::direct_copy_kernel_cuda(at::TensorIteratorBase&)::{lambda()#3}::operator()() const::{lambda()#4}::operator()() const::{lambda(long)#1}>(at::TensorIteratorBase&, at::native::direct_copy_kernel_cuda(at::TensorIteratorBase&)::{lambda()#3}::operator()() const::{lambda()#4}::operator()() const::{lambda(long)#1} const&)::{lambda(int)#1})",3649352624889.035,2.688,3649352624891.723,1,21,"[8, 1, 1]","[128, 1, 1]",16,0,0.1,0.4,1
1,gpu_memcpy,Memcpy DtoD (Device -> Device),3649352624954.219,1.632,3649352624955.851,1,21,,,,,,,
1,kernel,"void at::native::radixSortKVInPlace<2, -1, 16, 2, float, long, unsigned int>(at::cuda::detail::TensorInfo<float, unsigned int>, unsigned int, unsigned int, unsigned int, at::cuda::detail::TensorInfo<long, unsigned int>, unsigned int, bool)",3649352647015.275,8.672,3649352647023.947,1,21,"[512, 1, 1]","[16, 1, 1]",44,672,6.4,3.2,5
1,kernel,"void at::native::elementwise_kernel<128, 2, at::native::gpu_kernel_impl_nocast<at::native::direct_copy_kernel_cuda(at::TensorIteratorBase&)::{lambda()#3}::operator()() const::{lambda()#4}::operator()() const::{lambda(long)#1}>(at::TensorIteratorBase&, at::native::direct_copy_kernel_cuda(at::TensorIteratorBase&)::{lambda()#3}::operator()() const::{lambda()#4}::operator()() const::{lambda(long)#1} const&)::{lambda(int)#1}>(int, at::native::gpu_kernel_impl_nocast<at::native::direct_copy_kernel_cuda(at::TensorIteratorBase&)::{lambda()#3}::operator()() const::{lambda()#4}::operator()() const::{lambda(long)#1}>(at::TensorIteratorBase&, at::native::direct_copy_kernel_cuda(at::TensorIteratorBase&)::{lambda()#3}::operator()() const::{lambda()#4}::operator()() const::{lambda(long)#1} const&)::{lambda(int)#1})",3649352647213.802,2.72,3649352647216.522,1,21,"[2, 1, 1]","[128, 1, 1]",16,0,0.025,0.1,0
1,gpu_memcpy,Memcpy DtoH (Device -> Pinned),3649352647240.682,2.208,3649352647242.89,1,21,,,,,,,
1,kernel,volta_sgemm_32x32_sliced1x4_nn,3649352650294.397,21.119,3649352650315.516,1,21,"[1, 16, 12]","[128, 1, 1]",86,32768,2.4,9.6,15
1,kernel,"void cublasLt::splitKreduce_kernel<32, 16, int, float, float, float, float, false, float, float, float, true, false, false>(cublasLt::cublasSplitKParams<float>, float const*, float const*, float*, float*, float const*, float const*, float const*, float const*, float*, void*, long, float*, int*, float*, float*, float const*, float const*, float const*, float const*, float const*)",3649352650316.476,3.488,3649352650319.964,1,21,"[1, 32, 1]","[32, 16, 1]",32,0,0.4,6.4,10
1,kernel,"void at::native::elementwise_kernel<128, 2, at::native::gpu_kernel_impl_nocast<at::native::CUDAFunctor_add<float> >(at::TensorIteratorBase&, at::native::CUDAFunctor_add<float> const&)::{lambda(int)#1}>(int, at::native::gpu_kernel_impl_nocast<at::native::CUDAFunctor_add<float> >(at::TensorIteratorBase&, at::native::CUDAFunctor_add<float> const&)::{lambda(int)#1})",3649352650411.26,3.392,3649352650414.652,1,21,"[8, 1, 1]","[128, 1, 1]",16,0,0.1,0.4,1
1,gpu_memcpy,Memcpy DtoD (Device -> Device),3649352650473.436,1.888,3649352650475.324,1,21,,,,,,,
1,kernel,"void at::native::vectorized_elementwise_kernel<4, at::native::(anonymous namespace)::masked_fill_kernel(at::TensorIterator&, c10::Scalar const&)::{lambda()#1}::operator()() const::{lambda()#7}::operator()() const::{lambda(float, bool)#1}, std::array<char*, 3ul> >(int, at::native::(anonymous namespace)::masked_fill_kernel(at::TensorIterator&, c10::Scalar const&)::{lambda()#1}::operator()() const::{lambda()#7}::operator()() const::{lambda(float, bool)#1}, std::array<char*, 3ul>)",3649352650491.708,1.984,3649352650493.692,1,21,"[2, 1, 1]","[128, 1, 1]",32,0,0.025,0.1,0
1,gpu_memcpy,Memcpy DtoD (Device -> Device),3649352650534.684,1.472,3649352650536.1562,1,21,,,,,,,
1,kernel,"void (anonymous namespace)::elementwise_kernel_with_index<int, at::native::arange_cuda_out(c10::Scalar const&, c10::Scalar const&, c10::Scalar const&, at::Tensor&)::{lambda()#1}::operator()() const::{lambda()#4}::operator()() const::{lambda(long)#1}>(int, at::native::arange_cuda_out(c10::Scalar const&, c10::Scalar const&, c10::Scalar const&, at::Tensor&)::{lambda()#1}::operator()() const::{lambda()#4}::operator()() const::{lambda(long)#1}, function_traits<at::native::arange_cuda_out(c10::Scalar const&, c10::Scalar const&, c10::Scalar const&, at::Tensor&)::{lambda()#1}::operator()() const::{lambda()#4}::operator()() const::{lambda(long)#1}>::result_type*)",3649352650564.028,1.6,3649352650565.628,1,21,"[1, 1, 1]","[64, 1, 1]",16,0,0.0125,0.025,0
1,kernel,"void at::native::elementwise_kernel<128, 2, at::native::gpu_kernel_impl_nocast<at::native::direct_copy_kernel_cuda(at::TensorIteratorBase&)::{lambda()#3}::operator()() const::{lambda()#4}::operator()() const::{lambda(long)#1}>(at::TensorIteratorBase&, at::native::direct_copy_kernel_cuda(at::TensorIteratorBase&)::{lambda()#3}::operator()() const::{lambda()#4}::operator()() const::{lambda(long)#1} const&)::{lambda(int)#1}>(int, at::native::gpu_kernel_impl_nocast<at::native::direct_copy_kernel_cuda(at::TensorIteratorBase&)::{lambda()#3}::operator()() const::{lambda()#4}::operator()() const::{lambda(long)#1}>(at::TensorIteratorBase&, at::native::direct_copy_kernel_cuda(at::TensorIteratorBase&)::{lambda()#3}::operator()() const::{lambda()#4}::operator()() const::{lambda(long)#1} const&)::{lambda(int)#1})",3649352650581.723,2.592,3649352650584.315,1,21,"[8, 1, 1]","[128, 1, 1]",16,0,0.1,0.4,1
1,gpu_memcpy,Memcpy DtoD (Device -> Device),3649352650593.147,1.44,3649352650594.587,1,21,,,,,,,
1,kernel,"void at::native::radixSortKVInPlace<2, -1, 16, 2, float, long, unsigned int>(at::cuda::detail::TensorInfo<float, unsigned int>, unsigned int, unsigned int, unsigned int, at::cuda::detail::TensorInfo<long, unsigned int>, unsigned int, bool)",3649352650608.379,8.0,3649352650616.379,1,21,"[512, 1, 1]","[16, 1, 1]",44,672,6.4,3.2,5
1,kernel,"void at::native::elementwise_kernel<128, 2, at::native::gpu_kernel_impl_nocast<at::native::direct_copy_kernel_cuda(at::TensorIteratorBase&)::{lambda()#3}::operator()() const::{lambda()#4}::operator()() const::{lambda(long)#1}>(at::TensorIteratorBase&, at::native::direct_copy_kernel_cuda(at::TensorIteratorBase&)::{lambda()#3}::operator()() const::{lambda()#4}::operator()() const::{lambda(long)#1} const&)::{lambda(int)#1}>(int, at::native::gpu_kernel_impl_nocast<at::native::direct_copy_kernel_cuda(at::TensorIteratorBase&)::{lambda()#3}::operator()() const::{lambda()#4}::operator()() const::{lambda(long)#1}>(at::TensorIteratorBase&, at::native::direct_copy_kernel_cuda(at::TensorIteratorBase&)::{lambda()#3}::operator()() const::{lambda()#4}::operator()() const::{lambda(long)#1} const&)::{lambda(int)#1})",3649352650682.363,2.24,3649352650684.603,1,21,"[2, 1, 1]","[128, 1, 1]",16,0,0.025,0.1,0
1,gpu_memcpy,Memcpy DtoH (Device -> Pinned),3649352650695.355,1.696,3649352650697.051,1,21,,,,,,,
1,kernel,volta_sgemm_32x32_sliced1x4_nn,3649352650956.122,18.944,3649352650975.066,1,21,"[1, 16, 12]","[128, 1, 1]",86,32768,2.4,9.6,15
1,kernel,"void cublasLt::splitKreduce_kernel<32, 16, int, float, float, float, float, false, float, float, float, true, false, false>(cublasLt::cublasSplitKParams<float>, float const*, float const*, float*, float*, float const*, float const*, float const*, float const*, float*, void*, long, float*, int*, float*, float*, float const*, float const*, float const*, float const*, float const*)",3649352650975.994,2.432,3649352650978.4263,1,21,"[1, 32, 1]","[32, 16, 1]",32,0,0.4,6.4,10
1,kernel,"void at::native::elementwise_kernel<128, 2, at::native::gpu_kernel_impl_nocast<at::native::CUDAFunctor_add<float> >(at::TensorIteratorBase&, at::native::CUDAFunctor_add<float> const&)::{lambda(int)#1}>(int, at::native::gpu_kernel_impl_nocast<at::native::CUDAFunctor_add<float> >(at::TensorIteratorBase&, at::native::CUDAFunctor_add<float> const&)::{lambda(int)#1})",3649352650992.282,2.368,3649352650994.6504,1,21,"[8, 1, 1]","[128, 1, 1]",16,0,0.1,0.4,1
1,gpu_memcpy,Memcpy DtoD (Device -> Device),3649352651029.049,1.504,3649352651030.5527,1,21,,,,,,,
1,kernel,"void at::native::vectorized_elementwise_kernel<4, at::native::(anonymous namespace)::masked_fill_kernel(at::TensorIterator&, c10::Scalar const&)::{lambda()#1}::operator()() const::{lambda()#7}::operator()() const::{lambda(float, bool)#1}, std::array<char*, 3ul> >(int, at::native::(anonymous namespace)::masked_fill_kernel(at::TensorIterator&, c10::Scalar const&)::{lambda()#1}::operator()() const::{lambda()#7}::operator()() const::{lambda(float, bool)#1}, std::array<char*, 3ul>)",3649352651050.33,1.76,3649352651052.09,1,21,"[2, 1, 1]","[128, 1, 1]",32,0,0.025,0.1,0
1,gpu_memcpy,Memcpy DtoD (Device -> Device),3649352651078.265,1.472,3649352651079.7373,1,21,,,,,,,
1,kernel,"void (anonymous namespace)::elementwise_kernel_with_index<int, at::native::arange_cuda_out(c10::Scalar const&, c10::Scalar const&, c10::Scalar const&, at::Tensor&)::{lambda()#1}::operator()() const::{lambda()#4}::operator()() const::{lambda(long)#1}>(int, at::native::arange_cuda_out(c10::Scalar const&, c10::Scalar const&, c10::Scalar const&, at::Tensor&)::{lambda()#1}::operator()() const::{lambda()#4}::operator()() const::{lambda(long)#1}, function_traits<at::native::arange_cuda_out(c10::Scalar const&, c10::Scalar const&, c10::Scalar const&, at::Tensor&)::{lambda()#1}::operator()() const::{lambda()#4}::operator()() const::{lambda(long)#1}>::result_type*)",3649352651098.713,1.312,3649352651100.025,1,21,"[1, 1, 1]","[64, 1, 1]",16,0,0.0125,0.025,0
1,kernel,"void at::native::elementwise_kernel<128, 2, at::native::gpu_kernel_impl_nocast<at::native::direct_copy_kernel_cuda(at::TensorIteratorBase&)::{lambda()#3}::operator()() const::{lambda()#4}::operator()() const::{lambda(long)#1}>(at::TensorIteratorBase&, at::native::direct_copy_kernel_cuda(at::TensorIteratorBase&)::{lambda()#3}::operator()() const::{lambda()#4}::operator()() const::{lambda(long)#1} const&)::{lambda(int)#1}>(int, at::native::gpu_kernel_impl_nocast<at::native::direct_copy_kernel_cuda(at::TensorIteratorBase&)::{lambda()#3}::operator()() const::{lambda()#4}::operator()() const::{lambda(long)#1}>(at::TensorIteratorBase&, at::native::direct_copy_kernel_cuda(at::TensorIteratorBase&)::{lambda()#3}::operator()() const::{lambda()#4}::operator()() const::{lambda(long)#1} const&)::{lambda(int)#1})",3649352651112.665,2.208,3649352651114.873,1,21,"[8, 1, 1]","[128, 1, 1]",16,0,0.1,0.4,1
1,gpu_memcpy,Memcpy DtoD (Device -> Device),3649352651124.121,1.44,3649352651125.561,1,21,,,,,,,
1,kernel,"void at::native::radixSortKVInPlace<2, -1, 16, 2, float, long, unsigned int>(at::cuda::detail::TensorInfo<float, unsigned int>, unsigned int, unsigned int, unsigned int, at::cuda::detail::TensorInfo<long, unsigned int>, unsigned int, bool)",3649352651135.993,8.0,3649352651143.993,1,21,"[512, 1, 1]","[16, 1, 1]",44,672,6.4,3.2,5
1,kernel,"void at::native::elementwise_kernel<128, 2, at::native::gpu_kernel_impl_nocast<at::native::direct_copy_kernel_cuda(at::TensorIteratorBase&)::{lambda()#3}::operator()() const::{lambda()#4}::operator()() const::{lambda(long)#1}>(at::TensorIteratorBase&, at::native::direct_copy_kernel_cuda(at::TensorIteratorBase&)::{lambda()#3}::operator()() const::{lambda()#4}::operator()() const::{lambda(long)#1} const&)::{lambda(int)#1}>(int, at::native::gpu_kernel_impl_nocast<at::native::direct_copy_kernel_cuda(at::TensorIteratorBase&)::{lambda()#3}::operator()() const::{lambda()#4}::operator()() const::{lambda(long)#1}>(at::TensorIteratorBase&, at::native::direct_copy_kernel_cuda(at::TensorIteratorBase&)::{lambda()#3}::operator()() const::{lambda()#4}::operator()() const::{lambda(long)#1} const&)::{lambda(int)#1})",3649352651189.721,2.272,3649352651191.993,1,21,"[2, 1, 1]","[128, 1, 1]",16,0,0.025,0.1,0
1,gpu_memcpy,Memcpy DtoH (Device -> Pinned),3649352651201.753,1.696,3649352651203.4487,1,21,,,,,,,
1,kernel,volta_sgemm_32x32_sliced1x4_nn,3649352651368.952,16.896,3649352651385.848,1,21,"[1, 16, 12]","[128, 1, 1]",86,32768,2.4,9.6,15
1,kernel,"void cublasLt::splitKreduce_kernel<32, 16, int, float, float, float, float, false, float, float, float, true, false, false>(cublasLt::cublasSplitKParams<float>, float const*, float const*, float*, float*, float const*, float const*, float const*, float const*, float*, void*, long, float*, int*, float*, float*, float const*, float const*, float const*, float const*, float const*)",3649352651386.872,2.432,3649352651389.304,1,21,"[1, 32, 1]","[32, 16, 1]",32,0,0.4,6.4,10
1,kernel,"void at::native::elementwise_kernel<128, 2, at::native::gpu_kernel_impl_nocast<at::native::CUDAFunctor_add<float> >(at::TensorIteratorBase&, at::native::CUDAFunctor_add<float> const&)::{lambda(int)#1}>(int, at::native::gpu_kernel_impl_nocast<at::native::CUDAFunctor_add<float> >(at::TensorIteratorBase&, at::native::CUDAFunctor_add<float> const&)::{lambda(int)#1})",3649352651400.664,2.368,3649352651403.032,1,21,"[8, 1, 1]","[128, 1, 1]",16,0,0.1,0.4,1
1,gpu_memcpy,Memcpy DtoD (Device -> Device),3649352651434.072,1.472,3649352651435.544,1,21,,,,,,,
1,kernel,"void at::native::vectorized_elementwise_kernel<4, at::native::(anonymous namespace)::masked_fill_kernel(at::TensorIterator&, c10::Scalar const&)::{lambda()#1}::operator()() const::{lambda()#7}::operator()() const::{lambda(float, bool)#1}, std::array<char*, 3ul> >(int, at::native::(anonymous namespace)::masked_fill_kernel(at::TensorIterator&, c10::Scalar const&)::{lambda()#1}::operator()() const::{lambda()#7}::operator()() const::{lambda(float, bool)#1}, std::array<char*, 3ul>)",3649352651446.456,1.728,3649352651448.184,1,21,"[2, 1, 1]","[128, 1, 1]",32,0,0.025,0.1,0
1,gpu_memcpy,Memcpy DtoD (Device -> Device),3649352651471.608,1.44,3649352651473.048,1,21,,,,,,,
1,kernel,"void (anonymous namespace)::elementwise_kernel_with_index<int, at::native::arange_cuda_out(c10::Scalar const&, c10::Scalar const&, c10::Scalar const&, at::Tensor&)::{lambda()#1}::operator()() const::{lambda()#4}::operator()() const::{lambda(long)#1}>(int, at::native::arange_cuda_out(c10::Scalar const&, c10::Scalar const&, c10::Scalar const&, at::Tensor&)::{lambda()#1}::operator()() const::{lambda()#4}::operator()() const::{lambda(long)#1}, function_traits<at::native::arange_cuda_out(c10::Scalar const&, c10::Scalar const&, c10::Scalar const&, at::Tensor&)::{lambda()#1}::operator()() const::{lambda()#4}::operator()() const::{lambda(long)#1}>::result_type*)",3649352651490.199,1.344,3649352651491.5435,1,21,"[1, 1, 1]","[64, 1, 1]",16,0,0.0125,0.025,0
1,kernel,"void at::native::elementwise_kernel<128, 2, at::native::gpu_kernel_impl_nocast<at::native::direct_copy_kernel_cuda(at::TensorIteratorBase&)::{lambda()#3}::operator()() const::{lambda()#4}::operator()() const::{lambda(long)#1}>(at::TensorIteratorBase&, at::native::direct_copy_kernel_cuda(at::TensorIteratorBase&)::{lambda()#3}::operator()() const::{lambda()#4}::operator()() const::{lambda(long)#1} const&)::{lambda(int)#1}>(int, at::native::gpu_kernel_impl_nocast<at::native::direct_copy_kernel_cuda(at::TensorIteratorBase&)::{lambda()#3}::operator()() const::{lambda()#4}::operator()() const::{lambda(long)#1}>(at::TensorIteratorBase&, at::native::direct_copy_kernel_cuda(at::TensorIteratorBase&)::{lambda()#3}::operator()() const::{lambda()#4}::operator()() const::{lambda(long)#1} const&)::{lambda(int)#1})",3649352651503.159,2.176,3649352651505.335,1,21,"[8, 1, 1]","[128, 1, 1]",16,0,0.1,0.4,1
1,gpu_memcpy,Memcpy DtoD (Device -> Device),3649352651513.687,1.472,3649352651515.159,1,21,,,,,,,
1,kernel,"void at::native::radixSortKVInPlace<2, -1, 16, 2, float, long, unsigned int>(at::cuda::detail::TensorInfo<float, unsigned int>, unsigned int, unsigned int, unsigned int, at::cuda::detail::TensorInfo<long, unsigned int>, unsigned int, bool)",3649352651525.047,8.032,3649352651533.079,1,21,"[512, 1, 1]","[16, 1, 1]",44,672,6.4,3.2,5
1,kernel,"void at::native::elementwise_kernel<128, 2, at::native::gpu_kernel_impl_nocast<at::native::direct_copy_kernel_cuda(at::TensorIteratorBase&)::{lambda()#3}::operator()() const::{lambda()#4}::operator()() const::{lambda(long)#1}>(at::TensorIteratorBase&, at::native::direct_copy_kernel_cuda(at::TensorIteratorBase&)::{lambda()#3}::operator()() const::{lambda()#4}::operator()() const::{lambda(long)#1} const&)::{lambda(int)#1}>(int, at::native::gpu_kernel_impl_nocast<at::native::direct_copy_kernel_cuda(at::TensorIteratorBase&)::{lambda()#3}::operator()() const::{lambda()#4}::operator()() const::{lambda(long)#1}>(at::TensorIteratorBase&, at::native::direct_copy_kernel_cuda(at::TensorIteratorBase&)::{lambda()#3}::operator()() const::{lambda()#4}::operator()() const::{lambda(long)#1} const&)::{lambda(int)#1})",3649352651576.791,2.24,3649352651579.0312,1,21,"[2, 1, 1]","[128, 1, 1]",16,0,0.025,0.1,0
1,gpu_memcpy,Memcpy DtoH (Device -> Pinned),3649352651588.183,1.696,3649352651589.879,1,21,,,,,,,
1,kernel,volta_sgemm_32x32_sliced1x4_nn,3649352651763.958,16.352,3649352651780.31,1,21,"[1, 16, 12]","[128, 1, 1]",86,32768,2.4,9.6,15
1,kernel,"void cublasLt::splitKreduce_kernel<32, 16, int, float, float, float, float, false, float, float, float, true, false, false>(cublasLt::cublasSplitKParams<float>, float const*, float const*, float*, float*, float const*, float const*, float const*, float const*, float*, void*, long, float*, int*, float*, float*, float const*, float const*, float const*, float const*, float const*)",3649352651781.27,2.432,3649352651783.702,1,21,"[1, 32, 1]","[32, 16, 1]",32,0,0.4,6.4,10
1,kernel,"void at::native::elementwise_kernel<128, 2, at::native::gpu_kernel_impl_nocast<at::native::CUDAFunctor_add<float> >(at::TensorIteratorBase&, at::native::CUDAFunctor_add<float> const&)::{lambda(int)#1}>(int, at::native::gpu_kernel_impl_nocast<at::native::CUDAFunctor_add<float> >(at::TensorIteratorBase&, at::native::CUDAFunctor_add<float> const&)::{lambda(int)#1})",3649352651795.67,2.4,3649352651798.07,1,21,"[8, 1, 1]","[128, 1, 1]",16,0,0.1,0.4,1
1,gpu_memcpy,Memcpy DtoD (Device -> Device),3649352651883.382,1.504,3649352651884.8857,1,21,,,,,,,
1,kernel,"void at::native::vectorized_elementwise_kernel<4, at::native::(anonymous namespace)::masked_fill_kernel(at::TensorIterator&, c10::Scalar const&)::{lambda()#1}::operator()() const::{lambda()#7}::operator()() const::{lambda(float, bool)#1}, std::array<char*, 3ul> >(int, at::native::(anonymous namespace)::masked_fill_kernel(at::TensorIterator&, c10::Scalar const&)::{lambda()#1}::operator()() const::{lambda()#7}::operator()() const::{lambda(float, bool)#1}, std::array<char*, 3ul>)",3649352651896.79,1.728,3649352651898.518,1,21,"[2, 1, 1]","[128, 1, 1]",32,0,0.025,0.1,0
1,gpu_memcpy,Memcpy DtoD (Device -> Device),3649352651961.973,1.44,3649352651963.413,1,21,,,,,,,
1,kernel,"void (anonymous namespace)::elementwise_kernel_with_index<int, at::native::arange_cuda_out(c10::Scalar const&, c10::Scalar const&, c10::Scalar const&, at::Tensor&)::{lambda()#1}::operator()() const::{lambda()#4}::operator()() const::{lambda(long)#1}>(int, at::native::arange_cuda_out(c10::Scalar const&, c10::Scalar const&, c10::Scalar const&, at::Tensor&)::{lambda()#1}::operator()() const::{lambda()#4}::operator()() const::{lambda(long)#1}, function_traits<at::native::arange_cuda_out(c10::Scalar const&, c10::Scalar const&, c10::Scalar const&, at::Tensor&)::{lambda()#1}::operator()() const::{lambda()#4}::operator()() const::{lambda(long)#1}>::result_type*)",3649352651980.885,1.344,3649352651982.229,1,21,"[1, 1, 1]","[64, 1, 1]",16,0,0.0125,0.025,0
1,kernel,"void at::native::elementwise_kernel<128, 2, at::native::gpu_kernel_impl_nocast<at::native::direct_copy_kernel_cuda(at::TensorIteratorBase&)::{lambda()#3}::operator()() const::{lambda()#4}::operator()() const::{lambda(long)#1}>(at::TensorIteratorBase&, at::native::direct_copy_kernel_cuda(at::TensorIteratorBase&)::{lambda()#3}::operator()() const::{lambda()#4}::operator()() const::{lambda(long)#1} const&)::{lambda(int)#1}>(int, at::native::gpu_kernel_impl_nocast<at::native::direct_copy_kernel_cuda(at::TensorIteratorBase&)::{lambda()#3}::operator()() const::{lambda()#4}::operator()() const::{lambda(long)#1}>(at::TensorIteratorBase&, at::native::direct_copy_kernel_cuda(at::TensorIteratorBase&)::{lambda()#3}::operator()() const::{lambda()#4}::operator()() const::{lambda(long)#1} const&)::{lambda(int)#1})",3649352651994.549,2.208,3649352651996.757,1,21,"[8, 1, 1]","[128, 1, 1]",16,0,0.1,0.4,1
1,gpu_memcpy,Memcpy DtoD (Device -> Device),3649352652005.525,1.472,3649352652006.997,1,21,,,,,,,
1,kernel,"void at::native::radixSortKVInPlace<2, -1, 16, 2, float, long, unsigned int>(at::cuda::detail::TensorInfo<float, unsigned int>, unsigned int, unsigned int, unsigned int, at::cuda::detail::TensorInfo<long, unsigned int>, unsigned int, bool)",3649352652016.437,8.064,3649352652024.501,1,21,"[512, 1, 1]","[16, 1, 1]",44,672,6.4,3.2,5
1,kernel,"void at::native::elementwise_kernel<128, 2, at::native::gpu_kernel_impl_nocast<at::native::direct_copy_kernel_cuda(at::TensorIteratorBase&)::{lambda()#3}::operator()() const::{lambda()#4}::operator()() const::{lambda(long)#1}>(at::TensorIteratorBase&, at::native::direct_copy_kernel_cuda(at::TensorIteratorBase&)::{lambda()#3}::operator()() const::{lambda()#4}::operator()() const::{lambda(long)#1} const&)::{lambda(int)#1}>(int, at::native::gpu_kernel_impl_nocast<at::native::direct_copy_kernel_cuda(at::TensorIteratorBase&)::{lambda()#3}::operator()() const::{lambda()#4}::operator()() const::{lambda(long)#1}>(at::TensorIteratorBase&, at::native::direct_copy_kernel_cuda(at::TensorIteratorBase&)::{lambda()#3}::operator()() const::{lambda()#4}::operator()() const::{lambda(long)#1} const&)::{lambda(int)#1})",3649352652066.037,2.272,3649352652068.309,1,21,"[2, 1, 1]","[128, 1, 1]",16,0,0.025,0.1,0
1,gpu_memcpy,Memcpy DtoH (Device -> Pinned),3649352652077.205,1.76,3649352652078.965,1,21,,,,,,,
1,kernel,volta_sgemm_32x32_sliced1x4_nn,3649352652238.484,16.416,3649352652254.9,1,21,"[1, 16, 12]","[128, 1, 1]",86,32768,2.4,9.6,15
1,kernel,"void cublasLt::splitKreduce_kernel<32, 16, int, float, float, float, float, false, float, float, float, true, false, false>(cublasLt::cublasSplitKParams<float>, float const*, float const*, float*, float*, float const*, float const*, float const*, float const*, float*, void*, long, float*, int*, float*, float*, float const*, float const*, float const*, float const*, float const*)",3649352652255.732,2.464,3649352652258.196,1,21,"[1, 32, 1]","[32, 16, 1]",32,0,0.4,6.4,10
1,kernel,"void at::native::elementwise_kernel<128, 2, at::native::gpu_kernel_impl_nocast<at::native::CUDAFunctor_add<float> >(at::TensorIteratorBase&, at::native::CUDAFunctor_add<float> const&)::{lambda(int)#1}>(int, at::native::gpu_kernel_impl_nocast<at::native::CUDAFunctor_add<float> >(at::TensorIteratorBase&, at::native::CUDAFunctor_add<float> const&)::{lambda(int)#1})",3649352652268.084,2.368,3649352652270.452,1,21,"[8, 1, 1]","[128, 1, 1]",16,0,0.1,0.4,1
1,gpu_memcpy,Memcpy DtoD (Device -> Device),3649352652300.884,1.472,3649352652302.356,1,21,,,,,,,
1,kernel,"void at::native::vectorized_elementwise_kernel<4, at::native::(anonymous namespace)::masked_fill_kernel(at::TensorIterator&, c10::Scalar const&)::{lambda()#1}::operator()() const::{lambda()#7}::operator()() const::{lambda(float, bool)#1}, std::array<char*, 3ul> >(int, at::native::(anonymous namespace)::masked_fill_kernel(at::TensorIterator&, c10::Scalar const&)::{lambda()#1}::operator()() const::{lambda()#7}::operator()() const::{lambda(float, bool)#1}, std::array<char*, 3ul>)",3649352652313.268,1.728,3649352652314.996,1,21,"[2, 1, 1]","[128, 1, 1]",32,0,0.025,0.1,0
1,gpu_memcpy,Memcpy DtoD (Device -> Device),3649352652336.692,1.44,3649352652338.132,1,21,,,,,,,
1,kernel,"void (anonymous namespace)::elementwise_kernel_with_index<int, at::native::arange_cuda_out(c10::Scalar const&, c10::Scalar const&, c10::Scalar const&, at::Tensor&)::{lambda()#1}::operator()() const::{lambda()#4}::operator()() const::{lambda(long)#1}>(int, at::native::arange_cuda_out(c10::Scalar const&, c10::Scalar const&, c10::Scalar const&, at::Tensor&)::{lambda()#1}::operator()() const::{lambda()#4}::operator()() const::{lambda(long)#1}, function_traits<at::native::arange_cuda_out(c10::Scalar const&, c10::Scalar const&, c10::Scalar const&, at::Tensor&)::{lambda()#1}::operator()() const::{lambda()#4}::operator()() const::{lambda(long)#1}>::result_type*)",3649352652354.196,1.312,3649352652355.508,1,21,"[1, 1, 1]","[64, 1, 1]",16,0,0.0125,0.025,0
1,kernel,"void at::native::elementwise_kernel<128, 2, at::native::gpu_kernel_impl_nocast<at::native::direct_copy_kernel_cuda(at::TensorIteratorBase&)::{lambda()#3}::operator()() const::{lambda()#4}::operator()() const::{lambda(long)#1}>(at::TensorIteratorBase&, at::native::direct_copy_kernel_cuda(at::TensorIteratorBase&)::{lambda()#3}::operator()() const::{lambda()#4}::operator()() const::{lambda(long)#1} const&)::{lambda(int)#1}>(int, at::native::gpu_kernel_impl_nocast<at::native::direct_copy_kernel_cuda(at::TensorIteratorBase&)::{lambda()#3}::operator()() const::{lambda()#4}::operator()() const::{lambda(long)#1}>(at::TensorIteratorBase&, at::native::direct_copy_kernel_cuda(at::TensorIteratorBase&)::{lambda()#3}::operator()() const::{lambda()#4}::operator()() const::{lambda(long)#1} const&)::{lambda(int)#1})",3649352652366.612,2.176,3649352652368.7876,1,21,"[8, 1, 1]","[128, 1, 1]",16,0,0.1,0.4,1
1,gpu_memcpy,Memcpy DtoD (Device -> Device),3649352652377.364,1.44,3649352652378.8037,1,21,,,,,,,
1,kernel,"void at::native::radixSortKVInPlace<2, -1, 16, 2, float, long, unsigned int>(at::cuda::detail::TensorInfo<float, unsigned int>, unsigned int, unsigned int, unsigned int, at::cuda::detail::TensorInfo<long, unsigned int>, unsigned int, bool)",3649352652387.443,8.033,3649352652395.476,1,21,"[512, 1, 1]","[16, 1, 1]",44,672,6.4,3.2,5
1,kernel,"void at::native::elementwise_kernel<128, 2, at::native::gpu_kernel_impl_nocast<at::native::direct_copy_kernel_cuda(at::TensorIteratorBase&)::{lambda()#3}::operator()() const::{lambda()#4}::operator()() const::{lambda(long)#1}>(at::TensorIteratorBase&, at::native::direct_copy_kernel_cuda(at::TensorIteratorBase&)::{lambda()#3}::operator()() const::{lambda()#4}::operator()() const::{lambda(long)#1} const&)::{lambda(int)#1}>(int, at::native::gpu_kernel_impl_nocast<at::native::direct_copy_kernel_cuda(at::TensorIteratorBase&)::{lambda()#3}::operator()() const::{lambda()#4}::operator()() const::{lambda(long)#1}>(at::TensorIteratorBase&, at::native::direct_copy_kernel_cuda(at::TensorIteratorBase&)::{lambda()#3}::operator()() const::{lambda()#4}::operator()() const::{lambda(long)#1} const&)::{lambda(int)#1})",3649352652444.211,2.24,3649352652446.451,1,21,"[2, 1, 1]","[128, 1, 1]",16,0,0.025,0.1,0
1,gpu_memcpy,Memcpy DtoH (Device -> Pinned),3649352652455.187,1.696,3649352652456.883,1,21,,,,,,,
1,kernel,volta_sgemm_32x32_sliced1x4_nn,3649352652614.674,16.385,3649352652631.0586,1,21,"[1, 16, 12]","[128, 1, 1]",86,32768,2.4,9.6,15
1,kernel,"void cublasLt::splitKreduce_kernel<32, 16, int, float, float, float, float, false, float, float, float, true, false, false>(cublasLt::cublasSplitKParams<float>, float const*, float const*, float*, float*, float const*, float const*, float const*, float const*, float*, void*, long, float*, int*, float*, float*, float const*, float const*, float const*, float const*, float const*)",3649352652631.955,2.464,3649352652634.419,1,21,"[1, 32, 1]","[32, 16, 1]",32,0,0.4,6.4,10
1,kernel,"void at::native::elementwise_kernel<128, 2, at::native::gpu_kernel_impl_nocast<at::native::CUDAFunctor_add<float> >(at::TensorIteratorBase&, at::native::CUDAFunctor_add<float> const&)::{lambda(int)#1}>(int, at::native::gpu_kernel_impl_nocast<at::native::CUDAFunctor_add<float> >(at::TensorIteratorBase&, at::native::CUDAFunctor_add<float> const&)::{lambda(int)#1})",3649352652643.154,2.368,3649352652645.522,1,21,"[8, 1, 1]","[128, 1, 1]",16,0,0.1,0.4,1
1,gpu_memcpy,Memcpy DtoD (Device -> Device),3649352652675.634,1.504,3649352652677.1377,1,21,,,,,,,
1,kernel,"void at::native::vectorized_elementwise_kernel<4, at::native::(anonymous namespace)::masked_fill_kernel(at::TensorIterator&, c10::Scalar const&)::{lambda()#1}::operator()() const::{lambda()#7}::operator()() const::{lambda(float, bool)#1}, std::array<char*, 3ul> >(int, at::native::(anonymous namespace)::masked_fill_kernel(at::TensorIterator&, c10::Scalar const&)::{lambda()#1}::operator()() const::{lambda()#7}::operator()() const::{lambda(float, bool)#1}, std::array<char*, 3ul>)",3649352652687.506,1.76,3649352652689.2656,1,21,"[2, 1, 1]","[128, 1, 1]",32,0,0.025,0.1,0
1,gpu_memcpy,Memcpy DtoD (Device -> Device),3649352653218.768,1.44,3649352653220.208,1,21,,,,,,,
1,kernel,"void (anonymous namespace)::elementwise_kernel_with_index<int, at::native::arange_cuda_out(c10::Scalar const&, c10::Scalar const&, c10::Scalar const&, at::Tensor&)::{lambda()#1}::operator()() const::{lambda()#4}::operator()() const::{lambda(long)#1}>(int, at::native::arange_cuda_out(c10::Scalar const&, c10::Scalar const&, c10::Scalar const&, at::Tensor&)::{lambda()#1}::operator()() const::{lambda()#4}::operator()() const::{lambda(long)#1}, function_traits<at::native::arange_cuda_out(c10::Scalar const&, c10::Scalar const&, c10::Scalar const&, at::Tensor&)::{lambda()#1}::operator()() const::{lambda()#4}::operator()() const::{lambda(long)#1}>::result_type*)",3649352653236.656,1.344,3649352653238.0,1,21,"[1, 1, 1]","[64, 1, 1]",16,0,0.0125,0.025,0
1,kernel,"void at::native::elementwise_kernel<128, 2, at::native::gpu_kernel_impl_nocast<at::native::direct_copy_kernel_cuda(at::TensorIteratorBase&)::{lambda()#3}::operator()() const::{lambda()#4}::operator()() const::{lambda(long)#1}>(at::TensorIteratorBase&, at::native::direct_copy_kernel_cuda(at::TensorIteratorBase&)::{lambda()#3}::operator()() const::{lambda()#4}::operator()() const::{lambda(long)#1} const&)::{lambda(int)#1}>(int, at::native::gpu_kernel_impl_nocast<at::native::direct_copy_kernel_cuda(at::TensorIteratorBase&)::{lambda()#3}::operator()() const::{lambda()#4}::operator()() const::{lambda(long)#1}>(at::TensorIteratorBase&, at::native::direct_copy_kernel_cuda(at::TensorIteratorBase&)::{lambda()#3}::operator()() const::{lambda()#4}::operator()() const::{lambda(long)#1} const&)::{lambda(int)#1})",3649352653249.712,2.208,3649352653251.92,1,21,"[8, 1, 1]","[128, 1, 1]",16,0,0.1,0.4,1
1,gpu_memcpy,Memcpy DtoD (Device -> Device),3649352653260.56,1.472,3649352653262.032,1,21,,,,,,,
1,kernel,"void at::native::radixSortKVInPlace<2, -1, 16, 2, float, long, unsigned int>(at::cuda::detail::TensorInfo<float, unsigned int>, unsigned int, unsigned int, unsigned int, at::cuda::detail::TensorInfo<long, unsigned int>, unsigned int, bool)",3649352653270.96,8.0,3649352653278.96,1,21,"[512, 1, 1]","[16, 1, 1]",44,672,6.4,3.2,5
1,kernel,"void at::native::elementwise_kernel<128, 2, at::native::gpu_kernel_impl_nocast<at::native::direct_copy_kernel_cuda(at::TensorIteratorBase&)::{lambda()#3}::operator()() const::{lambda()#4}::operator()() const::{lambda(long)#1}>(at::TensorIteratorBase&, at::native::direct_copy_kernel_cuda(at::TensorIteratorBase&)::{lambda()#3}::operator()() const::{lambda()#4}::operator()() const::{lambda(long)#1} const&)::{lambda(int)#1}>(int, at::native::gpu_kernel_impl_nocast<at::native::direct_copy_kernel_cuda(at::TensorIteratorBase&)::{lambda()#3}::operator()() const::{lambda()#4}::operator()() const::{lambda(long)#1}>(at::TensorIteratorBase&, at::native::direct_copy_kernel_cuda(at::TensorIteratorBase&)::{lambda()#3}::operator()() const::{lambda()#4}::operator()() const::{lambda(long)#1} const&)::{lambda(int)#1})",3649352653351.248,2.239,3649352653353.487,1,21,"[2, 1, 1]","[128, 1, 1]",16,0,0.025,0.1,0
1,gpu_memcpy,Memcpy DtoH (Device -> Pinned),3649352653362.415,1.664,3649352653364.079,1,21,,,,,,,
1,kernel,volta_sgemm_32x32_sliced1x4_nn,3649352653518.863,16.479,3649352653535.342,1,21,"[1, 16, 12]","[128, 1, 1]",86,32768,2.4,9.6,15
1,kernel,"void cublasLt::splitKreduce_kernel<32, 16, int, float, float, float, float, false, float, float, float, true, false, false>(cublasLt::cublasSplitKParams<float>, float const*, float const*, float*, float*, float const*, float const*, float const*, float const*, float*, void*, long, float*, int*, float*, float*, float const*, float const*, float const*, float const*, float const*)",3649352653536.206,2.432,3649352653538.638,1,21,"[1, 32, 1]","[32, 16, 1]",32,0,0.4,6.4,10
1,kernel,"void at::native::elementwise_kernel<128, 2, at::native::gpu_kernel_impl_nocast<at::native::CUDAFunctor_add<float> >(at::TensorIteratorBase&, at::native::CUDAFunctor_add<float> const&)::{lambda(int)#1}>(int, at::native::gpu_kernel_impl_nocast<at::native::CUDAFunctor_add<float> >(at::TensorIteratorBase&, at::native::CUDAFunctor_add<float> const&)::{lambda(int)#1})",3649352653547.759,2.368,3649352653550.127,1,21,"[8, 1, 1]","[128, 1, 1]",16,0,0.1,0.4,1
1,gpu_memcpy,Memcpy DtoD (Device -> Device),3649352653580.559,1.472,3649352653582.0312,1,21,,,,,,,
1,kernel,"void at::native::vectorized_elementwise_kernel<4, at::native::(anonymous namespace)::masked_fill_kernel(at::TensorIterator&, c10::Scalar const&)::{lambda()#1}::operator()() const::{lambda()#7}::operator()() const::{lambda(float, bool)#1}, std::array<char*, 3ul> >(int, at::native::(anonymous namespace)::masked_fill_kernel(at::TensorIterator&, c10::Scalar const&)::{lambda()#1}::operator()() const::{lambda()#7}::operator()() const::{lambda(float, bool)#1}, std::array<char*, 3ul>)",3649352653592.654,1.76,3649352653594.4136,1,21,"[2, 1, 1]","[128, 1, 1]",32,0,0.025,0.1,0
1,gpu_memcpy,Memcpy DtoD (Device -> Device),3649352653616.046,1.44,3649352653617.486,1,21,,,,,,,
1,kernel,"void (anonymous namespace)::elementwise_kernel_with_index<int, at::native::arange_cuda_out(c10::Scalar const&, c10::Scalar const&, c10::Scalar const&, at::Tensor&)::{lambda()#1}::operator()() const::{lambda()#4}::operator()() const::{lambda(long)#1}>(int, at::native::arange_cuda_out(c10::Scalar const&, c10::Scalar const&, c10::Scalar const&, at::Tensor&)::{lambda()#1}::operator()() const::{lambda()#4}::operator()() const::{lambda(long)#1}, function_traits<at::native::arange_cuda_out(c10::Scalar const&, c10::Scalar const&, c10::Scalar const&, at::Tensor&)::{lambda()#1}::operator()() const::{lambda()#4}::operator()() const::{lambda(long)#1}>::result_type*)",3649352653640.814,1.344,3649352653642.158,1,21,"[1, 1, 1]","[64, 1, 1]",16,0,0.0125,0.025,0
1,kernel,"void at::native::elementwise_kernel<128, 2, at::native::gpu_kernel_impl_nocast<at::native::direct_copy_kernel_cuda(at::TensorIteratorBase&)::{lambda()#3}::operator()() const::{lambda()#4}::operator()() const::{lambda(long)#1}>(at::TensorIteratorBase&, at::native::direct_copy_kernel_cuda(at::TensorIteratorBase&)::{lambda()#3}::operator()() const::{lambda()#4}::operator()() const::{lambda(long)#1} const&)::{lambda(int)#1}>(int, at::native::gpu_kernel_impl_nocast<at::native::direct_copy_kernel_cuda(at::TensorIteratorBase&)::{lambda()#3}::operator()() const::{lambda()#4}::operator()() const::{lambda(long)#1}>(at::TensorIteratorBase&, at::native::direct_copy_kernel_cuda(at::TensorIteratorBase&)::{lambda()#3}::operator()() const::{lambda()#4}::operator()() const::{lambda(long)#1} const&)::{lambda(int)#1})",3649352653654.222,2.176,3649352653656.398,1,21,"[8, 1, 1]","[128, 1, 1]",16,0,0.1,0.4,1
1,gpu_memcpy,Memcpy DtoD (Device -> Device),3649352653665.358,1.44,3649352653666.798,1,21,,,,,,,
1,kernel,"void at::native::radixSortKVInPlace<2, -1, 16, 2, float, long, unsigned int>(at::cuda::detail::TensorInfo<float, unsigned int>, unsigned int, unsigned int, unsigned int, at::cuda::detail::TensorInfo<long, unsigned int>, unsigned int, bool)",3649352653675.79,8.032,3649352653683.8223,1,21,"[512, 1, 1]","[16, 1, 1]",44,672,6.4,3.2,5
1,kernel,"void at::native::elementwise_kernel<128, 2, at::native::gpu_kernel_impl_nocast<at::native::direct_copy_kernel_cuda(at::TensorIteratorBase&)::{lambda()#3}::operator()() const::{lambda()#4}::operator()() const::{lambda(long)#1}>(at::TensorIteratorBase&, at::native::direct_copy_kernel_cuda(at::TensorIteratorBase&)::{lambda()#3}::operator()() const::{lambda()#4}::operator()() const::{lambda(long)#1} const&)::{lambda(int)#1}>(int, at::native::gpu_kernel_impl_nocast<at::native::direct_copy_kernel_cuda(at::TensorIteratorBase&)::{lambda()#3}::operator()() const::{lambda()#4}::operator()() const::{lambda(long)#1}>(at::TensorIteratorBase&, at::native::direct_copy_kernel_cuda(at::TensorIteratorBase&)::{lambda()#3}::operator()() const::{lambda()#4}::operator()() const::{lambda(long)#1} const&)::{lambda(int)#1})",3649352653750.062,2.24,3649352653752.3022,1,21,"[2, 1, 1]","[128, 1, 1]",16,0,0.025,0.1,0
1,gpu_memcpy,Memcpy DtoH (Device -> Pinned),3649352653759.822,1.76,3649352653761.5815,1,21,,,,,,,
1,gpu_memcpy,Memcpy HtoD (Pageable -> Device),3649352667463.954,1.344,3649352667465.2983,1,7,,,,,,,
1,gpu_memcpy,Memcpy DtoD (Device -> Device),3649352667503.442,2.208,3649352667505.65,1,7,,,,,,,
1,gpu_memcpy,Memcpy HtoD (Pageable -> Device),3649352668133.263,287.967,3649352668421.23,1,7,,,,,,,
1,gpu_memcpy,Memcpy DtoD (Device -> Device),3649352668475.534,8.448,3649352668483.9824,1,7,,,,,,,
1,gpu_memcpy,Memcpy HtoD (Pageable -> Device),3649352668606.957,1.344,3649352668608.3013,1,7,,,,,,,
1,gpu_memcpy,Memcpy DtoD (Device -> Device),3649352668631.917,1.408,3649352668633.325,1,7,,,,,,,
1,gpu_memcpy,Memcpy HtoD (Pageable -> Device),3649352668902.028,309.823,3649352669211.851,1,7,,,,,,,
1,gpu_memcpy,Memcpy DtoD (Device -> Device),3649352669251.53,6.944,3649352669258.4736,1,7,,,,,,,
1,kernel,"(anonymous namespace)::put_and_signal_kernel(mscclpp::MemoryChannelDeviceHandle, unsigned long, unsigned long, unsigned long)",3649352669539.945,990.396,3649352670530.341,1,25,"[1, 1, 1]","[256, 1, 1]",28,0,0.0125,0.1,0
1,gpu_memcpy,Memcpy DtoD (Device -> Device),3649352670534.213,8.128,3649352670542.341,1,25,,,,,,,
1,gpu_memcpy,Memcpy HtoD (Pageable -> Device),3649352687968.697,1.344,3649352687970.041,1,7,,,,,,,
1,gpu_memcpy,Memcpy DtoD (Device -> Device),3649352687998.393,2.24,3649352688000.6333,1,7,,,,,,,
1,gpu_memcpy,Memcpy HtoD (Pageable -> Device),3649352688259.064,313.151,3649352688572.215,1,7,,,,,,,
1,gpu_memcpy,Memcpy DtoD (Device -> Device),3649352688612.406,6.945,3649352688619.3506,1,7,,,,,,,
1,gpu_memcpy,Memcpy HtoD (Pageable -> Device),3649352688709.878,1.344,3649352688711.222,1,7,,,,,,,
1,gpu_memcpy,Memcpy DtoD (Device -> Device),3649352688733.046,1.408,3649352688734.454,1,7,,,,,,,
1,gpu_memcpy,Memcpy HtoD (Pageable -> Device),3649352688984.725,269.855,3649352689254.58,1,7,,,,,,,
1,gpu_memcpy,Memcpy DtoD (Device -> Device),3649352689290.867,7.232,3649352689298.099,1,7,,,,,,,
1,kernel,"(anonymous namespace)::put_and_signal_kernel(mscclpp::MemoryChannelDeviceHandle, unsigned long, unsigned long, unsigned long)",3649352689374.963,1149.531,3649352690524.4937,1,25,"[1, 1, 1]","[256, 1, 1]",28,0,0.0125,0.1,0
1,gpu_memcpy,Memcpy DtoD (Device -> Device),3649352690528.11,7.136,3649352690535.246,1,25,,,,,,,
1,gpu_memcpy,Memcpy HtoD (Pageable -> Device),3649352706344.297,1.344,3649352706345.641,1,7,,,,,,,
1,gpu_memcpy,Memcpy DtoD (Device -> Device),3649352706375.209,2.208,3649352706377.417,1,7,,,,,,,
1,gpu_memcpy,Memcpy HtoD (Pageable -> Device),3649352706630.12,282.879,3649352706912.999,1,7,,,,,,,
1,gpu_memcpy,Memcpy DtoD (Device -> Device),3649352706951.463,6.56,3649352706958.023,1,7,,,,,,,
1,gpu_memcpy,Memcpy HtoD (Pageable -> Device),3649352707045.767,1.344,3649352707047.1113,1,7,,,,,,,
1,gpu_memcpy,Memcpy DtoD (Device -> Device),3649352707069.382,1.44,3649352707070.822,1,7,,,,,,,
1,gpu_memcpy,Memcpy HtoD (Pageable -> Device),3649352707320.773,299.679,3649352707620.452,1,7,,,,,,,
1,gpu_memcpy,Memcpy DtoD (Device -> Device),3649352707655.94,6.688,3649352707662.628,1,7,,,,,,,
1,kernel,"(anonymous namespace)::put_and_signal_kernel(mscclpp::MemoryChannelDeviceHandle, unsigned long, unsigned long, unsigned long)",3649352707728.419,620.606,3649352708349.025,1,25,"[1, 1, 1]","[256, 1, 1]",28,0,0.0125,0.1,0
1,gpu_memcpy,Memcpy DtoD (Device -> Device),3649352708352.545,7.264,3649352708359.809,1,25,,,,,,,
1,gpu_memcpy,Memcpy HtoD (Pageable -> Device),3649352724684.538,1.344,3649352724685.8823,1,7,,,,,,,
1,gpu_memcpy,Memcpy DtoD (Device -> Device),3649352724714.329,2.016,3649352724716.345,1,7,,,,,,,
1,gpu_memcpy,Memcpy HtoD (Pageable -> Device),3649352724969.912,315.935,3649352725285.847,1,7,,,,,,,
1,gpu_memcpy,Memcpy DtoD (Device -> Device),3649352725324.919,6.624,3649352725331.543,1,7,,,,,,,
1,gpu_memcpy,Memcpy HtoD (Pageable -> Device),3649352725418.934,1.344,3649352725420.2783,1,7,,,,,,,
1,gpu_memcpy,Memcpy DtoD (Device -> Device),3649352725441.846,1.408,3649352725443.2544,1,7,,,,,,,
1,gpu_memcpy,Memcpy HtoD (Pageable -> Device),3649352725711.765,251.135,3649352725962.9,1,7,,,,,,,
1,gpu_memcpy,Memcpy DtoD (Device -> Device),3649352725998.868,6.688,3649352726005.556,1,7,,,,,,,
1,kernel,"(anonymous namespace)::put_and_signal_kernel(mscclpp::MemoryChannelDeviceHandle, unsigned long, unsigned long, unsigned long)",3649352726072.947,1049.116,3649352727122.063,1,25,"[1, 1, 1]","[256, 1, 1]",28,0,0.0125,0.1,0
1,gpu_memcpy,Memcpy DtoD (Device -> Device),3649352727125.711,6.976,3649352727132.687,1,25,,,,,,,
1,gpu_memcpy,Memcpy HtoD (Pageable -> Device),3649352743050.282,1.344,3649352743051.6265,1,7,,,,,,,
1,gpu_memcpy,Memcpy DtoD (Device -> Device),3649352743080.01,2.208,3649352743082.218,1,7,,,,,,,
1,gpu_memcpy,Memcpy HtoD (Pageable -> Device),3649352743332.361,297.918,3649352743630.279,1,7,,,,,,,
1,gpu_memcpy,Memcpy DtoD (Device -> Device),3649352743669.895,6.784,3649352743676.679,1,7,,,,,,,
1,gpu_memcpy,Memcpy HtoD (Pageable -> Device),3649352743762.567,1.344,3649352743763.911,1,7,,,,,,,
1,gpu_memcpy,Memcpy DtoD (Device -> Device),3649352743786.151,1.408,3649352743787.559,1,7,,,,,,,
1,gpu_memcpy,Memcpy HtoD (Pageable -> Device),3649352744033.51,281.854,3649352744315.364,1,7,,,,,,,
1,gpu_memcpy,Memcpy DtoD (Device -> Device),3649352744352.324,6.624,3649352744358.948,1,7,,,,,,,
1,kernel,"(anonymous namespace)::put_and_signal_kernel(mscclpp::MemoryChannelDeviceHandle, unsigned long, unsigned long, unsigned long)",3649352744427.716,1287.482,3649352745715.1978,1,25,"[1, 1, 1]","[256, 1, 1]",28,0,0.0125,0.1,0
1,gpu_memcpy,Memcpy DtoD (Device -> Device),3649352745718.814,6.848,3649352745725.662,1,25,,,,,,,
1,gpu_memcpy,Memcpy HtoD (Pageable -> Device),3649352761401.722,1.344,3649352761403.0664,1,7,,,,,,,
1,gpu_memcpy,Memcpy DtoD (Device -> Device),3649352761431.162,1.888,3649352761433.0503,1,7,,,,,,,
1,gpu_memcpy,Memcpy HtoD (Pageable -> Device),3649352761687.257,313.918,3649352762001.175,1,7,,,,,,,
1,gpu_memcpy,Memcpy DtoD (Device -> Device),3649352762039.191,7.264,3649352762046.455,1,7,,,,,,,
1,gpu_memcpy,Memcpy HtoD (Pageable -> Device),3649352762132.439,1.344,3649352762133.783,1,7,,,,,,,
1,gpu_memcpy,Memcpy DtoD (Device -> Device),3649352762155.479,1.408,3649352762156.887,1,7,,,,,,,
1,gpu_memcpy,Memcpy HtoD (Pageable -> Device),3649352762411.926,267.519,3649352762679.445,1,7,,,,,,,
1,gpu_memcpy,Memcpy DtoD (Device -> Device),3649352762715.125,6.527,3649352762721.652,1,7,,,,,,,
1,kernel,"(anonymous namespace)::put_and_signal_kernel(mscclpp::MemoryChannelDeviceHandle, unsigned long, unsigned long, unsigned long)",3649352762781.62,819.197,3649352763600.817,1,25,"[1, 1, 1]","[256, 1, 1]",28,0,0.0125,0.1,0
1,gpu_memcpy,Memcpy DtoD (Device -> Device),3649352763604.369,7.039,3649352763611.408,1,25,,,,,,,
1,gpu_memcpy,Memcpy HtoD (Pageable -> Device),3649352803898.818,1.344,3649352803900.162,1,7,,,,,,,
1,gpu_memcpy,Memcpy DtoD (Device -> Device),3649352803934.466,2.08,3649352803936.546,1,7,,,,,,,
1,gpu_memcpy,Memcpy HtoD (Pageable -> Device),3649352804202.112,729.181,3649352804931.293,1,7,,,,,,,
1,gpu_memcpy,Memcpy DtoD (Device -> Device),3649352804978.109,10.304,3649352804988.413,1,7,,,,,,,
1,gpu_memcpy,Memcpy HtoD (Pageable -> Device),3649352805083.165,1.344,3649352805084.5093,1,7,,,,,,,
1,gpu_memcpy,Memcpy DtoD (Device -> Device),3649352805106.845,1.696,3649352805108.541,1,7,,,,,,,
1,gpu_memcpy,Memcpy HtoD (Pageable -> Device),3649352805358.203,691.581,3649352806049.784,1,7,,,,,,,
1,gpu_memcpy,Memcpy DtoD (Device -> Device),3649352806090.136,9.664,3649352806099.8003,1,7,,,,,,,
1,kernel,"(anonymous namespace)::put_and_signal_kernel(mscclpp::MemoryChannelDeviceHandle, unsigned long, unsigned long, unsigned long)",3649352806162.424,2914.515,3649352809076.939,1,25,"[1, 1, 1]","[256, 1, 1]",28,0,0.0125,0.1,0
1,gpu_memcpy,Memcpy DtoD (Device -> Device),3649352809082.731,14.72,3649352809097.451,1,25,,,,,,,
1,kernel,(anonymous namespace)::wait_kernel(mscclpp::MemoryChannelDeviceHandle),3649352809109.003,2.528,3649352809111.531,1,25,"[1, 1, 1]","[1, 1, 1]",16,0,0.0125,0.000391,0
1,kernel,(anonymous namespace)::wait_kernel(mscclpp::MemoryChannelDeviceHandle),3649352809117.611,1.728,3649352809119.339,1,25,"[1, 1, 1]","[1, 1, 1]",16,0,0.0125,0.000391,0
1,kernel,(anonymous namespace)::wait_kernel(mscclpp::MemoryChannelDeviceHandle),3649352809125.387,1.728,3649352809127.115,1,25,"[1, 1, 1]","[1, 1, 1]",16,0,0.0125,0.000391,0
1,kernel,(anonymous namespace)::wait_kernel(mscclpp::MemoryChannelDeviceHandle),3649352809133.163,1.728,3649352809134.891,1,25,"[1, 1, 1]","[1, 1, 1]",16,0,0.0125,0.000391,0
1,kernel,(anonymous namespace)::wait_kernel(mscclpp::MemoryChannelDeviceHandle),3649352809140.939,1.728,3649352809142.667,1,25,"[1, 1, 1]","[1, 1, 1]",16,0,0.0125,0.000391,0
1,kernel,(anonymous namespace)::wait_kernel(mscclpp::MemoryChannelDeviceHandle),3649352809148.747,1.696,3649352809150.443,1,25,"[1, 1, 1]","[1, 1, 1]",16,0,0.0125,0.000391,0
1,kernel,(anonymous namespace)::wait_kernel(mscclpp::MemoryChannelDeviceHandle),3649352809156.523,1.696,3649352809158.2188,1,25,"[1, 1, 1]","[1, 1, 1]",16,0,0.0125,0.000391,0
1,gpu_memcpy,Memcpy DtoH (Device -> Pinned),3649352809354.026,1.792,3649352809355.818,1,7,,,,,,,
1,gpu_memcpy,Memcpy DtoH (Device -> Pageable),3649352809423.722,252.575,3649352809676.2974,1,7,,,,,,,
1,gpu_memcpy,Memcpy DtoH (Device -> Pinned),3649352810309.574,2.752,3649352810312.326,1,7,,,,,,,
1,gpu_memcpy,Memcpy DtoH (Device -> Pageable),3649352810375.046,259.999,3649352810635.045,1,7,,,,,,,
1,gpu_memcpy,Memcpy DtoH (Device -> Pinned),3649352813196.473,2.08,3649352813198.553,1,7,,,,,,,
1,gpu_memcpy,Memcpy DtoH (Device -> Pageable),3649352813248.249,224.511,3649352813472.7603,1,7,,,,,,,
1,gpu_memcpy,Memcpy DtoH (Device -> Pinned),3649352813972.086,1.984,3649352813974.07,1,7,,,,,,,
1,gpu_memcpy,Memcpy DtoH (Device -> Pageable),3649352814018.39,156.095,3649352814174.4854,1,7,,,,,,,
1,gpu_memcpy,Memcpy DtoH (Device -> Pinned),3649352817195.528,2.08,3649352817197.608,1,7,,,,,,,
1,gpu_memcpy,Memcpy DtoH (Device -> Pageable),3649352817244.808,159.231,3649352817404.039,1,7,,,,,,,
1,gpu_memcpy,Memcpy DtoH (Device -> Pinned),3649352817945.733,1.952,3649352817947.685,1,7,,,,,,,
1,gpu_memcpy,Memcpy DtoH (Device -> Pageable),3649352818002.212,763.869,3649352818766.081,1,7,,,,,,,
1,gpu_memcpy,Memcpy DtoH (Device -> Pinned),3649352823424.333,2.08,3649352823426.413,1,7,,,,,,,
1,gpu_memcpy,Memcpy DtoH (Device -> Pageable),3649352823472.813,157.055,3649352823629.868,1,7,,,,,,,
1,gpu_memcpy,Memcpy DtoH (Device -> Pinned),3649352824181.642,1.984,3649352824183.626,1,7,,,,,,,
1,gpu_memcpy,Memcpy DtoH (Device -> Pageable),3649352824227.498,151.103,3649352824378.601,1,7,,,,,,,
1,gpu_memcpy,Memcpy DtoH (Device -> Pinned),3649352825455.3,1.952,3649352825457.252,1,7,,,,,,,
1,gpu_memcpy,Memcpy DtoH (Device -> Pageable),3649352825513.54,793.948,3649352826307.4883,1,7,,,,,,,
1,gpu_memcpy,Memcpy DtoH (Device -> Pinned),3649352827441.756,1.984,3649352827443.7397,1,7,,,,,,,
1,gpu_memcpy,Memcpy DtoH (Device -> Pageable),3649352827497.403,160.896,3649352827658.299,1,7,,,,,,,
1,gpu_memcpy,Memcpy DtoH (Device -> Pinned),3649352831378.155,2.048,3649352831380.2026,1,7,,,,,,,
1,gpu_memcpy,Memcpy DtoH (Device -> Pageable),3649352831426.378,228.287,3649352831654.665,1,7,,,,,,,
1,gpu_memcpy,Memcpy DtoH (Device -> Pinned),3649352832153.383,2.016,3649352832155.399,1,7,,,,,,,
1,gpu_memcpy,Memcpy DtoH (Device -> Pageable),3649352832198.343,155.999,3649352832354.342,1,7,,,,,,,
1,gpu_memcpy,Memcpy DtoH (Device -> Pinned),3649352835641.976,2.08,3649352835644.056,1,7,,,,,,,
1,gpu_memcpy,Memcpy DtoH (Device -> Pageable),3649352835699.128,2214.486,3649352837913.614,1,7,,,,,,,
1,gpu_memcpy,Memcpy DtoH (Device -> Pinned),3649352840405.891,2.08,3649352840407.971,1,7,,,,,,,
1,gpu_memcpy,Memcpy DtoH (Device -> Pageable),3649352840462.243,1569.817,3649352842032.06,1,7,,,,,,,
1,gpu_memcpy,Memcpy HtoD (Pageable -> Device),3649352948632.398,6967.266,3649352955599.664,1,7,,,,,,,
1,gpu_memcpy,Memcpy HtoD (Pageable -> Device),3649352956289.581,3.136,3649352956292.7173,1,33,,,,,,,
1,kernel,"void at::native::vectorized_gather_kernel<16, long>(char*, char*, long*, int, long, long, long, long, bool)",3649352957084.713,44.992,3649352957129.705,1,33,"[1994, 2, 1]","[256, 1, 1]",32,0,49.849998,398.799988,100
1,kernel,volta_sgemm_32x32_sliced1x4_nn,3649352957559.815,52.48,3649352957612.295,1,33,"[1, 63, 3]","[128, 1, 1]",86,32768,2.3625,9.45,15
1,kernel,"void cublasLt::splitKreduce_kernel<32, 16, int, float, float, float, float, false, float, float, float, true, false, false>(cublasLt::cublasSplitKParams<float>, float const*, float const*, float*, float*, float const*, float const*, float const*, float const*, float*, void*, long, float*, int*, float*, float*, float const*, float const*, float const*, float const*, float const*)",3649352957613.319,3.936,3649352957617.255,1,33,"[1, 125, 1]","[32, 16, 1]",32,0,1.5625,25.0,39
1,kernel,"void at::native::elementwise_kernel<128, 2, at::native::gpu_kernel_impl_nocast<at::native::CUDAFunctor_add<float> >(at::TensorIteratorBase&, at::native::CUDAFunctor_add<float> const&)::{lambda(int)#1}>(int, at::native::gpu_kernel_impl_nocast<at::native::CUDAFunctor_add<float> >(at::TensorIteratorBase&, at::native::CUDAFunctor_add<float> const&)::{lambda(int)#1})",3649352957682.822,4.128,3649352957686.9497,1,33,"[250, 1, 1]","[128, 1, 1]",16,0,3.125,12.5,20
1,kernel,"void at::native::vectorized_elementwise_kernel<4, at::native::(anonymous namespace)::launch_clamp_scalar(at::TensorIteratorBase&, c10::Scalar, c10::Scalar, at::native::detail::ClampLimits)::{lambda()#1}::operator()() const::{lambda()#7}::operator()() const::{lambda(float)#1}, std::array<char*, 2ul> >(int, at::native::(anonymous namespace)::launch_clamp_scalar(at::TensorIteratorBase&, c10::Scalar, c10::Scalar, at::native::detail::ClampLimits)::{lambda()#1}::operator()() const::{lambda()#7}::operator()() const::{lambda(float)#1}, std::array<char*, 2ul>)",3649352973276.131,2.528,3649352973278.6587,1,33,"[63, 1, 1]","[128, 1, 1]",24,0,0.7875,3.15,5
1,kernel,volta_sgemm_32x128_nn,3649352973460.194,7.04,3649352973467.234,1,33,"[1, 16, 1]","[256, 1, 1]",57,16384,0.2,1.6,3
1,kernel,"void at::native::elementwise_kernel<128, 2, at::native::gpu_kernel_impl_nocast<at::native::CUDAFunctor_add<float> >(at::TensorIteratorBase&, at::native::CUDAFunctor_add<float> const&)::{lambda(int)#1}>(int, at::native::gpu_kernel_impl_nocast<at::native::CUDAFunctor_add<float> >(at::TensorIteratorBase&, at::native::CUDAFunctor_add<float> const&)::{lambda(int)#1})",3649352973526.178,3.2,3649352973529.3784,1,33,"[125, 1, 1]","[128, 1, 1]",16,0,1.5625,6.25,10
1,kernel,"void at::native::index_elementwise_kernel<128, 4, at::native::index_copy_kernel_impl<at::native::OpaqueType<4> >(at::TensorIterator&, long, long, long)::{lambda(int)#1}>(long, at::native::index_copy_kernel_impl<at::native::OpaqueType<4> >(at::TensorIterator&, long, long, long)::{lambda(int)#1})",3649352973631.649,5.024,3649352973636.673,1,33,"[63, 1, 1]","[128, 1, 1]",32,0,0.7875,3.15,5
1,gpu_memcpy,Memcpy HtoD (Pageable -> Device),3649352973808.032,3.168,3649352973811.2,1,33,,,,,,,
1,kernel,"void at::native::vectorized_gather_kernel<16, long>(char*, char*, long*, int, long, long, long, long, bool)",3649352974236.159,46.816,3649352974282.975,1,33,"[2071, 2, 1]","[256, 1, 1]",32,0,51.775002,414.200012,100
1,kernel,volta_sgemm_32x32_sliced1x4_nn,3649352974362.686,52.672,3649352974415.358,1,33,"[1, 65, 3]","[128, 1, 1]",86,32768,2.4375,9.75,15
1,kernel,"void cublasLt::splitKreduce_kernel<32, 16, int, float, float, float, float, false, float, float, float, true, false, false>(cublasLt::cublasSplitKParams<float>, float const*, float const*, float*, float*, float const*, float const*, float const*, float const*, float*, void*, long, float*, int*, float*, float*, float const*, float const*, float const*, float const*, float const*)",3649352974416.382,4.16,3649352974420.542,1,33,"[1, 130, 1]","[32, 16, 1]",32,0,1.625,26.0,41
1,kernel,"void at::native::elementwise_kernel<128, 2, at::native::gpu_kernel_impl_nocast<at::native::CUDAFunctor_add<float> >(at::TensorIteratorBase&, at::native::CUDAFunctor_add<float> const&)::{lambda(int)#1}>(int, at::native::gpu_kernel_impl_nocast<at::native::CUDAFunctor_add<float> >(at::TensorIteratorBase&, at::native::CUDAFunctor_add<float> const&)::{lambda(int)#1})",3649352974423.454,4.128,3649352974427.582,1,33,"[259, 1, 1]","[128, 1, 1]",16,0,3.2375,12.95,20
1,kernel,"void at::native::vectorized_elementwise_kernel<4, at::native::(anonymous namespace)::launch_clamp_scalar(at::TensorIteratorBase&, c10::Scalar, c10::Scalar, at::native::detail::ClampLimits)::{lambda()#1}::operator()() const::{lambda()#7}::operator()() const::{lambda(float)#1}, std::array<char*, 2ul> >(int, at::native::(anonymous namespace)::launch_clamp_scalar(at::TensorIteratorBase&, c10::Scalar, c10::Scalar, at::native::detail::ClampLimits)::{lambda()#1}::operator()() const::{lambda()#7}::operator()() const::{lambda(float)#1}, std::array<char*, 2ul>)",3649352974452.862,3.968,3649352974456.8296,1,33,"[65, 1, 1]","[128, 1, 1]",24,0,0.8125,3.25,5
1,kernel,volta_sgemm_32x128_nn,3649352974513.886,10.271,3649352974524.157,1,33,"[1, 17, 1]","[256, 1, 1]",57,16384,0.2125,1.7,3
1,kernel,"void at::native::elementwise_kernel<128, 2, at::native::gpu_kernel_impl_nocast<at::native::CUDAFunctor_add<float> >(at::TensorIteratorBase&, at::native::CUDAFunctor_add<float> const&)::{lambda(int)#1}>(int, at::native::gpu_kernel_impl_nocast<at::native::CUDAFunctor_add<float> >(at::TensorIteratorBase&, at::native::CUDAFunctor_add<float> const&)::{lambda(int)#1})",3649352974556.477,2.72,3649352974559.1973,1,33,"[130, 1, 1]","[128, 1, 1]",16,0,1.625,6.5,10
1,kernel,"void at::native::index_elementwise_kernel<128, 4, at::native::index_copy_kernel_impl<at::native::OpaqueType<4> >(at::TensorIterator&, long, long, long)::{lambda(int)#1}>(long, at::native::index_copy_kernel_impl<at::native::OpaqueType<4> >(at::TensorIterator&, long, long, long)::{lambda(int)#1})",3649352974590.365,4.544,3649352974594.909,1,33,"[65, 1, 1]","[128, 1, 1]",32,0,0.8125,3.25,5
1,gpu_memcpy,Memcpy DtoH (Device -> Pageable),3649352974721.949,21.664,3649352974743.6133,1,7,,,,,,,
1,gpu_memcpy,Memcpy HtoD (Pageable -> Device),3649352978682.06,5.183,3649352978687.243,1,7,,,,,,,
1,gpu_memcpy,Memcpy HtoD (Pageable -> Device),3649352978730.891,5.184,3649352978736.075,1,7,,,,,,,
1,gpu_memcpy,Memcpy HtoD (Pageable -> Device),3649352978794.763,1.376,3649352978796.139,1,7,,,,,,,
1,gpu_memcpy,Memcpy HtoD (Pageable -> Device),3649352997753.688,2.145,3649352997755.833,1,16,,,,,,,
1,gpu_memcpy,Memcpy HtoD (Pageable -> Device),3649352999204.243,1.632,3649352999205.875,1,16,,,,,,,
1,gpu_memcpy,Memcpy HtoD (Pageable -> Device),3649353001177.162,1.632,3649353001178.794,1,16,,,,,,,
1,gpu_memcpy,Memcpy HtoD (Pageable -> Device),3649353004213.565,1.632,3649353004215.197,1,16,,,,,,,
1,kernel,ncclDevKernel_SendRecv(ncclDevKernelArgsStorage<4096ul>),3649353004426.716,12.736,3649353004439.4517,1,17,"[2, 1, 1]","[640, 1, 1]",96,48384,0.025,0.5,1
1,gpu_memcpy,Memcpy DtoH (Device -> Pageable),3649353004609.723,2.656,3649353004612.379,1,7,,,,,,,
1,kernel,ncclDevKernel_SendRecv(ncclDevKernelArgsStorage<4096ul>),3649353004879.13,58.687,3649353004937.817,1,17,"[2, 1, 1]","[640, 1, 1]",96,48384,0.025,0.5,1
1,kernel,ncclDevKernel_SendRecv(ncclDevKernelArgsStorage<4096ul>),3649353005007.705,64.384,3649353005072.089,1,17,"[2, 1, 1]","[640, 1, 1]",96,48384,0.025,0.5,1
1,gpu_memcpy,Memcpy DtoH (Device -> Pageable),3649353005259.256,3.744,3649353005263.0,1,7,,,,,,,
1,gpu_memcpy,Memcpy DtoH (Device -> Pageable),3649353005344.28,3.616,3649353005347.896,1,7,,,,,,,
1,gpu_memcpy,Memcpy HtoD (Pageable -> Device),3649353008984.648,4.928,3649353008989.576,1,7,,,,,,,
1,gpu_memcpy,Memcpy HtoD (Pageable -> Device),3649353009030.856,4.96,3649353009035.816,1,7,,,,,,,
1,gpu_memcpy,Memcpy HtoD (Pageable -> Device),3649353009087.207,1.377,3649353009088.584,1,7,,,,,,,
1,kernel,ncclDevKernel_SendRecv(ncclDevKernelArgsStorage<4096ul>),3649353009355.494,197.344,3649353009552.8384,1,17,"[2, 1, 1]","[640, 1, 1]",96,48384,0.025,0.5,1
1,gpu_memcpy,Memcpy DtoH (Device -> Pageable),3649353009556.838,1.567,3649353009558.405,1,7,,,,,,,
1,kernel,ncclDevKernel_SendRecv(ncclDevKernelArgsStorage<4096ul>),3649353009757.221,127.199,3649353009884.4204,1,17,"[2, 1, 1]","[640, 1, 1]",96,48384,0.025,0.5,1
1,kernel,ncclDevKernel_SendRecv(ncclDevKernelArgsStorage<4096ul>),3649353009885.316,110.207,3649353009995.523,1,17,"[2, 1, 1]","[640, 1, 1]",96,48384,0.025,0.5,1
1,gpu_memcpy,Memcpy DtoH (Device -> Pageable),3649353010003.299,3.328,3649353010006.627,1,7,,,,,,,
1,gpu_memcpy,Memcpy DtoH (Device -> Pageable),3649353010073.411,3.36,3649353010076.771,1,7,,,,,,,
1,gpu_memcpy,Memcpy HtoD (Pageable -> Device),3649353013616.948,4.992,3649353013621.9404,1,7,,,,,,,
1,gpu_memcpy,Memcpy HtoD (Pageable -> Device),3649353013662.388,5.024,3649353013667.412,1,7,,,,,,,
1,gpu_memcpy,Memcpy HtoD (Pageable -> Device),3649353013714.035,1.376,3649353013715.411,1,7,,,,,,,
1,kernel,ncclDevKernel_SendRecv(ncclDevKernelArgsStorage<4096ul>),3649353013873.587,147.583,3649353014021.17,1,17,"[2, 1, 1]","[640, 1, 1]",96,48384,0.025,0.5,1
1,gpu_memcpy,Memcpy DtoH (Device -> Pageable),3649353014025.554,1.536,3649353014027.0903,1,7,,,,,,,
1,kernel,ncclDevKernel_SendRecv(ncclDevKernelArgsStorage<4096ul>),3649353014219.537,105.728,3649353014325.265,1,17,"[2, 1, 1]","[640, 1, 1]",96,48384,0.025,0.5,1
1,kernel,ncclDevKernel_SendRecv(ncclDevKernelArgsStorage<4096ul>),3649353014332.081,95.711,3649353014427.792,1,17,"[2, 1, 1]","[640, 1, 1]",96,48384,0.025,0.5,1
1,gpu_memcpy,Memcpy DtoH (Device -> Pageable),3649353014511.952,3.296,3649353014515.248,1,7,,,,,,,
1,gpu_memcpy,Memcpy DtoH (Device -> Pageable),3649353014584.944,3.296,3649353014588.2397,1,7,,,,,,,
1,gpu_memcpy,Memcpy HtoD (Pageable -> Device),3649353017961.729,4.8,3649353017966.529,1,7,,,,,,,
1,gpu_memcpy,Memcpy HtoD (Pageable -> Device),3649353018007.201,4.8,3649353018012.001,1,7,,,,,,,
1,gpu_memcpy,Memcpy HtoD (Pageable -> Device),3649353018057.281,1.344,3649353018058.625,1,7,,,,,,,
1,kernel,ncclDevKernel_SendRecv(ncclDevKernelArgsStorage<4096ul>),3649353018204.576,355.422,3649353018559.998,1,17,"[2, 1, 1]","[640, 1, 1]",96,48384,0.025,0.5,1
1,gpu_memcpy,Memcpy DtoH (Device -> Pageable),3649353018565.95,1.536,3649353018567.4863,1,7,,,,,,,
1,kernel,ncclDevKernel_SendRecv(ncclDevKernelArgsStorage<4096ul>),3649353018754.142,91.455,3649353018845.597,1,17,"[2, 1, 1]","[640, 1, 1]",96,48384,0.025,0.5,1
1,kernel,ncclDevKernel_SendRecv(ncclDevKernelArgsStorage<4096ul>),3649353018857.885,88.992,3649353018946.877,1,17,"[2, 1, 1]","[640, 1, 1]",96,48384,0.025,0.5,1
1,gpu_memcpy,Memcpy DtoH (Device -> Pageable),3649353019030.588,3.392,3649353019033.98,1,7,,,,,,,
1,gpu_memcpy,Memcpy DtoH (Device -> Pageable),3649353019105.308,3.36,3649353019108.668,1,7,,,,,,,
1,gpu_memcpy,Memcpy HtoD (Pageable -> Device),3649353022644.716,5.057,3649353022649.773,1,7,,,,,,,
1,gpu_memcpy,Memcpy HtoD (Pageable -> Device),3649353022691.405,5.023,3649353022696.4277,1,7,,,,,,,
1,gpu_memcpy,Memcpy HtoD (Pageable -> Device),3649353022740.492,1.344,3649353022741.8364,1,7,,,,,,,
1,kernel,ncclDevKernel_SendRecv(ncclDevKernelArgsStorage<4096ul>),3649353022945.131,7.712,3649353022952.843,1,17,"[2, 1, 1]","[640, 1, 1]",96,48384,0.025,0.5,1
1,gpu_memcpy,Memcpy DtoH (Device -> Pageable),3649353023041.451,1.76,3649353023043.211,1,7,,,,,,,
1,kernel,ncclDevKernel_SendRecv(ncclDevKernelArgsStorage<4096ul>),3649353023220.298,19.584,3649353023239.882,1,17,"[2, 1, 1]","[640, 1, 1]",96,48384,0.025,0.5,1
1,kernel,ncclDevKernel_SendRecv(ncclDevKernelArgsStorage<4096ul>),3649353023319.594,20.032,3649353023339.6265,1,17,"[2, 1, 1]","[640, 1, 1]",96,48384,0.025,0.5,1
1,gpu_memcpy,Memcpy DtoH (Device -> Pageable),3649353023433.481,3.36,3649353023436.841,1,7,,,,,,,
1,gpu_memcpy,Memcpy DtoH (Device -> Pageable),3649353023504.809,3.328,3649353023508.137,1,7,,,,,,,
1,gpu_memcpy,Memcpy HtoD (Pageable -> Device),3649353026981.402,4.96,3649353026986.362,1,7,,,,,,,
1,gpu_memcpy,Memcpy HtoD (Pageable -> Device),3649353027027.994,4.992,3649353027032.9863,1,7,,,,,,,
1,gpu_memcpy,Memcpy HtoD (Pageable -> Device),3649353027076.217,1.344,3649353027077.561,1,7,,,,,,,
1,kernel,ncclDevKernel_SendRecv(ncclDevKernelArgsStorage<4096ul>),3649353027218.681,7.712,3649353027226.393,1,17,"[2, 1, 1]","[640, 1, 1]",96,48384,0.025,0.5,1
1,gpu_memcpy,Memcpy DtoH (Device -> Pageable),3649353027307.864,1.536,3649353027309.4,1,7,,,,,,,
1,kernel,ncclDevKernel_SendRecv(ncclDevKernelArgsStorage<4096ul>),3649353027478.808,19.968,3649353027498.776,1,17,"[2, 1, 1]","[640, 1, 1]",96,48384,0.025,0.5,1
1,kernel,ncclDevKernel_SendRecv(ncclDevKernelArgsStorage<4096ul>),3649353027575.159,19.712,3649353027594.871,1,17,"[2, 1, 1]","[640, 1, 1]",96,48384,0.025,0.5,1
1,gpu_memcpy,Memcpy DtoH (Device -> Pageable),3649353027728.727,3.327,3649353027732.054,1,7,,,,,,,
1,gpu_memcpy,Memcpy DtoH (Device -> Pageable),3649353027796.438,3.296,3649353027799.734,1,7,,,,,,,
1,gpu_memcpy,Memcpy HtoD (Pageable -> Device),3649353034361.53,8.576,3649353034370.106,1,7,,,,,,,
1,gpu_memcpy,Memcpy HtoD (Pageable -> Device),3649353034421.754,8.575,3649353034430.329,1,7,,,,,,,
1,gpu_memcpy,Memcpy HtoD (Pageable -> Device),3649353034473.849,1.344,3649353034475.1934,1,7,,,,,,,
1,kernel,ncclDevKernel_SendRecv(ncclDevKernelArgsStorage<4096ul>),3649353034616.825,7.648,3649353034624.473,1,17,"[2, 1, 1]","[640, 1, 1]",96,48384,0.025,0.5,1
1,gpu_memcpy,Memcpy DtoH (Device -> Pageable),3649353034706.04,1.536,3649353034707.576,1,7,,,,,,,
1,kernel,ncclDevKernel_SendRecv(ncclDevKernelArgsStorage<4096ul>),3649353034879.768,19.743,3649353034899.511,1,17,"[2, 1, 1]","[640, 1, 1]",96,48384,0.025,0.5,1
1,kernel,ncclDevKernel_SendRecv(ncclDevKernelArgsStorage<4096ul>),3649353034976.599,18.272,3649353034994.871,1,17,"[2, 1, 1]","[640, 1, 1]",96,48384,0.025,0.5,1
1,gpu_memcpy,Memcpy DtoH (Device -> Pageable),3649353035171.03,5.792,3649353035176.822,1,7,,,,,,,
1,gpu_memcpy,Memcpy DtoH (Device -> Pageable),3649353035261.91,5.76,3649353035267.67,1,7,,,,,,,
1,gpu_memcpy,Memcpy HtoD (Pageable -> Device),3649353036217.938,2.304,3649353036220.242,1,7,,,,,,,
1,kernel,"void at::native::vectorized_gather_kernel<16, long>(char*, char*, long*, int, long, long, long, long, bool)",3649353036314.929,24.608,3649353036339.537,1,7,"[1056, 2, 1]","[256, 1, 1]",32,0,26.4,211.199997,100
1,kernel,volta_sgemm_32x32_sliced1x4_nn,3649353036456.209,30.4,3649353036486.609,1,7,"[1, 33, 5]","[128, 1, 1]",86,32768,2.0625,8.25,13
1,kernel,"void cublasLt::splitKreduce_kernel<32, 16, int, float, float, float, float, false, float, float, float, true, false, false>(cublasLt::cublasSplitKParams<float>, float const*, float const*, float*, float*, float const*, float const*, float const*, float const*, float*, void*, long, float*, int*, float*, float*, float const*, float const*, float const*, float const*, float const*)",3649353036487.569,3.52,3649353036491.089,1,7,"[1, 66, 1]","[32, 16, 1]",32,0,0.825,13.2,21
1,kernel,"void at::native::elementwise_kernel<128, 2, at::native::gpu_kernel_impl_nocast<at::native::CUDAFunctor_add<float> >(at::TensorIteratorBase&, at::native::CUDAFunctor_add<float> const&)::{lambda(int)#1}>(int, at::native::gpu_kernel_impl_nocast<at::native::CUDAFunctor_add<float> >(at::TensorIteratorBase&, at::native::CUDAFunctor_add<float> const&)::{lambda(int)#1})",3649353036522.672,3.04,3649353036525.712,1,7,"[132, 1, 1]","[128, 1, 1]",16,0,1.65,6.6,10
1,kernel,"void at::native::vectorized_elementwise_kernel<4, at::native::(anonymous namespace)::launch_clamp_scalar(at::TensorIteratorBase&, c10::Scalar, c10::Scalar, at::native::detail::ClampLimits)::{lambda()#1}::operator()() const::{lambda()#7}::operator()() const::{lambda(float)#1}, std::array<char*, 2ul> >(int, at::native::(anonymous namespace)::launch_clamp_scalar(at::TensorIteratorBase&, c10::Scalar, c10::Scalar, at::native::detail::ClampLimits)::{lambda()#1}::operator()() const::{lambda()#7}::operator()() const::{lambda(float)#1}, std::array<char*, 2ul>)",3649353036564.304,1.984,3649353036566.288,1,7,"[33, 1, 1]","[128, 1, 1]",24,0,0.4125,1.65,3
1,kernel,volta_sgemm_128x32_nn,3649353036678.096,6.752,3649353036684.848,1,7,"[1, 33, 1]","[256, 1, 1]",57,16384,0.4125,3.3,5
1,kernel,"void at::native::elementwise_kernel<128, 2, at::native::gpu_kernel_impl_nocast<at::native::CUDAFunctor_add<float> >(at::TensorIteratorBase&, at::native::CUDAFunctor_add<float> const&)::{lambda(int)#1}>(int, at::native::gpu_kernel_impl_nocast<at::native::CUDAFunctor_add<float> >(at::TensorIteratorBase&, at::native::CUDAFunctor_add<float> const&)::{lambda(int)#1})",3649353036725.648,3.487,3649353036729.135,1,7,"[66, 1, 1]","[128, 1, 1]",16,0,0.825,3.3,5
1,kernel,"void at::native::index_elementwise_kernel<128, 4, at::native::index_copy_kernel_impl<at::native::OpaqueType<4> >(at::TensorIterator&, long, long, long)::{lambda(int)#1}>(long, at::native::index_copy_kernel_impl<at::native::OpaqueType<4> >(at::TensorIterator&, long, long, long)::{lambda(int)#1})",3649353036759.535,6.176,3649353036765.711,1,7,"[33, 1, 1]","[128, 1, 1]",32,0,0.4125,1.65,3
1,gpu_memcpy,Memcpy HtoD (Pageable -> Device),3649353036857.583,2.208,3649353036859.791,1,7,,,,,,,
1,kernel,"void at::native::vectorized_gather_kernel<16, long>(char*, char*, long*, int, long, long, long, long, bool)",3649353037381.805,21.92,3649353037403.725,1,7,"[978, 2, 1]","[256, 1, 1]",32,0,24.450001,195.600006,100
1,kernel,volta_sgemm_32x128_nn,3649353037498.668,26.528,3649353037525.196,1,7,"[1, 8, 20]","[256, 1, 1]",57,16384,2.0,16.0,25
1,kernel,"void cublasLt::splitKreduce_kernel<32, 16, int, float, float, float, float, false, float, float, float, true, false, false>(cublasLt::cublasSplitKParams<float>, float const*, float const*, float*, float*, float const*, float const*, float const*, float const*, float*, void*, long, float*, int*, float*, float*, float const*, float const*, float const*, float const*, float const*)",3649353037526.156,4.928,3649353037531.084,1,7,"[1, 62, 1]","[32, 16, 1]",32,0,0.775,12.4,19
1,kernel,"void at::native::elementwise_kernel<128, 2, at::native::gpu_kernel_impl_nocast<at::native::CUDAFunctor_add<float> >(at::TensorIteratorBase&, at::native::CUDAFunctor_add<float> const&)::{lambda(int)#1}>(int, at::native::gpu_kernel_impl_nocast<at::native::CUDAFunctor_add<float> >(at::TensorIteratorBase&, at::native::CUDAFunctor_add<float> const&)::{lambda(int)#1})",3649353037922.698,3.393,3649353037926.0913,1,7,"[123, 1, 1]","[128, 1, 1]",16,0,1.5375,6.15,10
1,kernel,"void at::native::vectorized_elementwise_kernel<4, at::native::(anonymous namespace)::launch_clamp_scalar(at::TensorIteratorBase&, c10::Scalar, c10::Scalar, at::native::detail::ClampLimits)::{lambda()#1}::operator()() const::{lambda()#7}::operator()() const::{lambda(float)#1}, std::array<char*, 2ul> >(int, at::native::(anonymous namespace)::launch_clamp_scalar(at::TensorIteratorBase&, c10::Scalar, c10::Scalar, at::native::detail::ClampLimits)::{lambda()#1}::operator()() const::{lambda()#7}::operator()() const::{lambda(float)#1}, std::array<char*, 2ul>)",3649353037962.634,3.648,3649353037966.2817,1,7,"[31, 1, 1]","[128, 1, 1]",24,0,0.3875,1.55,2
1,kernel,volta_sgemm_128x32_nn,3649353038040.97,5.728,3649353038046.698,1,7,"[1, 31, 1]","[256, 1, 1]",57,16384,0.3875,3.1,5
1,kernel,"void at::native::elementwise_kernel<128, 2, at::native::gpu_kernel_impl_nocast<at::native::CUDAFunctor_add<float> >(at::TensorIteratorBase&, at::native::CUDAFunctor_add<float> const&)::{lambda(int)#1}>(int, at::native::gpu_kernel_impl_nocast<at::native::CUDAFunctor_add<float> >(at::TensorIteratorBase&, at::native::CUDAFunctor_add<float> const&)::{lambda(int)#1})",3649353038084.585,2.753,3649353038087.338,1,7,"[62, 1, 1]","[128, 1, 1]",16,0,0.775,3.1,5
1,kernel,"void at::native::index_elementwise_kernel<128, 4, at::native::index_copy_kernel_impl<at::native::OpaqueType<4> >(at::TensorIterator&, long, long, long)::{lambda(int)#1}>(long, at::native::index_copy_kernel_impl<at::native::OpaqueType<4> >(at::TensorIterator&, long, long, long)::{lambda(int)#1})",3649353038116.905,4.545,3649353038121.4497,1,7,"[31, 1, 1]","[128, 1, 1]",32,0,0.3875,1.55,2
1,gpu_memcpy,Memcpy HtoD (Pageable -> Device),3649353038223.305,2.272,3649353038225.577,1,7,,,,,,,
1,kernel,"void at::native::vectorized_gather_kernel<16, long>(char*, char*, long*, int, long, long, long, long, bool)",3649353038291.113,23.744,3649353038314.857,1,7,"[1041, 2, 1]","[256, 1, 1]",32,0,26.025,208.199997,100
1,kernel,volta_sgemm_32x32_sliced1x4_nn,3649353038388.104,33.6,3649353038421.704,1,7,"[1, 33, 5]","[128, 1, 1]",86,32768,2.0625,8.25,13
1,kernel,"void cublasLt::splitKreduce_kernel<32, 16, int, float, float, float, float, false, float, float, float, true, false, false>(cublasLt::cublasSplitKParams<float>, float const*, float const*, float*, float*, float const*, float const*, float const*, float const*, float*, void*, long, float*, int*, float*, float*, float const*, float const*, float const*, float const*, float const*)",3649353038422.76,3.168,3649353038425.9277,1,7,"[1, 66, 1]","[32, 16, 1]",32,0,0.825,13.2,21
1,kernel,"void at::native::elementwise_kernel<128, 2, at::native::gpu_kernel_impl_nocast<at::native::CUDAFunctor_add<float> >(at::TensorIteratorBase&, at::native::CUDAFunctor_add<float> const&)::{lambda(int)#1}>(int, at::native::gpu_kernel_impl_nocast<at::native::CUDAFunctor_add<float> >(at::TensorIteratorBase&, at::native::CUDAFunctor_add<float> const&)::{lambda(int)#1})",3649353038443.4,3.04,3649353038446.44,1,7,"[131, 1, 1]","[128, 1, 1]",16,0,1.6375,6.55,10
1,kernel,"void at::native::vectorized_elementwise_kernel<4, at::native::(anonymous namespace)::launch_clamp_scalar(at::TensorIteratorBase&, c10::Scalar, c10::Scalar, at::native::detail::ClampLimits)::{lambda()#1}::operator()() const::{lambda()#7}::operator()() const::{lambda(float)#1}, std::array<char*, 2ul> >(int, at::native::(anonymous namespace)::launch_clamp_scalar(at::TensorIteratorBase&, c10::Scalar, c10::Scalar, at::native::detail::ClampLimits)::{lambda()#1}::operator()() const::{lambda()#7}::operator()() const::{lambda(float)#1}, std::array<char*, 2ul>)",3649353038471.72,2.976,3649353038474.6963,1,7,"[33, 1, 1]","[128, 1, 1]",24,0,0.4125,1.65,3
1,kernel,volta_sgemm_128x32_nn,3649353038530.12,5.856,3649353038535.976,1,7,"[1, 33, 1]","[256, 1, 1]",57,16384,0.4125,3.3,5
1,kernel,"void at::native::elementwise_kernel<128, 2, at::native::gpu_kernel_impl_nocast<at::native::CUDAFunctor_add<float> >(at::TensorIteratorBase&, at::native::CUDAFunctor_add<float> const&)::{lambda(int)#1}>(int, at::native::gpu_kernel_impl_nocast<at::native::CUDAFunctor_add<float> >(at::TensorIteratorBase&, at::native::CUDAFunctor_add<float> const&)::{lambda(int)#1})",3649353038566.887,2.688,3649353038569.575,1,7,"[66, 1, 1]","[128, 1, 1]",16,0,0.825,3.3,5
1,kernel,"void at::native::index_elementwise_kernel<128, 4, at::native::index_copy_kernel_impl<at::native::OpaqueType<4> >(at::TensorIterator&, long, long, long)::{lambda(int)#1}>(long, at::native::index_copy_kernel_impl<at::native::OpaqueType<4> >(at::TensorIterator&, long, long, long)::{lambda(int)#1})",3649353038598.759,4.736,3649353038603.4946,1,7,"[33, 1, 1]","[128, 1, 1]",32,0,0.4125,1.65,3
1,gpu_memcpy,Memcpy HtoD (Pageable -> Device),3649353038688.871,2.272,3649353038691.143,1,7,,,,,,,
1,kernel,"void at::native::vectorized_gather_kernel<16, long>(char*, char*, long*, int, long, long, long, long, bool)",3649353038756.679,21.856,3649353038778.535,1,7,"[1021, 2, 1]","[256, 1, 1]",32,0,25.525,204.199997,100
1,kernel,volta_sgemm_32x128_nn,3649353038848.518,27.36,3649353038875.878,1,7,"[1, 8, 20]","[256, 1, 1]",57,16384,2.0,16.0,25
1,kernel,"void cublasLt::splitKreduce_kernel<32, 16, int, float, float, float, float, false, float, float, float, true, false, false>(cublasLt::cublasSplitKParams<float>, float const*, float const*, float*, float*, float const*, float const*, float const*, float const*, float*, void*, long, float*, int*, float*, float*, float const*, float const*, float const*, float const*, float const*)",3649353038876.774,4.0,3649353038880.774,1,7,"[1, 64, 1]","[32, 16, 1]",32,0,0.8,12.8,20
1,kernel,"void at::native::elementwise_kernel<128, 2, at::native::gpu_kernel_impl_nocast<at::native::CUDAFunctor_add<float> >(at::TensorIteratorBase&, at::native::CUDAFunctor_add<float> const&)::{lambda(int)#1}>(int, at::native::gpu_kernel_impl_nocast<at::native::CUDAFunctor_add<float> >(at::TensorIteratorBase&, at::native::CUDAFunctor_add<float> const&)::{lambda(int)#1})",3649353038907.334,3.136,3649353038910.47,1,7,"[128, 1, 1]","[128, 1, 1]",16,0,1.6,6.4,10
1,kernel,"void at::native::vectorized_elementwise_kernel<4, at::native::(anonymous namespace)::launch_clamp_scalar(at::TensorIteratorBase&, c10::Scalar, c10::Scalar, at::native::detail::ClampLimits)::{lambda()#1}::operator()() const::{lambda()#7}::operator()() const::{lambda(float)#1}, std::array<char*, 2ul> >(int, at::native::(anonymous namespace)::launch_clamp_scalar(at::TensorIteratorBase&, c10::Scalar, c10::Scalar, at::native::detail::ClampLimits)::{lambda()#1}::operator()() const::{lambda()#7}::operator()() const::{lambda(float)#1}, std::array<char*, 2ul>)",3649353038957.222,2.848,3649353038960.0703,1,7,"[32, 1, 1]","[128, 1, 1]",24,0,0.4,1.6,3
1,kernel,volta_sgemm_128x32_nn,3649353039025.478,5.759,3649353039031.237,1,7,"[1, 32, 1]","[256, 1, 1]",57,16384,0.4,3.2,5
1,kernel,"void at::native::elementwise_kernel<128, 2, at::native::gpu_kernel_impl_nocast<at::native::CUDAFunctor_add<float> >(at::TensorIteratorBase&, at::native::CUDAFunctor_add<float> const&)::{lambda(int)#1}>(int, at::native::gpu_kernel_impl_nocast<at::native::CUDAFunctor_add<float> >(at::TensorIteratorBase&, at::native::CUDAFunctor_add<float> const&)::{lambda(int)#1})",3649353039069.029,2.656,3649353039071.6846,1,7,"[64, 1, 1]","[128, 1, 1]",16,0,0.8,3.2,5
1,kernel,"void at::native::index_elementwise_kernel<128, 4, at::native::index_copy_kernel_impl<at::native::OpaqueType<4> >(at::TensorIterator&, long, long, long)::{lambda(int)#1}>(long, at::native::index_copy_kernel_impl<at::native::OpaqueType<4> >(at::TensorIterator&, long, long, long)::{lambda(int)#1})",3649353039103.173,4.512,3649353039107.685,1,7,"[32, 1, 1]","[128, 1, 1]",32,0,0.4,1.6,3
1,gpu_memcpy,Memcpy DtoH (Device -> Pageable),3649353039222.981,20.864,3649353039243.8447,1,7,,,,,,,
1,gpu_memcpy,Memcpy DtoH (Device -> Pageable),3649353377162.378,80.64,3649353377243.018,1,7,,,,,,,
1,gpu_memcpy,Memcpy DtoH (Device -> Pageable),3649353377753.415,2.144,3649353377755.559,1,7,,,,,,,
1,gpu_memcpy,Memcpy DtoH (Device -> Pageable),3649353377806.887,2.432,3649353377809.3193,1,7,,,,,,,
1,gpu_memcpy,Memcpy DtoH (Device -> Pageable),3649353377851.847,2.368,3649353377854.2153,1,7,,,,,,,
