seed,family,job,rank,mode,descriptor_index,trigger,chunk_ids,tokens,T0,T1,T2,T3,T4,T5,T6,T7,T8,T9,T10,T11,T12,T13,T14,T15,T16,T17,T18,T19,T20,T21,reveal_to_commit_us,packing_delay_us,post_pack_enqueue_delay_us,gpu_queue_delay_us,gpu_queue_clock_map_raw_us,adapter_issue_host_ns,adapter_issue_before_final_router,ready_to_gpu_start_us,bridge_publish_delay_us,state_binder_guard_us,frozen_cpu_packing_us,digest_bookkeeping_us,adapter_cpu_byte_pack_us,native_wrapper_to_launch_return_us,kernel_launch_api_us,put_kernel_duration_us,queue_previous_put_us,queue_future_router_us,queue_staging_us,queue_other_idle_us,native_put_issue_before_final_router,put_gpu_start_after_final_router,router_put_gpu_overlap,wrong_event_dependency,future_pack_dependency,event_reuse_hazard,put_blocked_by_previous_wait,put_blocked_by_previous_put,put_blocked_by_unresolved_event,pack_event_id,pack_event_producer_stream,comm_stream,comm_stream_sequence_number,preceding_operation,dependency_resolved_sync
13042,balanced,0,0,normal,0,0,0,512,10813313623090879,10813313623459348,10813313763262454,10813313763429307,10813313768876413,10813313768988281,10813313769119474,10813313783072179,10813313769208672,10813313783127720,10813313785044651,10813313785042692,10813313785053929,10813313785164658,10813313785170484,10813313785350274,10813313785178420,10813313786463545,N/A,10813313926534483,10813313926546733,10813313768609682,19809.725,1972.472,305.623,0.0,-171.854,10813313782314735,False,21915.966,166.853,5690.167,841.037,12186.045,676.301,185.616,179.79,1285.125,0.0,0.0,0.0,0.0,False,True,False,0,0,0,0,0,0,139860574623392,0,158579856,1,origin_event,False
13042,balanced,0,0,normal,1,1,1,512,10813313763411874,10813313766190708,10813313766650896,10813313766712725,10813313789154742,10813313789252419,10813313789334954,10813313803423875,10813313789422079,10813313803470524,10813313804817082,10813313804814189,10813313804824108,10813313804921825,10813313804927851,10813313804934687,10813313804935483,10813313805474108,N/A,10813313926548795,10813313926553920,10813313768609682,36772.979,1393.207,117.605,0.796,0.796,10813313801493041,False,38284.587,61.829,22622.229,840.112,11175.405,1867.42,12.862,6.836,538.625,0.0,0.0,0.0,0.796,False,True,False,0,0,0,0,0,0,139860574624512,0,158579856,2,previous_put_or_self_copy,False
13042,balanced,0,0,normal,2,2,2,512,10813313766712715,10813313766809680,10813313767043566,10813313767068837,10813313808781264,10813313808897765,10813313808985458,10813313821799898,10813313809067792,10813313821844151,10813313823165104,10813313823159363,10813313823167959,10813313823261701,10813313823267216,10813313823273268,10813313823275326,10813313823916326,N/A,10813313926555951,10813313926561076,10813313768609682,54756.332,1365.206,108.164,2.058,2.058,10813313821225275,False,56231.76,25.271,41916.621,839.44,11267.089,522.09,11.567,6.052,641.0,0.0,0.0,0.0,2.058,False,True,False,0,0,0,0,0,0,139860574625632,0,158579856,3,previous_put_or_self_copy,False
13042,balanced,0,0,normal,3,3,3,512,10813313767068502,10813313767141100,10813313767339022,10813313767366925,10813313827103877,10813313827228354,10813313827312808,10813313840071387,10813313827391900,10813313840115391,10813313841414829,10813313841409262,10813313841417838,10813313841512418,10813313841517936,10813313841524016,10813313841526076,10813313842363701,N/A,10813313926564171,10813313926568264,10813313768609682,72732.365,1343.442,109.187,2.06,2.06,10813313839489877,False,74187.054,27.903,59945.883,843.179,11208.02,530.295,11.598,6.08,837.625,0.0,0.0,0.0,2.06,False,True,False,0,0,0,0,0,0,139860574626752,0,158579856,4,previous_put_or_self_copy,False
13042,balanced,0,0,normal,4,4,4,512,10813313767366848,10813313767462360,10813313767675158,10813313767699712,10813313849069270,10813313849216427,10813313849330375,10813313862149929,10813313849400435,10813313862196903,10813313863527104,10813313863521501,10813313863529929,10813313863626211,10813313863631707,10813313863637973,10813313863640358,10813313864547670,N/A,10813313926571327,10813313926575420,10813313768609682,94474.771,1377.175,110.869,2.385,2.385,10813313861464535,False,95965.2,24.554,81630.663,836.951,11177.973,622.616,11.762,6.266,907.312,0.0,0.0,0.0,2.385,False,True,False,0,0,0,0,0,0,139860574627872,0,158579856,5,previous_put_or_self_copy,False
13042,balanced,0,0,normal,5,5,5,512,10813313767699677,10813313767766680,10813313768063342,10813313768088598,10813313867329396,10813313867477166,10813313867585122,10813313880383424,10813313867652800,10813313880428227,10813313881762486,10813313881756526,10813313881764779,10813313881857647,10813313881863085,10813313881869461,10813313881871701,10813313882659139,N/A,10813313926578483,10813313926582608,10813313768609682,112320.082,1379.062,106.975,2.24,2.24,10813313879698800,False,113808.359,25.256,99496.524,842.197,11155.894,632.724,11.814,6.376,787.438,0.0,0.0,0.0,2.24,False,True,False,0,0,0,0,0,0,139860574628992,0,158579856,6,previous_put_or_self_copy,False
13042,balanced,0,0,normal,6,7,6+7,1024,10813313768360589,10813313768424532,10813313768609682,10813313768630849,10813313889053029,10813313889357346,10813313889465410,10813313921439869,10813313889537723,10813313921501865,10813313923784367,10813313923779101,10813313923788455,10813313923900010,10813313923906037,10813313923913349,10813313923915045,10813313926532389,N/A,10813313926585640,10813313931495733,10813313768609682,152830.187,2344.498,128.982,1.696,1.696,10813313918099934,False,155305.363,21.167,120834.561,1665.62,26840.558,3282.321,13.339,7.312,2617.344,0.0,0.0,0.0,1.696,False,True,False,0,0,0,0,0,0,139860574630784,0,158579856,7,previous_put_or_self_copy,False
13042,balanced,0,0,router_absent,0,0,0,512,10813314672698079,10813314673024936,10813314673812264,10813314673992933,10813314678214259,10813314678295823,10813314678413879,10813314691832314,10813314678490519,10813314691880027,10813314693345375,10813314693342356,10813314693351990,10813314693455141,10813314693460415,10813314693473150,10813314693466591,10813314694372833,N/A,10813314829558232,10813314829563372,10813314790272838,18020.05,1513.061,127.775,0.0,-6.559,10813314691126166,True,19654.327,180.669,4420.946,828.878,11754.514,649.05,18.009,12.735,906.242,0.0,0.0,0.0,0.0,True,False,True,0,0,0,0,0,0,139860574621488,0,158579856,1,origin_event,False
13042,balanced,0,0,router_absent,1,1,1,512,10813314693518728,10813314693629896,10813314694403944,10813314694402484,10813314698094868,10813314698183291,10813314698254826,10813314710966665,10813314698332773,10813314711013473,10813314712377441,10813314712374011,10813314712382080,10813314712475349,10813314712481288,10813314712488147,10813314712487387,10813314713215458,N/A,10813314829566434,10813314829571559,10813314790272838,16562.721,1410.776,110.706,0.0,-0.76,10813314710338176,True,18083.443,-1.46,3852.342,831.584,11127.119,577.555,12.798,6.859,728.071,0.0,0.0,0.0,0.0,True,False,True,0,0,0,0,0,0,139860574620368,0,158579856,2,previous_put_or_self_copy,False
13042,balanced,0,0,router_absent,2,2,2,512,10813314712530872,10813314712637608,10813314713244744,10813314713243075,10813314716890130,10813314717001011,10813314717084432,10813314729829216,10813314717161863,10813314729876579,10813314731222114,10813314731218398,10813314731227165,10813314731322567,10813314731328340,10813314731335541,10813314731335137,10813314732729825,N/A,10813314829573607,10813314829578716,10813314790272838,16584.472,1392.898,113.427,0.0,-0.404,10813314729202856,True,18090.393,-1.669,3841.357,831.463,11164.087,573.976,12.974,7.201,1394.688,0.0,0.0,0.0,0.0,True,False,True,0,0,0,0,0,0,139860574632016,0,158579856,3,previous_put_or_self_copy,False
13042,balanced,0,0,router_absent,3,3,3,512,10813314731376903,10813314731493130,10813314732764232,10813314732762436,10813314736378540,10813314736573115,10813314736657913,10813314749389334,10813314736738316,10813314749438041,10813314750777443,10813314750773683,10813314750782873,10813314750876276,10813314750882470,10813314750889384,10813314750889450,10813314751802856,N/A,10813314829581794,10813314829586903,10813314790272838,16625.102,1388.109,111.941,0.066,0.066,10813314748762069,True,18125.218,-1.796,3895.477,837.096,11142.722,575.982,13.108,6.914,913.406,0.0,0.0,0.0,0.066,True,False,True,0,0,0,0,0,0,139860574633248,0,158579856,4,previous_put_or_self_copy,False
13042,balanced,0,0,router_absent,4,4,4,512,10813314750928448,10813314751033772,10813314751834186,10813314751832178,10813314755416532,10813314755555933,10813314755659915,10813314768449006,10813314755729830,10813314768495704,10813314769829979,10813314769827888,10813314769836946,10813314769930284,10813314769936639,10813314769943259,10813314769942997,10813314771140075,N/A,10813314829588950,10813314829594075,10813314790272838,16614.82,1380.973,113.28,0.0,-0.262,10813314767788331,True,18108.811,-2.008,3827.737,839.35,11172.622,608.017,12.975,6.62,1197.078,0.0,0.0,0.0,0.0,True,False,True,0,0,0,0,0,0,139860177158672,0,158579856,5,previous_put_or_self_copy,False
13042,balanced,0,0,router_absent,5,5,5,512,10813314769983645,10813314770080006,10813314771173610,10813314771171714,10813314774837734,10813314774984420,10813314775088878,10813314787861502,10813314775155301,10813314787906654,10813314789257316,10813314789252699,10813314789260759,10813314789349354,10813314789354525,10813314789360234,10813314789362153,10813314790169059,N/A,10813314829596122,10813314829601247,10813314790272838,16687.892,1395.814,102.918,1.919,1.919,10813314787206562,True,18188.543,-1.896,3917.164,835.104,11163.621,603.97,10.88,5.709,806.906,0.0,0.0,0.0,1.919,True,False,True,0,0,0,0,0,0,139860177159792,0,158579856,6,previous_put_or_self_copy,False
13042,balanced,0,0,router_absent,6,7,6+7,1024,10813314789771728,10813314790210156,10813314790272838,10813314790270460,10813314797330964,10813314797626900,10813314797730794,10813314823803402,10813314797805554,10813314823861335,10813314826214500,10813314826210221,10813314826221554,10813314826324976,10813314826332964,10813314826341387,10813314826339809,10813314829555169,N/A,10813314829603295,10813314830405091,10813314790272838,33530.564,2411.098,126.887,0.0,-1.578,10813314822442305,False,36066.971,-2.378,7460.334,1640.729,22947.692,1305.024,16.411,8.423,3215.36,0.0,0.0,0.0,0.0,False,True,False,0,0,0,0,0,0,139860572962896,0,158579856,7,previous_put_or_self_copy,False
13042,balanced,0,0,dependency_resolved,0,0,0,512,10813315475961024,10813315476146316,10813315476563372,10813315476628442,10813315480850643,10813315480931138,10813315481035952,10813315494088430,10813315481128300,10813315494129701,10813315495521318,10813315495519812,10813315495534649,10813315495622654,10813315495628599,10813315495634816,10813315495636008,10813315496656930,N/A,10813315626293282,10813315626298391,10813315481287692,17525.058,1432.888,113.498,1.192,1.192,10813315493389056,False,19072.636,65.07,4407.51,842.596,11367.2,643.068,12.162,6.217,1020.922,0.0,0.0,0.0,1.192,False,True,False,0,0,0,0,0,0,139860175376960,0,158579856,1,origin_event,True
13042,balanced,0,0,dependency_resolved,1,1,1,512,10813315476625533,10813315478875532,10813315479132588,10813315479165643,10813315499417341,10813315499507709,10813315499590997,10813315512359538,10813315499659921,10813315512400934,10813315513779237,10813315513776143,10813315513790085,10813315513880630,10813315513886849,10813315513893266,10813315513893922,10813315514571813,N/A,10813315626300454,10813315626305563,10813315481287692,33226.95,1419.699,114.029,0.656,0.656,10813315511690067,False,34761.334,33.055,20425.354,836.636,11146.092,618.562,12.636,6.417,677.891,0.0,0.0,0.0,0.656,False,True,False,0,0,0,0,0,0,139860175378080,0,158579856,2,previous_put_or_self_copy,True
13042,balanced,0,0,dependency_resolved,2,2,2,512,10813315479165399,10813315479225708,10813315479413228,10813315479443315,10813315517594626,10813315517704962,10813315517798918,10813315530645965,10813315517866288,10813315530688547,10813315532061731,10813315532058407,10813315532070640,10813315532162961,10813315532168731,10813315532174885,10813315532175391,10813315533163563,N/A,10813315626308642,10813315626312735,10813315481287692,51232.737,1415.766,113.154,0.506,0.506,10813315529912601,False,52762.163,30.087,38355.603,828.034,11172.578,598.164,11.924,6.154,988.172,0.0,0.0,0.0,0.506,False,True,False,0,0,0,0,0,0,139860175379200,0,158579856,3,previous_put_or_self_copy,True
13042,balanced,0,0,dependency_resolved,3,3,3,512,10813315479442939,10813315479499340,10813315479677100,10813315479711798,10813315535872408,10813315535996307,10813315536100491,10813315548863487,10813315536168266,10813315548906534,10813315550268457,10813315550264683,10813315550276637,10813315550368592,10813315550374338,10813315550381356,10813315550382125,10813315550938157,N/A,10813315626315813,10813315626320938,10813315481287692,69186.387,1404.97,112.899,0.769,0.769,10813315548201173,False,70705.025,34.698,56388.693,827.682,11160.349,609.984,12.764,7.018,556.032,0.0,0.0,0.0,0.769,False,True,False,0,0,0,0,0,0,139860175380320,0,158579856,4,previous_put_or_self_copy,True
13042,balanced,0,0,dependency_resolved,4,4,4,512,10813315479711830,10813315479792044,10813315480028876,10813315480060716,10813315554104711,10813315554242934,10813315554351633,10813315567100303,10813315554420618,10813315567146020,10813315568508966,10813315568506645,10813315568518901,10813315568612394,10813315568618354,10813315568624661,10813315568625703,10813315569647657,N/A,10813315626322985,10813315626328110,10813315481287692,87071.427,1408.663,115.695,1.042,1.042,10813315566450387,False,88596.827,31.84,74290.917,831.174,11152.547,597.082,12.267,6.307,1021.954,0.0,0.0,0.0,1.042,False,True,False,0,0,0,0,0,0,139860175381440,0,158579856,5,previous_put_or_self_copy,True
13042,balanced,0,0,dependency_resolved,5,5,5,512,10813315480060546,10813315480134828,10813315480320012,10813315480348440,10813315572376916,10813315572523811,10813315572629103,10813315585406464,10813315572696916,10813315585451044,10813315586813989,10813315586810755,10813315586823330,10813315586918853,10813315586924541,10813315586931080,10813315586931750,10813315587818532,N/A,10813315626330157,10813315626335266,10813315481287692,105086.452,1407.525,117.091,0.67,0.67,10813315584747264,False,106611.738,28.428,92280.663,828.337,11176.078,606.672,12.227,6.539,886.782,0.0,0.0,0.0,0.67,False,True,False,0,0,0,0,0,0,139860175382560,0,158579856,6,previous_put_or_self_copy,True
13042,balanced,0,0,dependency_resolved,6,7,6+7,1024,10813315480611345,10813315480665996,10813315481287692,10813315481318599,10813315594141273,10813315594434790,10813315594543141,10813315620259553,10813315594619431,10813315620312097,10813315622626336,10813315622623656,10813315622637828,10813315622741878,10813315622747949,10813315622754789,10813315622756391,10813315626291235,N/A,10813315626337329,10813315626342438,10813315481287692,138971.861,2366.783,128.453,1.602,1.602,10813315618870431,False,141468.699,30.907,113224.542,1647.379,22552.968,1336.211,12.911,6.84,3534.844,0.0,0.0,0.0,1.602,False,True,False,0,0,0,0,0,0,139860175384352,0,158579856,7,previous_put_or_self_copy,True
13042,skewed,0,0,normal,0,0,0,512,10813316430625389,10813316430822560,10813316431250016,10813316431367102,10813316435546533,10813316435630793,10813316435721111,10813316448789060,10813316435836706,10813316448832432,10813316450177967,10813316450175755,10813316450186525,10813316450276165,10813316450282405,10813316450289583,10813316450289510,10813316450552666,N/A,10813316578338658,10813316578343783,10813316436177504,17539.044,1388.907,111.616,0.0,-0.073,10813316448077859,False,19039.494,117.086,4354.009,823.872,11364.261,646.712,13.418,7.178,263.156,0.0,0.0,0.0,0.0,False,True,False,0,0,0,0,0,0,139860176519360,0,158579856,1,origin_event,False
13042,skewed,0,0,normal,1,1,1,512,10813316431320672,10813316431450240,10813316433976352,10813316434015221,10813316454123486,10813316454219305,10813316454305226,10813316467034832,10813316454377851,10813316467081135,10813316468368305,10813316468365689,10813316468376147,10813316468465543,10813316468472405,10813316468479274,10813316468479838,10813316468632416,N/A,10813316578346846,10813316578350939,10813316436177504,33058.48,1333.473,110.969,0.564,0.564,10813316466387540,False,34503.486,38.869,20290.005,811.206,11150.287,594.441,13.731,6.869,152.578,0.0,0.0,0.0,0.564,False,True,False,0,0,0,0,0,0,139860176520480,0,158579856,2,previous_put_or_self_copy,False
13042,skewed,0,0,normal,2,2,2,512,10813316434015073,10813316434084096,10813316434272320,10813316434303062,10813316472281225,10813316472395345,10813316472480940,10813316485230001,10813316472554808,10813316485280689,10813316486589359,10813316486586468,10813316486596577,10813316486691505,10813316486698397,10813316486707076,10813316486704986,10813316486860642,N/A,10813316578354018,10813316578359127,10813316436177504,50957.681,1359.358,117.717,0.0,-2.09,10813316484584817,False,52432.666,30.742,38177.878,805.807,11177.97,587.403,15.571,8.679,155.656,0.0,0.0,0.0,0.0,False,True,False,0,0,0,0,0,0,139860176521600,0,158579856,3,previous_put_or_self_copy,False
13042,skewed,0,0,normal,3,3,3,512,10813316434303014,10813316434364544,10813316434552896,10813316434580295,10813316490416105,10813316490553124,10813316490631645,10813316503384544,10813316490704252,10813316503433140,10813316504755116,10813316504751254,10813316504760815,10813316504858521,10813316504865490,10813316504874109,10813316504872799,10813316505311064,N/A,10813316578361174,10813316578367330,10813316436177504,68831.648,1370.572,118.993,0.0,-1.31,10813316502711899,False,70319.903,27.399,56051.35,810.061,11151.184,618.658,15.588,8.619,438.265,0.0,0.0,0.0,0.0,False,True,False,0,0,0,0,0,0,139860176522720,0,158579856,4,previous_put_or_self_copy,False
13042,skewed,0,0,normal,4,4,4,512,10813316434580182,10813316434639040,10813316434814464,10813316434840465,10813316508913147,10813316509060631,10813316509146132,10813316521903349,10813316509219768,10813316521953205,10813316523257771,10813316523254041,10813316523263933,10813316523361085,10813316523367234,10813316523380986,10813316523374439,10813316523566939,N/A,10813316578370392,10813316578375517,10813316436177504,87088.885,1354.422,123.215,0.0,-6.547,10813316521265109,False,88559.975,26.001,74305.667,809.878,11189.291,584.872,19.901,13.752,192.5,0.0,0.0,0.0,0.0,False,True,False,0,0,0,0,0,0,139860176523840,0,158579856,5,previous_put_or_self_copy,False
13042,skewed,0,0,normal,5,5,5,512,10813316434840531,10813316434897952,10813316435089600,10813316435169400,10813316527128089,10813316527297221,10813316527384173,10813316540165017,10813316527456767,10813316540216236,10813316541521839,10813316541517739,10813316541527511,10813316541630800,10813316541637505,10813316541645543,10813316541644642,10813316541803361,N/A,10813316578377564,10813316578382689,10813316436177504,105075.417,1356.822,123.704,0.0,-0.901,10813316539513698,False,106555.042,79.8,92214.773,811.827,11200.063,594.467,14.743,8.038,158.719,0.0,0.0,0.0,0.0,False,True,False,0,0,0,0,0,0,139860176524960,0,158579856,6,previous_put_or_self_copy,False
13042,skewed,0,0,normal,6,7,6+7,1024,10813316435921162,10813316435982304,10813316436177504,10813316436204577,10813316548962768,10813316549307993,10813316549405931,10813316575243801,10813316549484456,10813316575315891,10813316577683384,10813316577680866,10813316577693039,10813316577811822,10813316577818687,10813316577827550,10813316577825627,10813316578335596,N/A,10813316578385753,10813316583614299,10813316436177504,139066.297,2439.583,144.166,0.0,-1.923,10813316573846106,False,141648.123,27.073,113201.354,1608.2,22700.213,1337.739,15.728,8.863,509.969,0.0,0.0,0.0,0.0,False,True,False,0,0,0,0,0,0,139860176526752,0,158579856,7,previous_put_or_self_copy,False
13042,all_to_one_like,0,0,normal,0,0,0,512,10813317584016703,10813317584452124,10813317584928988,10813317585307206,10813317589719425,10813317589853078,10813317589978195,10813317602820903,10813317590091053,10813317602862654,10813317604180540,10813317604178438,10813317604189471,10813317604283381,10813317604289732,10813317604297454,10813317604296095,10813317604313502,N/A,10813317730311589,10813317730319760,10813317590416380,17891.915,1359.637,116.914,0.0,-1.359,10813317602158874,False,19367.107,378.218,4670.989,827.988,11169.114,588.498,14.073,7.722,17.407,0.0,0.0,0.0,0.0,False,True,False,0,0,0,0,0,0,139860573354736,0,158579856,1,origin_event,False
13042,all_to_one_like,0,0,normal,1,1,1,512,10813317585304889,10813317587795324,10813317588131324,10813317588171128,10813317607966995,10813317608067757,10813317608151761,10813317620904301,10813317608221049,10813317620949568,10813317622176314,10813317622172971,10813317622181660,10813317622265155,10813317622271216,10813317622278919,10813317622277533,10813317622294939,N/A,10813317730327963,10813317730333088,10813317590416380,32772.977,1272.013,102.605,0.0,-1.386,10813317620261662,False,34146.209,39.804,19980.633,828.392,11165.97,587.554,13.764,7.703,17.406,0.0,0.0,0.0,0.0,False,True,False,0,0,0,0,0,0,139860573341856,0,158579856,2,previous_put_or_self_copy,False
13042,all_to_one_like,0,0,normal,2,2,2,512,10813317588170768,10813317588239420,10813317588429532,10813317588459697,10813317626039201,10813317626149146,10813317626222155,10813317638971717,10813317626311225,10813317639012961,10813317640233526,10813317640230225,10813317640238238,10813317640327503,10813317640334325,10813317640341440,10813317640340900,10813317640356244,N/A,10813317730342307,10813317730347416,10813317590416380,50542.185,1261.809,107.914,0.0,-0.54,10813317638340745,False,51911.368,30.165,37762.458,826.99,11155.554,578.621,13.937,7.115,15.344,0.0,0.0,0.0,0.0,False,True,False,0,0,0,0,0,0,139860573342192,0,158579856,3,previous_put_or_self_copy,False
13042,all_to_one_like,0,0,normal,3,3,3,512,10813317588459621,10813317588524316,10813317588727196,10813317588756693,10813317643932294,10813317644067142,10813317644136378,10813317656912130,10813317644215017,10813317656953406,10813317658186300,10813317658182279,10813317658189913,10813317658275020,10813317658281063,10813317658288306,10813317658287525,10813317658303900,N/A,10813317730354588,10813317730359713,10813317590416380,68184.934,1274.17,102.006,0.0,-0.781,10813317656251080,False,69560.329,29.497,55379.685,823.843,11163.957,610.439,13.286,7.243,16.375,0.0,0.0,0.0,0.0,False,True,False,0,0,0,0,0,0,139860573343312,0,158579856,4,previous_put_or_self_copy,False
13042,all_to_one_like,0,0,normal,4,4,4,512,10813317588756449,10813317588819676,10813317589007068,10813317589033120,10813317662008352,10813317662148742,10813317662216955,10813317674941442,10813317662290786,10813317674987066,10813317676220984,10813317676217270,10813317676224696,10813317676308781,10813317676315201,10813317676322646,10813317676322213,10813317676337556,N/A,10813317730366869,10813317730371994,10813317590416380,85934.374,1279.542,101.662,0.0,-0.433,10813317674308198,False,87315.145,26.052,73183.835,826.179,11146.862,579.696,13.865,7.445,15.343,0.0,0.0,0.0,0.0,False,True,False,0,0,0,0,0,0,139860573344432,0,158579856,5,previous_put_or_self_copy,False
13042,all_to_one_like,0,0,normal,5,5,5,512,10813317589033099,10813317589093372,10813317589271356,10813317589297276,10813317679962496,10813317680133158,10813317680203022,10813317692974888,10813317680291158,10813317693015616,10813317694214712,10813317694210207,10813317694217959,10813317694304088,10813317694310489,10813317694317295,10813317694316963,10813317694333353,N/A,10813317730379166,10813317730384275,10813317590416380,103703.532,1239.824,102.583,0.0,-0.332,10813317692323060,False,105045.607,25.92,90905.746,825.168,11161.256,599.863,13.207,6.806,16.39,0.0,0.0,0.0,0.0,False,True,False,0,0,0,0,0,0,139860573345552,0,158579856,6,previous_put_or_self_copy,False
13042,all_to_one_like,0,0,normal,6,7,6+7,1024,10813317590177873,10813317590236796,10813317590416380,10813317590442483,10813317701487635,10813317701802111,10813317701872993,10813317727773890,10813317701968200,10813317727834677,10813317730119223,10813317730117285,10813317730127165,10813317730227359,10813317730234013,10813317730243062,10813317730240931,10813317730258338,N/A,10813317730390432,10813317737851291,10813317590416380,137357.51,2345.333,123.839,0.0,-2.131,10813317726355508,False,139824.551,26.103,111430.51,1624.423,22713.737,1363.395,15.703,9.049,17.407,0.0,0.0,0.0,0.0,False,True,False,0,0,0,0,0,0,139860573347344,0,158579856,7,previous_put_or_self_copy,False
13042,zero_sized_pair,0,0,normal,0,0,0,512,10813318845968881,10813318846221284,10813318846673924,10813318846770488,10813318850936505,10813318851027267,10813318851122297,10813318863852311,10813318851209478,10813318863894163,10813318865186445,10813318865182768,10813318865193115,10813318865211856,10813318865217768,10813318865224642,10813318865225233,10813318867616280,N/A,10813318999809554,10813318999814679,10813318851536484,17178.387,1334.134,38.197,0.591,0.591,10813318863217465,False,18551.309,96.564,4351.809,842.852,11106.203,584.82,12.786,6.874,2391.047,0.0,0.0,0.0,0.591,False,True,False,0,0,0,0,0,0,139860177164048,0,158579856,1,origin_event,False
13042,zero_sized_pair,0,0,normal,1,1,1,512,10813318846766733,10813318849106372,10813318849423076,10813318849459320,10813318868901667,10813318868993738,10813318869065831,10813318881792675,10813318869147419,10813318881834639,10813318883030676,10813318883025970,10813318883034350,10813318883057431,10813318883063316,10813318883070518,10813318883069468,10813318884517397,N/A,10813318999817742,10813318999822882,10813318851536484,32369.599,1238.001,39.842,0.0,-1.05,10813318881197984,False,33646.392,36.244,19606.511,827.778,11172.32,546.732,13.087,7.202,1447.929,0.0,0.0,0.0,0.0,False,True,False,0,0,0,0,0,0,139860177165168,0,158579856,2,previous_put_or_self_copy,False
13042,zero_sized_pair,0,0,normal,2,2,2,512,10813318849458943,10813318849521828,10813318849707108,10813318849736053,10813318886648428,10813318886757034,10813318886919978,10813318899649652,10813318887005125,10813318899696279,10813318900897421,10813318900892838,10813318900900898,10813318900917979,10813318900923289,10813318900930080,10813318900930069,10813318903386647,N/A,10813318999825945,10813318999830038,10813318851536484,49942.544,1247.769,32.659,0.0,-0.011,10813318899053189,False,51222.961,28.945,37183.925,830.433,11171.351,552.21,12.101,6.791,2456.578,0.0,0.0,0.0,0.0,False,True,False,0,0,0,0,0,0,139860177166288,0,158579856,3,previous_put_or_self_copy,False
13042,zero_sized_pair,0,0,normal,3,3,3,512,10813318849735780,10813318849794212,10813318849973828,10813318850000784,10813318904498586,10813318904621040,10813318904692985,10813318917419573,10813318904773860,10813318917466772,10813318918657675,10813318918653368,10813318918662438,10813318918680923,10813318918687140,10813318918694544,10813318918694429,10813318920574491,N/A,10813318999833117,10813318999837210,10813318851536484,67445.745,1238.102,36.869,0.0,-0.115,10813318916819906,False,68720.601,26.956,54692.201,818.35,11182.488,555.329,13.621,7.404,1880.062,0.0,0.0,0.0,0.0,False,True,False,0,0,0,0,0,0,139860176421392,0,158579856,4,previous_put_or_self_copy,False
13042,zero_sized_pair,0,0,normal,4,4,4,512,10813318850000453,10813318850058564,10813318850232612,10813318850257750,10813318922381813,10813318922523056,10813318922593850,10813318935353153,10813318922697029,10813318935400076,10813318936629904,10813318936625847,10813318936634423,10813318936652307,10813318936658405,10813318936665630,10813318936665616,10813318939602444,N/A,10813318999840273,10813318999844382,10813318851536484,85120.541,1276.751,35.726,0.0,-0.014,10813318934749282,False,86433.004,25.138,72336.1,825.961,11181.133,558.182,13.323,7.225,2936.828,0.0,0.0,0.0,0.0,False,True,False,0,0,0,0,0,0,139860176422512,0,158579856,5,previous_put_or_self_copy,False
13042,zero_sized_pair,0,0,normal,5,5,5,512,10813318850257676,10813318850332868,10813318850516804,10813318850543237,10813318940314274,10813318940476865,10813318940546240,10813318953283937,10813318940623458,10813318953330328,10813318954529425,10813318954524912,10813318954533715,10813318954552092,10813318954557565,10813318954565147,10813318954565132,10813318957466147,N/A,10813318999847445,10813318999851554,10813318851536484,102767.133,1245.488,35.722,0.0,-0.015,10813318952672860,False,104048.328,26.433,90003.003,825.583,11179.058,566.26,13.055,7.582,2901.015,0.0,0.0,0.0,0.0,False,True,False,0,0,0,0,0,0,139860176423632,0,158579856,6,previous_put_or_self_copy,False
13042,zero_sized_pair,0,0,normal,6,7,6+7,1024,10813318851296828,10813318851355524,10813318851536484,10813318851563087,10813318962185123,10813318962503423,10813318962574424,10813318988469298,10813318962678379,10813318988537481,10813318990799505,10813318990793614,10813318990804178,10813318990824163,10813318990830135,10813318990840193,10813318990837257,10813318999806491,N/A,10813318999854617,10813318999858710,10813318851536484,136932.814,2330.207,40.688,0.0,-2.936,10813318987067397,False,139300.773,26.603,111011.337,1626.669,22712.621,1352.697,16.03,10.058,8969.234,0.0,0.0,0.0,0.0,False,True,False,0,0,0,0,0,0,139860176425424,0,158579856,7,previous_put_or_self_copy,False
13042,multiple_progressive_shards,0,0,normal,0,0,0,128,10813320140013855,10813320140257754,10813320140828794,10813320140949142,10813320142291508,10813320142378682,10813320142492513,10813320145969311,10813320142583150,10813320146011608,10813320146679256,10813320146674473,10813320146683390,10813320146771394,10813320146781905,10813320146789394,10813320146787986,10813320147079830,N/A,10813320293951103,10813320293956228,10813320144888890,5140.517,709.945,110.138,0.0,-1.408,10813320145782226,False,5959.192,120.348,1543.371,273.308,2873.022,127.918,18.0,7.489,291.844,0.0,0.0,0.0,0.0,False,True,False,0,0,0,0,0,0,139860176523056,0,158579856,1,origin_event,False
13042,multiple_progressive_shards,0,0,normal,1,1,1,256,10813320140936711,10813320141745786,10813320142653530,10813320142684384,10813320148889091,10813320148981927,10813320149068284,10813320155661335,10813320149133631,10813320155701717,10813320156602840,10813320156597481,10813320156605241,10813320156688182,10813320156694324,10813320156700298,10813320156701337,10813320157072025,N/A,10813320293958291,10813320293962416,10813320144888890,13007.805,941.505,97.458,1.039,1.039,10813320155302451,False,14047.807,30.854,6383.9,412.285,5714.702,309.591,12.116,5.974,370.688,0.0,0.0,0.0,1.039,False,True,False,0,0,0,0,0,0,139860176522496,0,158579856,2,previous_put_or_self_copy,False
13042,multiple_progressive_shards,0,0,normal,2,2,2,384,10813320142684024,10813320142776698,10813320143249434,10813320143277122,10813320159513516,10813320159623324,10813320159690975,10813320169483021,10813320159763209,10813320169523678,10813320170595806,10813320170590439,10813320170598459,10813320170686487,10813320170692145,10813320170697715,10813320170699416,10813320171823759,N/A,10813320293965448,10813320293969541,10813320144888890,26233.587,1112.785,101.909,1.701,1.701,10813320168979336,False,27449.982,27.688,16413.853,625.247,8537.094,455.855,11.228,5.57,1124.343,0.0,0.0,0.0,1.701,False,True,False,0,0,0,0,0,0,139860176521712,0,158579856,3,previous_put_or_self_copy,False
13042,multiple_progressive_shards,0,0,normal,3,3,3,512,10813320143277093,10813320143353338,10813320143561914,10813320143583552,10813320174543445,10813320174660615,10813320174741686,10813320187783217,10813320174816644,10813320187828701,10813320189188564,10813320189182560,10813320189190559,10813320189281993,10813320189288745,10813320189295042,10813320189295259,10813320190566041,N/A,10813320293971604,10813320293975697,10813320144888890,44221.303,1405.347,106.478,0.217,0.217,10813320187088107,False,45733.345,21.638,31158.134,830.311,11397.933,644.965,13.049,6.297,1270.782,0.0,0.0,0.0,0.217,False,True,False,0,0,0,0,0,0,139860176520592,0,158579856,4,previous_put_or_self_copy,False
13042,multiple_progressive_shards,0,0,normal,4,4,4,640,10813320143583415,10813320143674266,10813320143896986,10813320143921404,10813320193888316,10813320194020480,10813320194101365,10813320210326335,10813320194183140,10813320210376156,10813320211931606,10813320211927054,10813320211935605,10813320212039718,10813320212045367,10813320212052800,10813320212052634,10813320213639837,N/A,10813320293978759,10813320293982884,10813320144888890,66429.349,1605.271,121.194,0.0,-0.166,10813320209473067,False,68155.648,24.418,50179.961,1030.889,14213.445,800.372,13.082,7.433,1587.203,0.0,0.0,0.0,0.0,False,True,False,0,0,0,0,0,0,139860176523728,0,158579856,5,previous_put_or_self_copy,False
13042,multiple_progressive_shards,0,0,normal,5,5,5,768,10813320143921080,10813320143993018,10813320144250650,10813320144279987,10813320217399367,10813320217547738,10813320217629446,10813320237050802,10813320217708148,10813320237105633,10813320238974422,10813320238969673,10813320238979164,10813320239078180,10813320239083979,10813320239091783,10813320239091353,10813320240122509,N/A,10813320293984916,10813320293989009,10813320144888890,92800.152,1923.62,117.361,0.0,-0.43,10813320236030002,False,94840.703,29.337,73349.459,1223.025,17051.644,968.179,13.603,7.804,1031.156,0.0,0.0,0.0,0.0,False,True,False,0,0,0,0,0,0,139860176526640,0,158579856,6,previous_put_or_self_copy,False
13042,multiple_progressive_shards,0,0,normal,6,7,6+7,1408,10813320144596441,10813320144675770,10813320144888890,10813320144909370,10813320248979890,10813320249366024,10813320249453924,10813320284971145,10813320249545478,10813320285050335,10813320288170452,10813320288165984,10813320288178946,10813320288290209,10813320288297702,10813320288307166,10813320288304791,10813320293948072,N/A,10813320293992104,10813320293996197,10813320144888890,140082.255,3199.307,136.714,0.0,-2.375,10813320283023582,False,143415.901,20.48,104544.554,2225.823,31195.635,1886.419,16.957,9.464,5643.281,0.0,0.0,0.0,0.0,False,True,False,0,0,0,0,0,0,139860176527760,0,158579856,7,previous_put_or_self_copy,False
13042,balanced,0,1,normal,0,0,0,512,10813313633725348,10813313634125432,10813313773074934,10813313773219197,10813313778450797,10813313778575470,10813313778709943,10813313792641187,10813313778801688,10813313792694821,10813313794545194,10813313794542810,10813313794555034,10813313794586293,10813313794594041,10813313794771038,10813313794603176,10813313795939489,N/A,10813313931517114,10813313931530426,10813313778161406,19566.253,1904.007,225.844,0.0,-167.862,10813313791863119,False,21528.242,144.263,5490.746,837.687,12147.08,686.409,184.745,176.997,1336.313,0.0,0.0,0.0,0.0,False,True,False,0,0,0,0,0,0,139798645446304,0,135213808,1,origin_event,False
13042,balanced,0,1,normal,1,1,1,512,10813313773203158,10813313775884306,10813313776271636,10813313776318788,10813313798693618,10813313798802496,10813313798900044,10813313812936754,10813313798977941,10813313812985379,10813313814293027,10813313814289270,10813313814299379,10813313814324790,10813313814331094,10813313814338641,10813313814339739,10813313815400614,N/A,10813313931533489,10813313931537582,10813313778161406,36665.118,1356.273,45.614,1.098,1.098,10813313811026127,False,38068.103,47.152,22581.256,833.86,11158.464,1841.506,13.851,7.547,1060.875,0.0,0.0,0.0,1.098,False,True,False,0,0,0,0,0,0,139798645447424,0,135213808,2,previous_put_or_self_copy,False
13042,balanced,0,1,normal,2,2,2,512,10813313776317807,10813313776408048,10813313776621366,10813313776643524,10813313818258408,10813313818381311,10813313818494401,10813313831229407,10813313818565193,10813313831276059,10813313832596005,10813313832591130,10813313832601047,10813313832621096,10813313832626580,10813313832633412,10813313832635551,10813313833845926,N/A,10813313931540645,10813313931545770,10813313778161406,54608.041,1366.598,37.407,2.139,2.139,10813313830651572,False,56014.185,22.158,41850.877,834.747,11203.57,520.93,12.316,6.832,1210.375,0.0,0.0,0.0,2.139,False,True,False,0,0,0,0,0,0,139798645448544,0,135213808,3,previous_put_or_self_copy,False
13042,balanced,0,1,normal,3,3,3,512,10813313776642796,10813313776718932,10813313776912154,10813313776932340,10813313836554972,10813313836683998,10813313836784248,10813313850978625,10813313836854522,10813313851026975,10813313852329526,10813313852323912,10813313852334039,10813313852352490,10813313852358214,10813313852364937,10813313852367020,10813313853116582,N/A,10813313931548832,10813313931553957,10813313778161406,74066.471,1350.901,35.411,2.083,2.083,10813313850367590,False,75454.866,20.186,59851.908,830.922,12632.928,552.487,12.447,6.723,749.562,0.0,0.0,0.0,2.083,False,True,False,0,0,0,0,0,0,139798645449664,0,135213808,4,previous_put_or_self_copy,False
13042,balanced,0,1,normal,4,4,4,512,10813313776932026,10813313777006712,10813313777226774,10813313777248702,10813313856249644,10813313856389641,10813313856488511,10813313869281301,10813313856557962,10813313869327908,10813313870663205,10813313870657847,10813313870666394,10813313870684745,10813313870690281,10813313870698311,10813313870698645,10813313871850676,N/A,10813313931556021,10813313931561114,10813313778161406,92054.527,1381.904,35.106,0.334,0.334,10813313868586042,False,93471.871,21.928,79239.809,830.628,11149.391,630.637,13.566,8.03,1152.031,0.0,0.0,0.0,0.334,False,True,False,0,0,0,0,0,0,139798645450784,0,135213808,5,previous_put_or_self_copy,False
13042,balanced,0,1,normal,5,5,5,512,10813313777248472,10813313777321592,10813313777602430,10813313777623674,10813313874496384,10813313874649427,10813313874746582,10813313887495816,10813313874815055,10813313887539761,10813313888876065,10813313888869731,10813313888878022,10813313888895318,10813313888900921,10813313888907350,10813313888909457,10813313890040989,N/A,10813313931564207,10813313931569332,10813313778161406,109893.386,1380.249,31.285,2.107,2.107,10813313886817280,False,111307.027,21.244,97122.908,828.611,11126.131,622.914,12.032,6.429,1131.532,0.0,0.0,0.0,2.107,False,True,False,0,0,0,0,0,0,139798645451904,0,135213808,6,previous_put_or_self_copy,False
13042,balanced,0,1,normal,6,7,6+7,1024,10813313777899737,10813313777969434,10813313778161406,10813313778179815,10813313896149857,10813313896455198,10813313896565210,10813313927442521,10813313896639226,10813313927498288,10813313929691678,10813313929685619,10813313929695571,10813313929714145,10813313929719539,10813313929726173,10813313929728176,10813313931497645,N/A,10813313931572396,10813313931577489,10813313778161406,149281.115,2249.157,34.495,2.003,2.003,10813313924995864,False,151566.77,18.409,118385.395,1632.505,26670.329,2386.625,12.028,6.634,1769.469,0.0,0.0,0.0,2.003,False,True,False,0,0,0,0,0,0,139798645453696,0,135213808,7,previous_put_or_self_copy,False
13042,balanced,0,1,router_absent,0,0,0,512,10813314672310047,10813314672669828,10813314673502180,10813314673702562,10813314677747137,10813314677846452,10813314677964216,10813314691462198,10813314678053464,10813314691508511,10813314693013790,10813314693012190,10813314693021636,10813314693041047,10813314693047764,10813314693062276,10813314693056122,10813314694420091,N/A,10813314830423685,10813314830429825,10813314792340870,17960.018,1551.592,48.486,0.0,-6.154,10813314690699965,True,19553.942,200.382,4261.654,829.51,11752.378,678.64,21.229,14.512,1363.969,0.0,0.0,0.0,0.0,True,False,True,0,0,0,0,0,0,139798645444288,0,135213808,1,origin_event,False
13042,balanced,0,1,router_absent,1,1,1,512,10813314693197808,10813314693358500,10813314694464388,10813314694462607,10813314698139781,10813314698237169,10813314698311024,10813314711041623,10813314698388144,10813314711087391,10813314712448284,10813314712445288,10813314712454516,10813314712472974,10813314712478634,10813314712485518,10813314712486520,10813314713479809,N/A,10813314830431872,10813314830436981,10813314792340870,16577.235,1406.661,37.234,1.002,1.002,10813314710400667,True,18022.132,-1.781,3848.417,834.108,11130.474,585.406,12.544,6.884,993.289,0.0,0.0,0.0,1.002,True,False,True,0,0,0,0,0,0,139798645443504,0,135213808,2,previous_put_or_self_copy,False
13042,balanced,0,1,router_absent,2,2,2,512,10813314712609033,10813314712736484,10813314713517890,10813314713516023,10813314717148866,10813314717263897,10813314717370558,10813314730099442,10813314717440067,10813314730146076,10813314731527454,10813314731524321,10813314731533112,10813314731550693,10813314731556325,10813314731562698,10813314731564669,10813314732897919,N/A,10813314830440059,10813314830445184,10813314792340870,16581.552,1428.012,35.244,1.971,1.971,10813314729456534,True,18046.779,-1.867,3854.535,833.151,11135.889,589.178,12.005,6.373,1333.25,0.0,0.0,0.0,1.971,True,False,True,0,0,0,0,0,0,139798645453696,0,135213808,3,previous_put_or_self_copy,False
13042,balanced,0,1,router_absent,3,3,3,512,10813314731680584,10813314731822086,10813314732936034,10813314732933994,10813314736514120,10813314736721560,10813314736806448,10813314749545718,10813314736885357,10813314749590809,10813314750911777,10813314750908265,10813314750917318,10813314750934710,10813314750940652,10813314750947344,10813314750948997,10813314751959669,N/A,10813314830447216,10813314830452356,10813314792340870,16609.684,1366.059,35.567,1.653,1.653,10813314748920134,True,18012.963,-2.04,3872.454,833.097,11155.632,570.513,12.634,6.692,1010.672,0.0,0.0,0.0,1.653,True,False,True,0,0,0,0,0,0,139798645448432,0,135213808,4,previous_put_or_self_copy,False
13042,balanced,0,1,router_absent,4,4,4,512,10813314751063099,10813314751191394,10813314752000904,10813314751998995,10813314755568054,10813314755701323,10813314755784656,10813314768561313,10813314755862828,10813314768606495,10813314769952030,10813314769948838,10813314769957967,10813314769975798,10813314769981675,10813314769987748,10813314769989247,10813314771224184,N/A,10813314830454388,10813314830459528,10813314792340870,16560.409,1390.717,35.718,1.499,1.499,10813314767888306,True,17988.343,-1.909,3785.661,841.412,11137.493,618.046,11.95,6.073,1234.937,0.0,0.0,0.0,1.499,True,False,True,0,0,0,0,0,0,139798367437216,0,135213808,5,previous_put_or_self_copy,False
13042,balanced,0,1,router_absent,5,5,5,512,10813314770106595,10813314770228610,10813314771262340,10813314771260046,10813314774952556,10813314775100283,10813314775184200,10813314787910251,10813314775261558,10813314787955997,10813314789292316,10813314789288484,10813314789296917,10813314789316622,10813314789322467,10813314789329566,10813314789330559,10813314790123122,N/A,10813314830462591,10813314830467716,10813314792340870,16647.911,1382.065,37.25,0.993,0.993,10813314787276884,True,18068.219,-2.294,3924.154,841.5,11127.61,578.904,12.944,7.099,792.563,0.0,0.0,0.0,0.993,True,False,True,0,0,0,0,0,0,139798367438336,0,135213808,6,previous_put_or_self_copy,False
13042,balanced,0,1,router_absent,6,7,6+7,1024,10813314789825720,10813314790165286,10813314792340870,10813314792400152,10813314797377058,10813314797671513,10813314797777741,10813314824906530,10813314797851495,10813314824963352,10813314827267353,10813314827263477,10813314827275020,10813314827293949,10813314827299719,10813314827306935,10813314827307653,10813314830406263,N/A,10813314830470779,10813314830474872,10813314792340870,32565.66,2360.823,39.582,0.718,0.718,10813314823457926,False,34966.783,59.282,5377.589,1636.745,23918.727,1386.624,12.986,7.216,3098.61,0.0,0.0,0.0,0.718,False,True,False,0,0,0,0,0,0,139798367747920,0,135213808,7,previous_put_or_self_copy,False
13042,balanced,0,1,dependency_resolved,0,0,0,512,10813315475590973,10813315475759042,10813315476228034,10813315476303152,10813315480401712,10813315480489030,10813315480595015,10813315493747228,10813315480746306,10813315493789553,10813315495233393,10813315495230289,10813315495245269,10813315495265389,10813315495271886,10813315495280544,10813315495280724,10813315496826966,N/A,10813315624965209,10813315624970318,10813315481279778,17519.194,1486.165,47.151,0.18,0.18,10813315492966666,False,19052.69,75.118,4291.863,848.72,11317.62,718.476,15.155,8.658,1546.242,0.0,0.0,0.0,0.18,False,True,False,0,0,0,0,0,0,139798367736496,0,135213808,1,origin_event,True
13042,balanced,0,1,dependency_resolved,1,1,1,512,10813315476298508,10813315478605346,10813315478912322,10813315478948395,10813315499079556,10813315499173512,10813315499259638,10813315512210307,10813315499328927,10813315512253291,10813315513590639,10813315513587785,10813315513602341,10813315513621030,10813315513626975,10813315513635661,10813315513634904,10813315515149396,N/A,10813315624973396,10813315624978521,10813315481279778,33297.985,1380.332,45.022,0.0,-0.757,10813315511530934,False,34722.582,36.073,20311.243,843.51,11309.486,625.77,14.631,8.686,1514.492,0.0,0.0,0.0,0.0,False,True,False,0,0,0,0,0,0,139798367737616,0,135213808,2,previous_put_or_self_copy,True
13042,balanced,0,1,dependency_resolved,2,2,2,512,10813315478948392,10813315479012322,10813315479212002,10813315479241699,10813315517310809,10813315517428778,10813315517536324,10813315530465628,10813315517605539,10813315530513254,10813315531858805,10813315531856491,10813315531869378,10813315531888301,10813315531894762,10813315531902431,10813315531903068,10813315533583443,N/A,10813315624980553,10813315624985693,10813315481279778,51253.626,1393.177,43.626,0.637,0.637,10813315529765822,False,52691.066,29.697,38294.625,835.648,11277.848,553.163,14.13,7.669,1680.375,0.0,0.0,0.0,0.637,False,True,False,0,0,0,0,0,0,139798367738736,0,135213808,3,previous_put_or_self_copy,True
13042,balanced,0,1,dependency_resolved,3,3,3,512,10813315479241653,10813315479300546,10813315479573794,10813315479605464,10813315535643536,10813315535765385,10813315535860783,10813315548698623,10813315535929269,10813315548744562,10813315550053233,10813315550049949,10813315550062828,10813315550082241,10813315550088271,10813315550096820,10813315550096458,10813315551314005,N/A,10813315624988755,10813315624993880,10813315481279778,69124.829,1354.61,43.587,0.0,-0.362,10813315548103222,False,70522.664,31.67,56255.319,838.925,11288.454,541.91,14.579,8.549,1217.547,0.0,0.0,0.0,0.0,False,True,False,0,0,0,0,0,0,139798367739856,0,135213808,4,previous_put_or_self_copy,True
13042,balanced,0,1,dependency_resolved,4,4,4,512,10813315479605476,10813315479663778,10813315479871426,10813315479902273,10813315553900034,10813315554035865,10813315554135574,10813315566947366,10813315554205745,10813315566994288,10813315568329584,10813315568326878,10813315568339653,10813315568360278,10813315568365914,10813315568374444,10813315568373833,10813315570334802,N/A,10813315624995928,10813315625002068,10813315481279778,87075.94,1382.218,44.86,0.0,-0.611,10813315566366221,False,88502.407,30.847,74233.301,832.962,11278.682,525.435,14.166,8.53,1960.969,0.0,0.0,0.0,0.0,False,True,False,0,0,0,0,0,0,139798367740976,0,135213808,5,previous_put_or_self_copy,True
13042,balanced,0,1,dependency_resolved,5,5,5,512,10813315479902363,10813315479982882,10813315480186754,10813315480216383,10813315572178433,10813315572328399,10813315572425389,10813315585240612,10813315572494862,10813315585287028,10813315586599787,10813315586596937,10813315586609823,10813315586628993,10813315586635046,10813315586643174,10813315586643037,10813315588298849,N/A,10813315625004115,10813315625009224,10813315481279778,105053.858,1359.175,43.387,0.0,-0.137,10813315584659719,False,106456.283,29.629,92209.006,833.542,11283.461,526.404,14.181,8.128,1655.812,0.0,0.0,0.0,0.0,False,True,False,0,0,0,0,0,0,139798367742096,0,135213808,6,previous_put_or_self_copy,True
13042,balanced,0,1,dependency_resolved,6,7,6+7,1024,10813315481014786,10813315481089218,10813315481279778,10813315481308924,10813315593957797,10813315594252913,10813315594360949,10813315620237637,10813315594438677,10813315620298609,10813315622623087,10813315622619596,10813315622635392,10813315622655906,10813315622661750,10813315622670352,10813315622670427,10813315624947802,N/A,10813315625012318,10813315626290271,10813315481279778,138957.859,2385.45,47.265,0.075,0.075,10813315618827237,False,141390.649,29.146,113052.025,1645.523,22689.078,1349.646,14.446,8.602,2277.375,0.0,0.0,0.0,0.075,False,True,False,0,0,0,0,0,0,139798367743888,0,135213808,7,previous_put_or_self_copy,True
13042,skewed,0,1,normal,0,0,0,512,10813316430059754,10813316430231472,10813316430732496,10813316430858487,10813316435160937,10813316435250736,10813316435352802,10813316448461732,10813316435456463,10813316448514413,10813316449931634,10813316449928302,10813316449940029,10813316449962325,10813316449968973,10813316449978476,10813316449977334,10813316452978685,N/A,10813316583625725,10813316583630834,10813316435882736,17729.236,1469.902,46.842,0.0,-1.142,10813316447698719,False,19244.838,125.991,4494.315,823.952,11359.014,699.048,16.151,9.503,3001.351,0.0,0.0,0.0,0.0,False,True,False,0,0,0,0,0,0,139798368567376,0,135213808,1,origin_event,False
13042,skewed,0,1,normal,1,1,1,512,10813316430805659,10813316430913744,10813316433506992,10813316433546997,10813316453896982,10813316454002385,10813316454091500,10813316467029177,10813316454167051,10813316467077485,10813316468384111,10813316468380418,10813316468390001,10813316468412364,10813316468419492,10813316468428138,10813316468426740,10813316469671927,N/A,10813316583633912,10813316583639037,10813316435882736,33522.185,1354.934,44.027,0.0,-1.398,10813316466355242,False,34919.748,40.005,20544.503,809.732,11327.184,617.062,15.774,8.646,1245.187,0.0,0.0,0.0,0.0,False,True,False,0,0,0,0,0,0,139798368568496,0,135213808,2,previous_put_or_self_copy,False
13042,skewed,0,1,normal,2,2,2,512,10813316433546418,10813316433614096,10813316433813040,10813316433854728,10813316472322580,10813316472448281,10813316472534513,10813316485433704,10813316472616140,10813316485482866,10813316486758775,10813316486754582,10813316486763923,10813316486783844,10813316486789966,10813316486798032,10813316486798334,10813316488931334,N/A,10813316583641069,10813316583646209,10813316435882736,51620.664,1325.071,39.257,0.302,0.302,10813316484789056,False,52985.294,41.688,38679.785,810.6,11311.761,587.522,14.188,8.066,2133.0,0.0,0.0,0.0,0.302,False,True,False,0,0,0,0,0,0,139798368569616,0,135213808,3,previous_put_or_self_copy,False
13042,skewed,0,1,normal,3,3,3,512,10813316433854884,10813316433922352,10813316434133456,10813316434163291,10813316490645162,10813316490789504,10813316490868243,10813316503715187,10813316490951042,10813316503762284,10813316505053544,10813316505050079,10813316505059283,10813316505078433,10813316505084399,10813316505091889,10813316505092099,10813316506522615,N/A,10813316583649271,10813316583654396,10813316435882736,69581.731,1338.357,38.345,0.21,0.21,10813316503105646,False,70958.643,29.835,56704.952,810.727,11294.681,555.199,13.456,7.49,1430.516,0.0,0.0,0.0,0.21,False,True,False,0,0,0,0,0,0,139798368570736,0,135213808,4,previous_put_or_self_copy,False
13042,skewed,0,1,normal,4,4,4,512,10813316434163322,10813316434245968,10813316434438736,10813316434467214,10813316509281901,10813316509438098,10813316509515925,10813316522370773,10813316509599311,10813316522419572,10813316523690355,10813316523686212,10813316523695681,10813316523714087,10813316523719866,10813316523727502,10813316523727865,10813316525382646,N/A,10813316583657459,10813316583662584,10813316435882736,87932.037,1319.582,37.147,0.363,0.363,10813316521755762,False,89289.129,28.478,75048.711,810.478,11297.617,560.451,13.415,7.636,1654.781,0.0,0.0,0.0,0.363,False,True,False,0,0,0,0,0,0,139798368571856,0,135213808,5,previous_put_or_self_copy,False
13042,skewed,0,1,normal,5,5,5,512,10813316434467293,10813316434525808,10813316434842448,10813316434873235,10813316527569383,10813316527755016,10813316527836503,10813316540695321,10813316527920646,10813316540745073,10813316542015855,10813316542011893,10813316542021382,10813316542039717,10813316542046069,10813316542054248,10813316542054396,10813316543299584,N/A,10813316583664631,10813316583669740,10813316435882736,105852.873,1320.534,38.393,0.148,0.148,10813316540084955,False,107211.948,30.787,92963.268,817.282,11297.997,553.948,14.531,8.179,1245.188,0.0,0.0,0.0,0.148,False,True,False,0,0,0,0,0,0,139798368572976,0,135213808,6,previous_put_or_self_copy,False
13042,skewed,0,1,normal,6,7,6+7,1024,10813316435637761,10813316435698416,10813316435882736,10813316435908901,10813316549476684,10813316549807037,10813316549883717,10813316575783956,10813316549977110,10813316575853929,10813316578248048,10813316578245446,10813316578256883,10813316578277066,10813316578283416,10813316578291524,10813316578291709,10813316583615490,N/A,10813316583672834,10813316583677943,10813316435882736,139901.22,2464.092,43.476,0.185,0.185,10813316574375089,False,142408.973,26.165,113974.816,1619.128,22723.192,1344.632,14.458,8.108,5323.781,0.0,0.0,0.0,0.185,False,True,False,0,0,0,0,0,0,139798368574768,0,135213808,7,previous_put_or_self_copy,False
13042,all_to_one_like,0,1,normal,0,0,0,512,10813317584421993,10813317584820092,10813317585262812,10813317585636523,10813317590674752,10813317591077216,10813317591260106,10813317604351841,10813317591437800,10813317604409411,10813317605724223,10813317605721162,10813317605730540,10813317605769314,10813317605775679,10813317605782878,10813317605783131,10813317607984724,N/A,10813317737854553,10813317737858646,10813317591790012,19089.029,1372.382,58.655,0.253,0.253,10813317603519540,False,20520.319,373.711,5623.583,848.592,11134.253,699.538,13.564,7.199,2201.593,0.0,0.0,0.0,0.253,False,True,False,0,0,0,0,0,0,139798643833360,0,135213808,1,origin_event,False
13042,all_to_one_like,0,1,normal,1,1,1,512,10813317585626828,10813317588636636,10813317588979676,10813317589021067,10813317609847444,10813317609939230,10813317610010631,10813317622697704,10813317610110365,10813317622740031,10813317623970881,10813317623967803,10813317623976154,10813317623992662,10813317623998801,10813317624012958,10813317624006232,10813317626260060,N/A,10813317737861725,10813317737865818,10813317591790012,33718.028,1273.177,42.077,0.0,-6.726,10813317622065857,False,35026.556,41.391,20989.564,817.507,11091.57,586.49,20.296,14.157,2253.828,0.0,0.0,0.0,0.0,False,True,False,0,0,0,0,0,0,139798643834704,0,135213808,2,previous_put_or_self_copy,False
13042,all_to_one_like,0,1,normal,2,2,2,512,10813317589021030,10813317589105820,10813317589312284,10813317589339644,10813317628014254,10813317628119436,10813317628190644,10813317640814262,10813317628266666,10813317640857668,10813317642072131,10813317642067707,10813317642075679,10813317642091220,10813317642097056,10813317642103676,10813317642105428,10813317644116568,N/A,10813317737868896,10813317737872974,10813317591790012,51501.978,1257.869,31.545,1.752,1.752,10813317640245219,False,52793.144,27.36,38851.0,820.575,11114.305,526.031,12.456,6.62,2011.14,0.0,0.0,0.0,1.752,False,True,False,0,0,0,0,0,0,139798643818800,0,135213808,3,previous_put_or_self_copy,False
13042,all_to_one_like,0,1,normal,3,3,3,512,10813317589339743,10813317589399964,10813317589626556,10813317589655353,10813317646087775,10813317646220581,10813317646289694,10813317658876529,10813317646364119,10813317658920001,10813317660112963,10813317660109338,10813317660116730,10813317660132603,10813317660138399,10813317660145668,10813317660145240,10813317661864537,N/A,10813317737875037,10813317737880146,10813317591790012,69249.973,1236.434,32.705,0.0,-0.428,10813317658331045,False,70518.684,28.797,56634.341,827.215,11096.147,502.584,13.065,7.269,1719.297,0.0,0.0,0.0,0.0,False,True,False,0,0,0,0,0,0,139798643821824,0,135213808,4,previous_put_or_self_copy,False
13042,all_to_one_like,0,1,normal,4,4,4,512,10813317589655420,10813317589736348,10813317589926012,10813317589952261,10813317664133012,10813317664268907,10813317664337788,10813317676945567,10813317664423829,10813317676989504,10813317678166079,10813317678162091,10813317678169714,10813317678185712,10813317678192208,10813317678199399,10813317678199381,10813317680547412,N/A,10813317737882193,10813317737887318,10813317591790012,87019.555,1220.512,33.32,0.0,-0.018,10813317676406484,False,88273.369,26.249,74385.527,821.84,11116.028,492.76,13.687,7.191,2348.031,0.0,0.0,0.0,0.0,False,True,False,0,0,0,0,0,0,139798643822944,0,135213808,5,previous_put_or_self_copy,False
13042,all_to_one_like,0,1,normal,5,5,5,512,10813317589952429,10813317590025948,10813317590211804,10813317590237477,10813317682231016,10813317682387348,10813317682455116,10813317695012507,10813317682528555,10813317695055941,10813317696261187,10813317696257721,10813317696265517,10813317696281346,10813317696287469,10813317696293927,10813317696294490,10813317699283553,N/A,10813317737889365,10813317737893474,10813317591790012,104800.703,1248.68,32.74,0.563,0.563,10813317694482142,False,106082.686,25.673,92217.639,822.342,11088.067,487.451,12.581,6.458,2989.063,0.0,0.0,0.0,0.563,False,True,False,0,0,0,0,0,0,139798643824064,0,135213808,6,previous_put_or_self_copy,False
13042,all_to_one_like,0,1,normal,6,7,6+7,1024,10813317591543595,10813317591604028,10813317591790012,10813317591815185,10813317703779791,10813317704111659,10813317704183255,10813317730123874,10813317704273765,10813317730186312,10813317732394045,10813317732390637,10813317732401603,10813317732418964,10813317732438822,10813317732446109,10813317732446818,10813317737851474,N/A,10813317737896538,10813317737900631,10813317591790012,138333.862,2270.171,52.064,0.709,0.709,10813317728679320,False,140656.806,25.173,112368.07,1630.838,22724.451,1394.437,27.145,7.287,5404.656,0.0,0.0,0.0,0.709,False,True,False,0,0,0,0,0,0,139798643825856,0,135213808,7,previous_put_or_self_copy,False
13042,zero_sized_pair,0,1,normal,0,0,0,512,10813318845149374,10813318845411568,10813318845908112,10813318846016663,10813318850233458,10813318850325076,10813318850410109,10813318863285848,10813318850523957,10813318863329131,10813318864724844,10813318864721138,10813318864730977,10813318864751866,10813318864758788,10813318864766814,10813318864766420,10813318864783834,N/A,10813318991593944,10813318991602131,10813318850980624,17377.736,1438.996,41.97,0.0,-0.394,10813318862543208,False,18858.308,108.551,4393.446,837.571,11122.06,684.958,14.948,8.026,17.414,0.0,0.0,0.0,0.0,False,True,False,0,0,0,0,0,0,139798367442592,0,135213808,1,origin_event,False
13042,zero_sized_pair,0,1,normal,1,1,1,512,10813318846009225,10813318848350960,10813318848707376,10813318848748287,10813318868741825,10813318868835375,10813318868908154,10813318881614655,10813318868989822,10813318881657706,10813318882855788,10813318882852374,10813318882860519,10813318882881339,10813318882888438,10813318882895787,10813318882896342,10813318882910678,N/A,10813318991611350,10813318991616475,10813318850980624,32907.279,1241.133,39.999,0.555,0.555,10813318880992454,False,34188.966,40.911,20159.867,838.275,11117.23,568.66,14.448,7.349,14.336,0.0,0.0,0.0,0.555,False,True,False,0,0,0,0,0,0,139798367443712,0,135213808,2,previous_put_or_self_copy,False
13042,zero_sized_pair,0,1,normal,2,2,2,512,10813318848747896,10813318848817200,10813318849039536,10813318849068681,10813318886747139,10813318886856375,10813318886928862,10813318899661808,10813318887004638,10813318899704688,10813318900885352,10813318900882309,10813318900890581,10813318900910040,10813318900916065,10813318900923150,10813318900923865,10813318900938193,N/A,10813318991625694,10813318991630803,10813318850980624,50622.272,1223.544,37.798,0.715,0.715,10813318898994967,False,51884.329,29.145,37860.181,821.551,11120.459,519.599,13.11,7.085,14.328,0.0,0.0,0.0,0.715,False,True,False,0,0,0,0,0,0,139798367444832,0,135213808,3,previous_put_or_self_copy,False
13042,zero_sized_pair,0,1,normal,3,3,3,512,10813318849068712,10813318849132464,10813318849332240,10813318849359211,10813318904742422,10813318904866918,10813318904939394,10813318917557824,10813318905017538,10813318917601126,10813318918758246,10813318918754047,10813318918762929,10813318918779752,10813318918786177,10813318918793107,10813318918793693,10813318918831584,N/A,10813318991638991,10813318991644131,10813318850980624,68225.584,1200.422,34.861,0.586,0.586,10813318917008198,False,69461.453,26.971,55580.183,828.384,11115.507,498.09,13.355,6.93,37.891,0.0,0.0,0.0,0.586,False,True,False,0,0,0,0,0,0,139798368584208,0,135213808,4,previous_put_or_self_copy,False
13042,zero_sized_pair,0,1,normal,4,4,4,512,10813318849359223,10813318849419824,10813318849607536,10813318849633778,10813318922722202,10813318922864354,10813318922936057,10813318935525656,10813318923012735,10813318935568228,10813318936767340,10813318936764280,10813318936772806,10813318936789292,10813318936818759,10813318936826216,10813318936826334,10813318936911318,N/A,10813318991652319,10813318991656412,10813318850980624,85918.12,1241.684,58.876,0.118,0.118,10813318934990638,False,87218.798,26.242,73302.279,823.787,11108.653,482.695,36.924,7.457,84.984,0.0,0.0,0.0,0.118,False,True,False,0,0,0,0,0,0,139798368585328,0,135213808,5,previous_put_or_self_copy,False
13042,zero_sized_pair,0,1,normal,5,5,5,512,10813318849633864,10813318849710128,10813318849901744,10813318849928791,10813318940737573,10813318940902400,10813318940972838,10813318953600083,10813318941077791,10813318953642859,10813318954844016,10813318954839487,10813318954847521,10813318954864333,10813318954870650,10813318954877301,10813318954878428,10813318954952146,N/A,10813318991664600,10813318991669709,10813318850980624,103698.339,1243.933,33.285,1.127,1.127,10813318953063397,False,104976.684,27.047,91044.047,821.885,11117.505,483.045,12.968,6.651,73.718,0.0,0.0,0.0,1.127,False,True,False,0,0,0,0,0,0,139798368586448,0,135213808,6,previous_put_or_self_copy,False
13042,zero_sized_pair,0,1,normal,6,7,6+7,1024,10813318850729739,10813318850790320,10813318850980624,10813318851007057,10813318962823633,10813318963136489,10813318963208297,10813318989131476,10813318963310301,10813318989201254,10813318991421286,10813318991412905,10813318991422243,10813318991439700,10813318991445929,10813318991454010,10813318991453646,10813318991551959,N/A,10813318991676881,10813318999806412,10813318850980624,138150.852,2289.81,32.724,0.0,-0.364,10813318987713617,False,140473.022,26.433,112201.24,1640.21,22712.662,1361.048,14.31,8.081,98.313,0.0,0.0,0.0,0.0,False,True,False,0,0,0,0,0,0,139798368588240,0,135213808,7,previous_put_or_self_copy,False
13042,multiple_progressive_shards,0,1,normal,0,0,0,128,10813320140879516,10813320141079528,10813320141588232,10813320141677007,10813320142912968,10813320142996739,10813320143083937,10813320146619693,10813320143200852,10813320146662966,10813320147319346,10813320147314404,10813320147324875,10813320147343028,10813320147349984,10813320147357474,10813320147357998,10813320147647795,N/A,10813320292421928,10813320292427053,10813320145596712,5031.461,699.653,38.128,0.524,0.524,10813320146372460,False,5769.766,88.775,1406.93,239.351,2877.026,188.639,14.446,7.49,289.797,0.0,0.0,0.0,0.524,False,True,False,0,0,0,0,0,0,139798368571072,0,135213808,1,origin_event,False
13042,multiple_progressive_shards,0,1,normal,1,1,1,256,10813320141665630,10813320142455880,10813320143298792,10813320143332657,10813320149573573,10813320149670585,10813320149756218,10813320156350843,10813320149831590,10813320156391985,10813320157309496,10813320157304531,10813320157311510,10813320157326746,10813320157332758,10813320157339153,10813320157339943,10813320158285115,N/A,10813320292430147,10813320292434240,10813320145596712,13052.051,958.653,29.657,0.79,0.79,10813320155993346,False,14041.151,33.865,6423.561,412.304,5707.512,309.998,12.407,6.395,945.172,0.0,0.0,0.0,0.79,False,True,False,0,0,0,0,0,0,139798368570512,0,135213808,2,previous_put_or_self_copy,False
13042,multiple_progressive_shards,0,1,normal,2,2,2,384,10813320143332219,10813320143419272,10813320143854984,10813320143882594,10813320160218038,10813320160337389,10813320160426493,10813320170085595,10813320160499152,10813320170126894,10813320171179568,10813320171174725,10813320171181999,10813320171196811,10813320171203161,10813320171209768,10813320171211053,10813320172123443,N/A,10813320292436271,10813320292441396,10813320145596712,26230.611,1093.973,30.2,1.285,1.285,10813320169596695,False,27356.069,27.61,16543.899,613.033,8431.1,443.318,12.957,6.607,912.39,0.0,0.0,0.0,1.285,False,True,False,0,0,0,0,0,0,139798368569728,0,135213808,3,previous_put_or_self_copy,False
13042,multiple_progressive_shards,0,1,normal,3,3,3,512,10813320143882793,10813320143962216,10813320144192616,10813320144217035,10813320175117221,10813320175231314,10813320175309564,10813320188388163,10813320175383462,10813320188433977,10813320189803057,10813320189797394,10813320189804622,10813320189820157,10813320189825671,10813320189832563,10813320189833521,10813320190645553,N/A,10813320292443459,10813320292448584,10813320145596712,44195.547,1414.894,29.506,0.958,0.958,10813320187614789,False,45640.905,24.419,31092.529,836.985,11350.872,726.039,12.406,6.892,812.032,0.0,0.0,0.0,0.958,False,True,False,0,0,0,0,0,0,139798368568608,0,135213808,4,previous_put_or_self_copy,False
13042,multiple_progressive_shards,0,1,normal,4,4,4,640,10813320144217136,10813320144283400,10813320144507624,10813320144532899,10813320194459484,10813320194589868,10813320194694689,10813320210962705,10813320194784960,10813320211012148,10813320212586031,10813320212580876,10813320212588476,10813320212604800,10813320212610549,10813320212618227,10813320212618537,10813320213802287,N/A,10813320292450616,10813320292455709,10813320145596712,66455.081,1623.326,32.196,0.31,0.31,10813320210056034,False,68110.913,25.275,50161.79,1024.231,14200.084,856.347,13.427,7.678,1183.75,0.0,0.0,0.0,0.31,False,True,False,0,0,0,0,0,0,139798368571856,0,135213808,5,previous_put_or_self_copy,False
13042,multiple_progressive_shards,0,1,normal,5,5,5,768,10813320144532885,10813320144629672,10813320144880840,10813320144911379,10813320218089748,10813320218227568,10813320218309476,10813320237492553,10813320218388940,10813320237543993,10813320239393328,10813320239388066,10813320239396226,10813320239413266,10813320239418989,10813320239425946,10813320239426865,10813320240597303,N/A,10813320292458803,10813320292462896,10813320145596712,92611.713,1900.775,32.618,0.919,0.919,10813320236482012,False,94546.025,30.539,73398.097,1222.112,16822.167,957.23,12.68,6.957,1170.438,0.0,0.0,0.0,0.919,False,True,False,0,0,0,0,0,0,139798368574768,0,135213808,6,previous_put_or_self_copy,False
13042,multiple_progressive_shards,0,1,normal,6,7,6+7,1408,10813320145260049,10813320145363272,10813320145596712,10813320145621388,10813320249571745,10813320249869567,10813320249976558,10813320285511057,10813320250058701,10813320285584933,10813320288721468,10813320288717754,10813320288727884,10813320288746772,10813320288753504,10813320288761392,10813320288762178,10813320292401459,N/A,10813320292465960,10813320293947678,10813320145596712,139914.345,3210.411,39.924,0.786,0.786,10813320283549536,False,143165.466,24.676,104355.17,2248.539,31182.85,1900.522,14.62,7.888,3639.281,0.0,0.0,0.0,0.786,False,True,False,0,0,0,0,0,0,139798368575888,0,135213808,7,previous_put_or_self_copy,False
13142,balanced,0,0,normal,0,0,0,512,10813334393716732,10813334394216276,10813334529606128,10813334529861617,10813334535583367,10813334535740898,10813334535907678,10813334549948544,10813334536068172,10813334550001810,10813334551947398,10813334551941792,10813334551951146,10813334552091513,10813334552098187,10813334552275409,10813334552107205,10813334553329861,N/A,10813334688095424,10813334688108736,10813334535271320,20342.416,1998.854,328.011,0.0,-168.204,10813334549214731,False,22501.077,255.489,6046.061,831.988,12236.244,625.011,183.896,177.222,1222.656,0.0,0.0,0.0,0.0,False,True,False,0,0,0,0,0,0,140299261776112,0,167117616,1,origin_event,False
13142,balanced,0,0,normal,1,1,1,512,10813334529860571,10813334532757816,10813334533237904,10813334533303576,10813334556019283,10813334556120060,10813334556236827,10813334570338518,10813334556311114,10813334570385538,10813334571715739,10813334571709987,10813334571722190,10813334571814581,10813334571821243,10813334571827799,10813334571829455,10813334572470455,N/A,10813334688110799,10813334688115924,10813334535271320,37100.614,1377.221,112.06,1.656,1.656,10813334568426526,False,38591.551,65.672,22933.251,833.312,11230.15,1849.736,13.218,6.556,641.0,0.0,0.0,0.0,1.656,False,True,False,0,0,0,0,0,0,140299261777232,0,167117616,2,previous_put_or_self_copy,False
13142,balanced,0,0,normal,2,2,2,512,10813334533304075,10813334533423634,10813334533674488,10813334533702097,10813334575548711,10813334575640024,10813334575720894,10813334588389446,10813334575787095,10813334588432536,10813334589724802,10813334589716738,10813334589723861,10813334589808362,10813334589814818,10813334589821255,10813334589823143,10813334590723268,N/A,10813334688117955,10813334688123080,10813334535271320,54714.958,1335.356,96.453,1.888,1.888,10813334587879804,False,56148.655,27.609,42018.797,838.518,11209.862,461.553,12.893,6.437,900.125,0.0,0.0,0.0,1.888,False,True,False,0,0,0,0,0,0,140299261778352,0,167117616,3,previous_put_or_self_copy,False
13142,balanced,0,0,normal,3,3,3,512,10813334533702421,10813334533787572,10813334534006962,10813334534031451,10813334593588186,10813334593706470,10813334593801319,10813334606413668,10813334593867439,10813334606459025,10813334607728770,10813334607719750,10813334607726523,10813334607810361,10813334607815910,10813334607821796,10813334607824080,10813334608669893,N/A,10813334688125143,10813334688131268,10813334535271320,72406.706,1315.102,93.026,2.284,2.284,10813334605913827,False,73817.118,24.489,59769.868,827.082,11176.791,448.424,11.435,5.886,845.813,0.0,0.0,0.0,2.284,False,True,False,0,0,0,0,0,0,140299261779472,0,167117616,4,previous_put_or_self_copy,False
13142,balanced,0,0,normal,4,4,4,512,10813334534032267,10813334534107152,10813334534311284,10813334534334662,10813334611592120,10813334611718736,10813334611809891,10813334624507561,10813334611874590,10813334624552073,10813334625838206,10813334625830613,10813334625837291,10813334625923987,10813334625929771,10813334625935555,10813334625938643,10813334626587830,N/A,10813334688133299,10813334688138424,10813334535271320,90196.277,1330.645,97.349,3.088,3.088,10813334623928919,False,91627.359,23.378,77475.229,828.999,11182.059,524.478,11.568,5.784,649.187,0.0,0.0,0.0,3.088,False,True,False,0,0,0,0,0,0,140299261780592,0,167117616,5,previous_put_or_self_copy,False
13142,balanced,0,0,normal,5,5,5,512,10813334534335427,10813334534418324,10813334534707828,10813334534732259,10813334629599621,10813334629738509,10813334629817028,10813334642524690,10813334629888522,10813334642567301,10813334643882121,10813334643873180,10813334643879887,10813334643965791,10813334643971721,10813334643977701,10813334643980486,10813334644579549,N/A,10813334688140486,10813334688145611,10813334535271320,107816.862,1357.431,95.58,2.785,2.785,10813334641953078,False,109272.658,24.431,95084.769,832.65,11189.504,524.284,11.91,5.98,599.063,0.0,0.0,0.0,2.785,False,True,False,0,0,0,0,0,0,140299261781712,0,167117616,6,previous_put_or_self_copy,False
13142,balanced,0,0,normal,6,7,6+7,1024,10813334535018141,10813334535085270,10813334535271320,10813334535295225,10813334651067300,10813334651356405,10813334651518573,10813334683570765,10813334651585708,10813334683621500,10813334685789317,10813334685780445,10813334685787424,10813334685879459,10813334685885699,10813334685891835,10813334685894830,10813334688093393,N/A,10813334688147643,10813334697717955,10813334535271320,148299.445,2218.552,102.518,2.995,2.995,10813334680340887,False,150623.51,23.905,116223.348,1640.582,27069.38,3180.199,12.376,6.136,2198.563,0.0,0.0,0.0,2.995,False,True,False,0,0,0,0,0,0,140299261783504,0,167117616,7,previous_put_or_self_copy,False
13142,balanced,0,0,router_absent,0,0,0,512,10813335447122467,10813335447272178,10813335447988338,10813335448064369,10813335451917660,10813335451991370,10813335452093535,10813335464919514,10813335452161484,10813335464961691,10813335466374815,10813335466371643,10813335466379589,10813335466478425,10813335466484442,10813335466492233,10813335466490560,10813335468381896,N/A,10813335601638084,10813335601643209,10813335563089774,16931.176,1455.301,117.418,0.0,-1.673,10813335464291288,True,18502.222,76.031,4029.166,829.64,11252.649,577.144,13.808,7.791,1891.336,0.0,0.0,0.0,0.0,True,False,True,0,0,0,0,0,0,140299261773984,0,167117616,1,origin_event,False
13142,balanced,0,0,router_absent,1,1,1,512,10813335466539000,10813335466658578,10813335468412210,10813335468410504,10813335472051667,10813335472138522,10813335472243333,10813335484932403,10813335472307170,10813335484972701,10813335486322333,10813335486318409,10813335486325619,10813335486411251,10813335486417755,10813335486424133,10813335486423748,10813335486948037,N/A,10813335601646272,10813335601650381,10813335563089774,16520.193,1389.93,101.8,0.0,-0.385,10813335484333289,True,18011.538,-1.706,3832.829,827.657,11155.4,551.233,12.882,6.378,524.289,0.0,0.0,0.0,0.0,True,False,True,0,0,0,0,0,0,140299261773200,0,167117616,2,previous_put_or_self_copy,False
13142,balanced,0,0,router_absent,2,2,2,512,10813335486465964,10813335486554290,10813335486952626,10813335486950851,10813335490597412,10813335490682828,10813335490747812,10813335503463485,10813335490818854,10813335503504034,10813335504838309,10813335504833972,10813335504840828,10813335504923907,10813335504930083,10813335504935541,10813335504936646,10813335505782474,N/A,10813335601653444,10813335601657553,10813335563089774,16510.859,1374.824,97.232,1.105,1.105,10813335502855383,True,17984.02,-1.775,3796.961,825.998,11168.205,562.173,11.634,5.458,845.828,0.0,0.0,0.0,1.105,True,False,True,0,0,0,0,0,0,140299261783392,0,167117616,3,previous_put_or_self_copy,False
13142,balanced,0,0,router_absent,3,3,3,512,10813335504974656,10813335505056244,10813335505806514,10813335505804839,10813335509343652,10813335509517234,10813335509595393,10813335522269753,10813335509669802,10813335522309790,10813335523597983,10813335523593063,10813335523599764,10813335523686178,10813335523692188,10813335523697940,10813335523699396,10813335525076678,N/A,10813335601659584,10813335601664709,10813335563089774,16463.239,1328.23,99.957,1.456,1.456,10813335521686144,True,17892.882,-1.675,3790.554,828.538,11146.674,536.199,11.762,5.752,1377.282,0.0,0.0,0.0,1.456,True,False,True,0,0,0,0,0,0,140299261786528,0,167117616,4,previous_put_or_self_copy,False
13142,balanced,0,0,router_absent,4,4,4,512,10813335523734580,10813335523816498,10813335525107888,10813335525106003,10813335528667848,10813335528790537,10813335528868447,10813335541523550,10813335528943778,10813335541563040,10813335542849188,10813335542846011,10813335542852706,10813335542933776,10813335542939676,10813335542945253,10813335542946506,10813335544201912,N/A,10813335601667788,10813335601671881,10813335563089774,16415.662,1325.638,96.065,1.253,1.253,10813335540951575,True,17838.618,-1.885,3762.444,828.544,11137.377,524.494,11.477,5.577,1255.406,0.0,0.0,0.0,1.253,True,False,True,0,0,0,0,0,0,140299261787648,0,167117616,5,previous_put_or_self_copy,False
13142,balanced,0,0,router_absent,5,5,5,512,10813335542984109,10813335543100342,10813335544236176,10813335544234035,10813335547856523,10813335547991627,10813335548074701,10813335560732558,10813335548146804,10813335560772253,10813335562070685,10813335562065921,10813335562072601,10813335562153263,10813335562159170,10813335562164430,10813335562166974,10813335563000521,N/A,10813335601673913,10813335601679053,10813335563089774,16496.382,1338.127,93.745,2.544,2.544,10813335560160185,True,17930.798,-2.141,3840.666,828.284,11144.314,526.102,11.167,5.26,833.547,0.0,0.0,0.0,2.544,True,False,True,0,0,0,0,0,0,140297724723952,0,167117616,6,previous_put_or_self_copy,False
13142,balanced,0,0,router_absent,6,7,6+7,1024,10813335562510486,10813335563036498,10813335563089774,10813335563087668,10813335570199985,10813335570480494,10813335570555928,10813335596464942,10813335570634015,10813335596508826,10813335598747290,10813335598742117,10813335598749626,10813335598834705,10813335598840365,10813335598846579,10813335598847693,10813335601636037,N/A,10813335601681084,10813335601686224,10813335563089774,33375.168,2282.348,99.289,1.114,1.114,10813335595050524,False,35757.919,-2.106,7468.26,1645.104,22727.161,1365.418,11.874,6.214,2788.344,0.0,0.0,0.0,1.114,False,True,False,0,0,0,0,0,0,140297725033536,0,167117616,7,previous_put_or_self_copy,False
13142,balanced,0,0,dependency_resolved,0,0,0,512,10813336252225782,10813336252362840,10813336252734648,10813336252792945,10813336256829031,10813336256903160,10813336257005901,10813336270153335,10813336257096572,10813336270192640,10813336271575033,10813336271573609,10813336271585273,10813336271673210,10813336271679793,10813336271687136,10813336271685068,10813336272977357,N/A,10813336399326670,10813336399331795,10813336257526904,17418.687,1421.698,112.103,0.0,-2.068,10813336269405124,False,18950.42,58.297,4212.956,898.489,11363.86,696.508,13.926,7.343,1292.289,0.0,0.0,0.0,0.0,False,True,False,0,0,0,0,0,0,140297724728544,0,167117616,1,origin_event,True
13142,balanced,0,0,dependency_resolved,1,1,1,512,10813336252791617,10813336255032344,10813336255304504,10813336255339447,10813336275303687,10813336275389119,10813336275492429,10813336288235054,10813336275555867,10813336288272383,10813336289554426,10813336289551930,10813336289563566,10813336289648174,10813336289654433,10813336289661050,10813336289660365,10813336290155982,N/A,10813336399333842,10813336399338967,10813336257526904,32930.55,1319.372,106.624,0.0,-0.685,10813336287674579,False,34355.861,34.943,20152.982,836.801,11238.648,513.733,12.876,6.617,495.617,0.0,0.0,0.0,0.0,False,True,False,0,0,0,0,0,0,140297724729664,0,167117616,2,previous_put_or_self_copy,True
13142,balanced,0,0,dependency_resolved,2,2,2,512,10813336255340183,10813336255401016,10813336255606552,10813336255637336,10813336293188462,10813336293277235,10813336293354532,10813336306097445,10813336293416705,10813336306135031,10813336307420156,10813336307417510,10813336307428201,10813336307511958,10813336307518474,10813336307524105,10813336307524053,10813336308387279,N/A,10813336399341014,10813336399346123,10813336257526904,50490.893,1322.711,103.949,0.0,-0.052,10813336305515323,False,51917.501,30.784,37717.196,829.505,11227.617,467.69,12.147,5.631,863.226,0.0,0.0,0.0,0.0,False,True,False,0,0,0,0,0,0,140297724730784,0,167117616,3,previous_put_or_self_copy,True
13142,balanced,0,0,dependency_resolved,3,3,3,512,10813336255637910,10813336255704344,10813336255892760,10813336255923136,10813336311085905,10813336311195054,10813336311282322,10813336323931081,10813336311343442,10813336323969015,10813336325241858,10813336325239174,10813336325249864,10813336325332352,10813336325338833,10813336325344689,10813336325344717,10813336326511045,N/A,10813336399348186,10813336399353295,10813336257526904,68038.321,1310.777,102.831,0.028,0.028,10813336323424974,False,69451.957,30.376,55359.186,833.534,11206.072,461.448,12.337,5.856,1166.328,0.0,0.0,0.0,0.028,False,True,False,0,0,0,0,0,0,140297724731904,0,167117616,4,previous_put_or_self_copy,True
13142,balanced,0,0,dependency_resolved,4,4,4,512,10813336255923424,10813336256026840,10813336256269784,10813336256311454,10813336328964750,10813336329086157,10813336329173778,10813336341823937,10813336329234450,10813336341861380,10813336343142401,10813336343139614,10813336343149651,10813336343236972,10813336343244047,10813336343249774,10813336343250389,10813336343824842,N/A,10813336399355343,10813336399359436,10813336257526904,85554.153,1318.464,107.373,0.615,0.615,10813336341325916,False,86980.605,41.67,72862.324,827.333,11222.521,452.902,12.802,5.727,574.453,0.0,0.0,0.0,0.615,False,True,False,0,0,0,0,0,0,140297724733024,0,167117616,5,previous_put_or_self_copy,True
13142,balanced,0,0,dependency_resolved,5,5,5,512,10813336256311549,10813336256374904,10813336256563448,10813336256590969,10813336346902893,10813336347039631,10813336347130070,10813336359776420,10813336347190393,10813336359813116,10813336361106436,10813336361103228,10813336361112761,10813336361194532,10813336361200809,10813336361206398,10813336361207248,10813336361831889,N/A,10813336399362514,10813336399366607,10813336257526904,103212.972,1330.016,99.962,0.85,0.85,10813336359277829,False,104643.8,27.521,90539.101,832.878,11213.074,453.775,11.866,5.589,624.641,0.0,0.0,0.0,0.85,False,True,False,0,0,0,0,0,0,140297724734144,0,167117616,6,previous_put_or_self_copy,True
13142,balanced,0,0,dependency_resolved,6,7,6+7,1024,10813336257287080,10813336257344856,10813336257526904,10813336257557813,10813336368311547,10813336368596800,10813336368684134,10813336394497744,10813336368750395,10813336394537985,10813336396773367,10813336396770152,10813336396780646,10813336396866619,10813336396872926,10813336396879304,10813336396879311,10813336399323592,N/A,10813336399369686,10813336401919436,10813336257526904,136970.84,2275.623,105.937,0.007,0.007,10813336393182385,False,139352.407,30.909,111126.321,1634.326,22754.387,1267.472,12.685,6.378,2444.281,0.0,0.0,0.0,0.007,False,True,False,0,0,0,0,0,0,140297724735936,0,167117616,7,previous_put_or_self_copy,True
13142,skewed,0,0,normal,0,0,0,512,10813337206558327,10813337206773724,10813337207239740,10813337207317879,10813337212236538,10813337212325959,10813337212412625,10813337225860830,10813337212493152,10813337225904686,10813337227308586,10813337227304734,10813337227313858,10813337227413115,10813337227419691,10813337227431883,10813337227425830,10813337227709478,N/A,10813337356990494,10813337356995619,10813337211791388,18621.09,1447.756,123.297,0.0,-6.053,10813337225180898,False,20186.09,78.139,5094.746,818.028,11810.723,622.863,18.768,12.192,283.648,0.0,0.0,0.0,0.0,False,True,False,0,0,0,0,0,0,140299262983344,0,167117616,1,origin_event,False
13142,skewed,0,0,normal,1,1,1,512,10813337207314687,10813337209647420,10813337209988092,10813337210022502,10813337231178862,10813337231272063,10813337231357116,10813337243988596,10813337231426212,10813337244038704,10813337245349419,10813337245345179,10813337245352481,10813337245439180,10813337245445820,10813337245452829,10813337245452330,10813337245612072,N/A,10813337356997666,10813337357002791,10813337211791388,34000.504,1360.823,103.41,0.0,-0.499,10813337243420924,False,35464.238,34.41,21334.614,830.816,11115.584,513.483,13.649,7.009,159.742,0.0,0.0,0.0,0.0,False,True,False,0,0,0,0,0,0,140298865951136,0,167117616,2,previous_put_or_self_copy,False
13142,skewed,0,0,normal,2,2,2,512,10813337210023073,10813337210096956,10813337210308380,10813337210335009,10813337249147087,10813337249260605,10813337249335973,10813337261999845,10813337249403210,10813337262041649,10813337263338036,10813337263332671,10813337263339606,10813337263424116,10813337263431071,10813337263438266,10813337263436838,10813337263663134,N/A,10813337357004838,10813337357009947,10813337211791388,51691.465,1338.191,100.23,0.0,-1.428,10813337261409167,False,53128.458,26.629,39000.964,823.463,11137.174,540.856,14.15,7.195,226.296,0.0,0.0,0.0,0.0,False,True,False,0,0,0,0,0,0,140298865952256,0,167117616,3,previous_put_or_self_copy,False
13142,skewed,0,0,normal,3,3,3,512,10813337210335503,10813337210405756,10813337210605340,10813337210629525,10813337267043701,10813337267173500,10813337267247859,10813337280600464,10813337267318855,10813337280642601,10813337281925682,10813337281920577,10813337281927703,10813337282015176,10813337282021942,10813337282027901,10813337282028588,10813337282187306,N/A,10813337357012010,10813337357017119,10813337211791388,69995.124,1325.218,102.219,0.687,0.687,10813337279952961,False,71423.248,24.185,56618.334,822.023,11767.517,595.906,12.725,5.959,158.718,0.0,0.0,0.0,0.687,False,True,False,0,0,0,0,0,0,140298865953376,0,167117616,4,previous_put_or_self_copy,False
13142,skewed,0,0,normal,4,4,4,512,10813337210630170,10813337210695644,10813337210884508,10813337210906531,10813337285996513,10813337286134482,10813337286215819,10813337298841278,10813337286286663,10813337298882088,10813337300160042,10813337300155645,10813337300162585,10813337300246669,10813337300257341,10813337300264128,10813337300263978,10813337300499509,N/A,10813337357019166,10813337357024291,10813337211791388,87956.77,1318.764,104.086,0.0,-0.15,10813337298265025,False,89379.47,22.023,75309.288,824.57,11109.66,527.232,17.459,6.787,235.531,0.0,0.0,0.0,0.0,False,True,False,0,0,0,0,0,0,140298865954496,0,167117616,5,previous_put_or_self_copy,False
13142,skewed,0,0,normal,5,5,5,512,10813337210907206,10813337210975516,10813337211185404,10813337211208773,10813337303918973,10813337304084494,10813337304166286,10813337316808555,10813337304235295,10813337316848168,10813337318112816,10813337318107502,10813337318116598,10813337318201507,10813337318207406,10813337318212993,10813337318213681,10813337318352947,N/A,10813337357026338,10813337357031463,10813337211791388,105623.151,1304.261,100.177,0.688,0.688,10813337316219760,False,107028.277,23.369,92957.513,813.516,11126.572,540.252,11.486,5.587,139.266,0.0,0.0,0.0,0.688,False,True,False,0,0,0,0,0,0,140298865955616,0,167117616,6,previous_put_or_self_copy,False
13142,skewed,0,0,normal,6,7,6+7,1024,10813337211479851,10813337211544508,10813337211791388,10813337211815601,10813337325303946,10813337325633778,10813337325708003,10813337354202671,10813337325784629,10813337354248741,10813337356535347,10813337356530820,10813337356537927,10813337356628073,10813337356634912,10813337356641185,10813337356641322,10813337356987431,N/A,10813337357033509,10813337358243884,10813337211791388,142411.283,2332.676,105.838,0.137,0.137,10813337352832965,False,144849.934,24.213,113892.402,1633.421,25366.806,1319.336,13.112,6.273,346.109,0.0,0.0,0.0,0.137,False,True,False,0,0,0,0,0,0,140298865957408,0,167117616,7,previous_put_or_self_copy,False
13142,all_to_one_like,0,0,normal,0,0,0,512,10813338355483720,10813338355639392,10813338356081792,10813338356153008,10813338360669802,10813338360744575,10813338360837215,10813338373601109,10813338360951995,10813338373643036,10813338374927132,10813338374924952,10813338374933173,10813338375017354,10813338375024168,10813338375031704,10813338375030450,10813338375118505,N/A,10813338500644521,10813338500649646,10813338361007104,17519.317,1326.023,104.572,0.0,-1.254,10813338372989081,False,18948.658,71.216,4684.207,821.492,11160.662,554.452,14.35,7.536,88.055,0.0,0.0,0.0,0.0,False,True,False,0,0,0,0,0,0,140299262983792,0,167117616,1,origin_event,False
13142,all_to_one_like,0,0,normal,1,1,1,512,10813338356150244,10813338358458944,10813338358803776,10813338358839571,10813338378727037,10813338378816809,10813338378889254,10813338391662542,10813338378967983,10813338391701271,10813338392940315,10813338392936110,10813338392943301,10813338393022034,10813338393028350,10813338393034674,10813338393035443,10813338393114286,N/A,10813338500651693,10813338500655786,10813338361007104,32858.766,1277.773,94.359,0.769,0.769,10813338391059663,False,34231.667,35.795,20049.683,822.202,11217.922,548.246,12.64,6.324,78.843,0.0,0.0,0.0,0.769,False,True,False,0,0,0,0,0,0,140299262980208,0,167117616,2,previous_put_or_self_copy,False
13142,all_to_one_like,0,0,normal,2,2,2,512,10813338358840240,10813338358905888,10813338359114368,10813338359144725,10813338396691487,10813338396795627,10813338396864697,10813338409605227,10813338396941191,10813338409643807,10813338410867485,10813338410862913,10813338410869470,10813338410948269,10813338410954643,10813338410960113,10813338410961583,10813338411035318,N/A,10813338500658865,10813338500662958,10813338361007104,50490.859,1262.258,92.628,1.47,1.47,10813338409013493,False,51847.215,30.357,37719.972,818.021,11210.148,543.547,11.844,5.47,73.735,0.0,0.0,0.0,1.47,False,True,False,0,0,0,0,0,0,140299262978528,0,167117616,3,previous_put_or_self_copy,False
13142,all_to_one_like,0,0,normal,3,3,3,512,10813338359145361,10813338359206304,10813338359400320,10813338359428133,10813338414587095,10813338414706846,10813338414772788,10813338427526200,10813338414847473,10813338427565849,10813338428787483,10813338428783199,10813338428789458,10813338428864323,10813338428870495,10813338428876193,10813338428877474,10813338428977833,N/A,10813338500666021,10813338500670130,10813338361007104,68125.88,1261.283,88.71,1.281,1.281,10813338426928184,False,69477.154,27.813,55344.655,823.914,11215.237,550.517,11.87,5.698,100.359,0.0,0.0,0.0,1.281,False,True,False,0,0,0,0,0,0,140299262969792,0,167117616,4,previous_put_or_self_copy,False
13142,all_to_one_like,0,0,normal,4,4,4,512,10813338359428739,10813338359488320,10813338359683584,10813338359724701,10813338432590643,10813338432724954,10813338432790470,10813338445547628,10813338432863996,10813338445586205,10813338446799645,10813338446795810,10813338446801976,10813338446877354,10813338446883175,10813338446895840,10813338446890661,10813338446985911,N/A,10813338500672177,10813338500677302,10813338361007104,85864.044,1252.017,96.195,0.0,-5.179,10813338444938695,False,87207.077,41.117,73065.769,817.381,11214.408,560.568,18.486,12.665,95.25,0.0,0.0,0.0,0.0,False,True,False,0,0,0,0,0,0,140299262970912,0,167117616,5,previous_put_or_self_copy,False
13142,all_to_one_like,0,0,normal,5,5,5,512,10813338359724946,10813338359785376,10813338359979904,10813338360016993,10813338450617233,10813338450772674,10813338450837422,10813338463588576,10813338450913470,10813338463627037,10813338464806679,10813338464801506,10813338464807613,10813338464882004,10813338464888024,10813338464893313,10813338464895677,10813338465007271,N/A,10813338500679349,10813338500684458,10813338361007104,103608.672,1218.103,86.634,2.364,2.364,10813338462988919,False,104915.773,37.089,90820.429,815.322,11216.885,551.858,11.309,5.289,111.594,0.0,0.0,0.0,2.364,False,True,False,0,0,0,0,0,0,140299262972032,0,167117616,6,previous_put_or_self_copy,False
13142,all_to_one_like,0,0,normal,6,7,6+7,1024,10813338360289481,10813338360351360,10813338361007104,10813338361034989,10813338471966634,10813338472275867,10813338472341923,10813338498267532,10813338472418596,10813338498307869,10813338500449043,10813338500444676,10813338500451199,10813338500528126,10813338500534753,10813338500540997,10813338500542130,10813338500641458,N/A,10813338500686521,10813338506757802,10813338361007104,137260.428,2181.511,91.954,1.133,1.133,10813338496905077,False,139535.026,27.885,111306.934,1612.56,22828.769,1313.924,12.871,6.244,99.328,0.0,0.0,0.0,1.133,False,True,False,0,0,0,0,0,0,140299262973824,0,167117616,7,previous_put_or_self_copy,False
13142,zero_sized_pair,0,0,normal,0,0,0,512,10813339606187141,10813339606359388,10813339606868252,10813339606942119,10813339611100298,10813339611182329,10813339611274465,10813339624056419,10813339611409724,10813339624097980,10813339625326785,10813339625323395,10813339625331641,10813339625351520,10813339625357300,10813339625364958,10813339625364005,10813339629039146,N/A,10813339759239724,10813339759244833,10813339611905372,17188.167,1270.366,38.173,0.0,-0.953,10813339623450133,False,18495.753,73.867,4332.346,834.159,11147.252,557.377,13.438,7.658,3675.141,0.0,0.0,0.0,0.0,False,True,False,0,0,0,0,0,0,140297725023008,0,167117616,1,origin_event,False
13142,zero_sized_pair,0,0,normal,1,1,1,512,10813339606939379,10813339609286940,10813339609618524,10813339609659254,10813339629061311,10813339629149564,10813339629219303,10813339642019892,10813339629306464,10813339642060992,10813339643268291,10813339643263633,10813339643271363,10813339643288888,10813339643294804,10813339643302231,10813339643301419,10813339646310950,N/A,10813339759246896,10813339759252005,10813339611905372,32401.368,1248.399,33.94,0.0,-0.812,10813339641391801,False,33682.895,40.73,19560.049,817.41,11216.877,584.705,13.343,7.427,3009.531,0.0,0.0,0.0,0.0,False,True,False,0,0,0,0,0,0,140297725024128,0,167117616,2,previous_put_or_self_copy,False
13142,zero_sized_pair,0,0,normal,2,2,2,512,10813339609659373,10813339609731420,10813339609956284,10813339609988784,10813339646850987,10813339646954035,10813339647108532,10813339659841816,10813339647184731,10813339659881656,10813339661067462,10813339661062277,10813339661069867,10813339661086061,10813339661092189,10813339661099257,10813339661099560,10813339664489005,N/A,10813339759255084,10813339759259177,10813339611905372,49885.532,1225.646,31.795,0.303,0.303,10813339659257807,False,51143.276,32.5,37119.748,814.292,11203.625,543.633,13.196,7.068,3389.445,0.0,0.0,0.0,0.303,False,True,False,0,0,0,0,0,0,140297725025248,0,167117616,3,previous_put_or_self_copy,False
13142,zero_sized_pair,0,0,normal,3,3,3,512,10813339609989245,10813339610057148,10813339610272124,10813339610302025,10813339664700767,10813339664816300,10813339664882477,10813339677620893,10813339664956135,10813339677660358,10813339678843066,10813339678837511,10813339678844733,10813339678861818,10813339678867706,10813339678874543,10813339678875177,10813339681158708,N/A,10813339759261224,10813339759266349,10813339611905372,67348.769,1222.173,31.477,0.634,0.634,10813339677030381,False,68603.053,29.901,54580.452,820.087,11210.759,551.448,12.725,6.837,2283.531,0.0,0.0,0.0,0.634,False,True,False,0,0,0,0,0,0,140298865869104,0,167117616,4,previous_put_or_self_copy,False
13142,zero_sized_pair,0,0,normal,4,4,4,512,10813339610302526,10813339610373820,10813339610575644,10813339610604814,10813339682568171,10813339682701307,10813339682766280,10813339695528282,10813339682840984,10813339695568057,10813339696752826,10813339696747790,10813339696755104,10813339696771117,10813339696776721,10813339696782796,10813339696783911,10813339699651115,N/A,10813339759268396,10813339759273505,10813339611905372,84952.638,1224.544,29.97,1.115,1.115,10813339694928040,False,86208.267,29.17,72161.466,815.315,11228.705,559.66,11.679,6.075,2867.204,0.0,0.0,0.0,1.115,False,True,False,0,0,0,0,0,0,140298865870224,0,167117616,5,previous_put_or_self_copy,False
13142,zero_sized_pair,0,0,normal,5,5,5,512,10813339610605326,10813339610668252,10813339610863452,10813339610896850,10813339700462226,10813339700615736,10813339700680706,10813339713430109,10813339700752222,10813339713470660,10813339714607303,10813339714601436,10813339714608067,10813339714622829,10813339714628066,10813339714633586,10813339714635302,10813339716950568,N/A,10813339759275568,10813339759280677,10813339611905372,102566.657,1177.194,26.283,1.716,1.716,10813339712831343,False,103771.85,33.398,89783.856,819.74,11216.699,559.236,10.757,5.52,2315.266,0.0,0.0,0.0,1.716,False,True,False,0,0,0,0,0,0,140298865871344,0,167117616,6,previous_put_or_self_copy,False
13142,zero_sized_pair,0,0,normal,6,7,6+7,1024,10813339611658940,10813339611717628,10813339611905372,10813339611930744,10813339722061399,10813339722366226,10813339722430988,10813339748278194,10813339722508616,10813339748322498,10813339750442172,10813339750431667,10813339750439029,10813339750454617,10813339750460673,10813339750467077,10813339750468130,10813339759237677,N/A,10813339759282724,10813339759286833,10813339611905372,136372.822,2163.978,24.905,1.053,1.053,10813339746965715,False,138562.758,25.372,110500.244,1625.852,22785.672,1269.925,12.46,6.404,8769.547,0.0,0.0,0.0,1.053,False,True,False,0,0,0,0,0,0,140298865873136,0,167117616,7,previous_put_or_self_copy,False
13142,multiple_progressive_shards,0,0,normal,0,0,0,128,10813340898894645,10813340899075936,10813340899521408,10813340899588295,10813340900916029,10813340900993513,10813340901077259,10813340904539135,10813340901171674,10813340904582182,10813340905219115,10813340905215941,10813340905224604,10813340905309894,10813340905316996,10813340905325387,10813340905322600,10813340905750631,N/A,10813341051804764,10813341051809889,10813340903543616,5017.727,679.98,106.272,0.0,-2.787,10813340904349024,False,5801.192,66.887,1488.964,238.952,2884.716,135.361,15.493,8.391,428.031,0.0,0.0,0.0,0.0,False,True,False,0,0,0,0,0,0,140298865953712,0,167117616,1,origin_event,False
13142,multiple_progressive_shards,0,0,normal,1,1,1,256,10813340899582273,10813340900367712,10813340901212160,10813340901243941,10813340907478586,10813340907573854,10813340907669326,10813340914147045,10813340907745335,10813340914186278,10813340915082274,10813340915078101,10813340915085656,10813340915168796,10813340915175452,10813340915180985,10813340915181671,10813340915492967,N/A,10813341051812984,10813341051817077,10813340903543616,12934.885,935.229,98.711,0.686,0.686,10813340913839889,False,13969.511,31.781,6425.385,396.767,5652.509,260.089,12.189,5.533,311.296,0.0,0.0,0.0,0.686,False,True,False,0,0,0,0,0,0,140298865953152,0,167117616,2,previous_put_or_self_copy,False
13142,multiple_progressive_shards,0,0,normal,2,2,2,384,10813340901244237,10813340901330464,10813340901859488,10813340901885433,10813340917994203,10813340918110206,10813340918186710,10813340927992382,10813340918256448,10813340928038954,10813340929106978,10813340929102995,10813340929109973,10813340929198506,10813340929205828,10813340929211494,10813340929212514,10813340930085983,N/A,10813341051819109,10813341051823202,10813340903543616,26132.894,1114.596,104.516,1.02,1.02,10813340927480707,False,27353.026,25.945,16301.277,620.686,8550.067,466.415,12.988,5.666,873.469,0.0,0.0,0.0,1.02,False,True,False,0,0,0,0,0,0,140298865952368,0,167117616,3,previous_put_or_self_copy,False
13142,multiple_progressive_shards,0,0,normal,3,3,3,512,10813340901886003,10813340901964352,10813340902186400,10813340902206543,10813340933049211,10813340933159870,10813340933236778,10813340946286181,10813340933307855,10813340946325545,10813340947649580,10813340947645315,10813340947652306,10813340947740741,10813340947747705,10813340947753167,10813340947754092,10813340949740655,N/A,10813341051826296,10813341051830358,10813340903543616,44099.781,1363.399,103.587,0.925,0.925,10813340945600227,False,45567.692,20.143,31030.235,826.373,11424.391,640.435,12.426,5.462,1986.563,0.0,0.0,0.0,0.925,False,True,False,0,0,0,0,0,0,140298865951248,0,167117616,4,previous_put_or_self_copy,False
13142,multiple_progressive_shards,0,0,normal,4,4,4,640,10813340902207336,10813340902282560,10813340902517152,10813340902539307,10813340952332647,10813340952461805,10813340952549036,10813340968803439,10813340952620764,10813340968846373,10813340970396712,10813340970393272,10813340970401315,10813340970487879,10813340970494809,10813340970501102,10813340970501233,10813340972283999,N/A,10813341051833453,10813341051837546,10813340903543616,66286.287,1593.273,104.39,0.131,0.131,10813340967882850,False,67984.081,22.155,50009.729,1017.728,14200.954,871.921,13.223,6.293,1782.766,0.0,0.0,0.0,0.131,False,True,False,0,0,0,0,0,0,140298865955616,0,167117616,5,previous_put_or_self_copy,False
13142,multiple_progressive_shards,0,0,normal,5,5,5,768,10813340902539586,10813340902611744,10813340902868928,10813340902893730,10813340975898567,10813340976046851,10813340976149487,10813340995271809,10813340976213067,10813340995313704,10813340997106734,10813340997101710,10813340997108882,10813340997196283,10813340997202231,10813340997208457,10813340997209186,10813340999169139,N/A,10813341051839577,10813341051844702,10813340903543616,92402.881,1834.925,101.723,0.729,0.729,10813340994309078,False,94340.258,24.802,73255.757,1216.846,16833.895,914.511,12.174,6.226,1959.953,0.0,0.0,0.0,0.729,False,True,False,0,0,0,0,0,0,140298865958304,0,167117616,6,previous_put_or_self_copy,False
13142,multiple_progressive_shards,0,0,normal,6,7,6+7,1408,10813340903219074,10813340903304736,10813340903543616,10813340903562075,10813341007062257,10813341007428321,10813341007530216,10813341042946787,10813341007600576,10813341042997282,10813341045902373,10813341045897193,10813341045905866,10813341046002435,10813341046008710,10813341046015692,10813341046016108,10813341051802733,N/A,10813341051846765,10813341051850858,10813340903543616,139403.171,2955.586,113.319,0.416,0.416,10813341041121388,False,142472.492,18.459,103968.141,2230.457,31241.525,1775.231,13.257,6.982,5786.625,0.0,0.0,0.0,0.416,False,True,False,0,0,0,0,0,0,140298865958752,0,167117616,7,previous_put_or_self_copy,False
13142,balanced,0,1,normal,0,0,0,512,10813334395292532,10813334396304502,10813334538271000,10813334538910775,10813334544617210,10813334544775491,10813334544925545,10813334558985653,10813334545080064,10813334559040061,10813334561027641,10813334561028066,10813334561039322,10813334561071450,10813334561079048,10813334561260432,10813334561087435,10813334562106310,N/A,10813334697739217,10813334697751498,10813334544330418,20714.653,2041.988,232.791,0.0,-172.997,10813334558227326,False,22816.435,639.775,6014.77,843.329,12224.616,642.956,188.982,181.384,1018.875,0.0,0.0,0.0,0.0,False,True,False,0,0,0,0,0,0,139724075880688,0,164878048,1,origin_event,False
13142,balanced,0,1,normal,1,1,1,512,10813334538897458,10813334541780948,10813334542259570,10813334542331020,10813334565162444,10813334565263031,10813334565370992,10813334579483684,10813334565453385,10813334579529289,10813334580850242,10813334580846537,10813334580871308,10813334580895842,10813334580901829,10813334580910445,10813334580910029,10813334581311435,N/A,10813334697753560,10813334697758685,10813334544330418,37224.114,1366.558,60.203,0.0,-0.416,10813334577528063,False,38650.459,71.45,23039.972,837.447,11180.586,1891.308,14.603,8.616,401.406,0.0,0.0,0.0,0.0,False,True,False,0,0,0,0,0,0,139724075881808,0,164878048,2,previous_put_or_self_copy,False
13142,balanced,0,1,normal,2,2,2,512,10813334542331215,10813334542449558,10813334542703036,10813334542727846,10813334584741759,10813334584843719,10813334584939437,10813334597590762,10813334585009686,10813334597636680,10813334598943290,10813334598935765,10813334598943629,10813334598964876,10813334598969953,10813334598976789,10813334598978498,10813334599818185,N/A,10813334697760717,10813334697765810,10813334544330418,54887.726,1352.528,33.499,1.709,1.709,10813334597084636,False,56275.462,24.81,42211.591,837.873,11191.145,454.877,11.913,6.836,839.687,0.0,0.0,0.0,1.709,False,True,False,0,0,0,0,0,0,139724075882928,0,164878048,3,previous_put_or_self_copy,False
13142,balanced,0,1,normal,3,3,3,512,10813334542727789,10813334542802738,10813334543008274,10813334543034713,10813334602845683,10813334602963763,10813334603060166,10813334615703559,10813334603128583,10813334615746116,10813334617067069,10813334617059447,10813334617066104,10813334617081475,10813334617086299,10813334617092379,10813334617094092,10813334617836498,N/A,10813334697768905,10813334697772998,10813334544330418,72695.285,1363.51,25.31,1.713,1.713,10813334615199716,False,74085.818,26.439,60025.453,838.76,11187.182,454.59,10.904,6.08,742.406,0.0,0.0,0.0,1.713,False,True,False,0,0,0,0,0,0,139724075884048,0,164878048,4,previous_put_or_self_copy,False
13142,balanced,0,1,normal,4,4,4,512,10813334543034956,10813334543133976,10813334543355412,10813334543378283,10813334620989870,10813334621119398,10813334621213993,10813334633926850,10813334621284591,10813334633970237,10813334635285056,10813334635278540,10813334635284995,10813334635299341,10813334635304314,10813334635310394,10813334635313092,10813334636529623,N/A,10813334697776092,10813334697780154,10813334544330418,90571.438,1358.206,25.338,2.698,2.698,10813334633341007,False,91957.68,22.871,77835.71,836.038,11174.348,531.131,11.053,6.08,1216.531,0.0,0.0,0.0,2.698,False,True,False,0,0,0,0,0,0,139724075885168,0,164878048,5,previous_put_or_self_copy,False
13142,balanced,0,1,normal,5,5,5,512,10813334543378298,10813334543457370,10813334543747120,10813334543769566,10813334639087301,10813334639228833,10813334639333300,10813334652256292,10813334639398160,10813334652298820,10813334653647422,10813334653640330,10813334653647221,10813334653661602,10813334653669714,10813334653675705,10813334653677498,10813334654479310,N/A,10813334697783248,10813334697788373,10813334544330418,108509.172,1391.13,28.283,1.793,1.793,10813334651607544,False,109930.378,22.446,95563.734,839.895,11325.003,595.087,14.103,5.991,801.812,0.0,0.0,0.0,1.793,False,True,False,0,0,0,0,0,0,139724075886288,0,164878048,6,previous_put_or_self_copy,False
13142,balanced,0,1,normal,6,7,6+7,1024,10813334544069349,10813334544136020,10813334544330418,10813334544353328,10813334660894620,10813334661181031,10813334661358678,10813334693368913,10813334661434671,10813334693417533,10813334695612998,10813334695606016,10813334695612618,10813334695628706,10813334695633669,10813334695640302,10813334695642092,10813334697718748,N/A,10813334697790435,10813334697795560,10813334544330418,149038.495,2244.085,27.304,1.79,1.79,10813334690238036,False,151311.674,22.91,117005.35,1651.197,27104.321,3078.703,11.596,6.633,2076.656,0.0,0.0,0.0,1.79,False,True,False,0,0,0,0,0,0,139724075888080,0,164878048,7,previous_put_or_self_copy,False
13142,balanced,0,1,router_absent,0,0,0,512,10813335447178632,10813335447423308,10813335448301068,10813335448410532,10813335452265064,10813335452342618,10813335452442023,10813335465328978,10813335452519351,10813335465372354,10813335466878664,10813335466874514,10813335466882571,10813335466899935,10813335466906553,10813335466914532,10813335466913601,10813335467624258,N/A,10813335601425219,10813335601431359,10813335563375566,17027.91,1549.686,35.868,0.0,-0.931,10813335464697158,True,18612.533,109.464,4031.491,838.524,11284.926,578.084,14.597,7.979,710.657,0.0,0.0,0.0,0.0,True,False,True,0,0,0,0,0,0,139724075878784,0,164878048,1,origin_event,False
13142,balanced,0,1,router_absent,1,1,1,512,10813335467045075,10813335467149452,10813335467669772,10813335467667949,10813335471341526,10813335471428307,10813335471526981,10813335484236048,10813335471596712,10813335484278467,10813335485583048,10813335485578599,10813335485585243,10813335485599211,10813335485604780,10813335485611390,10813335485611844,10813335486427969,N/A,10813335601433406,10813335601438531,10813335563375566,16566.276,1347.0,28.342,0.454,0.454,10813335483646412,True,17942.072,-1.823,3859.032,838.15,11163.63,539.065,12.179,6.61,816.125,0.0,0.0,0.0,0.454,True,False,True,0,0,0,0,0,0,139724075877664,0,164878048,2,previous_put_or_self_copy,False
13142,balanced,0,1,router_absent,2,2,2,512,10813335485722161,10813335485823438,10813335486479566,10813335486477542,10813335490152406,10813335490248176,10813335490341066,10813335503049321,10813335490408223,10813335503091402,10813335504414400,10813335504408955,10813335504415550,10813335504428804,10813335504434584,10813335504440589,10813335504441156,10813335506333515,N/A,10813335601441609,10813335601445687,10813335563375566,16569.755,1365.079,26.189,0.567,0.567,10813335502461016,True,17961.59,-2.024,3863.524,840.402,11167.316,539.959,11.785,6.005,1892.359,0.0,0.0,0.0,0.567,True,False,True,0,0,0,0,0,0,139724075880576,0,164878048,3,previous_put_or_self_copy,False
13142,balanced,0,1,router_absent,3,3,3,512,10813335504550591,10813335504654412,10813335506366670,10813335506364367,10813335510008704,10813335510120661,10813335510213255,10813335522909327,10813335510282390,10813335522950853,10813335524313799,10813335524309810,10813335524316462,10813335524330083,10813335524335535,10813335524341466,10813335524342594,10813335525135172,N/A,10813335601448781,10813335601453890,10813335563375566,16542.657,1404.472,27.667,1.128,1.128,10813335522322974,True,17975.924,-2.303,3848.888,832.027,11163.883,539.242,11.383,5.931,792.578,0.0,0.0,0.0,1.128,True,False,True,0,0,0,0,0,0,139724075891328,0,164878048,4,previous_put_or_self_copy,False
13142,balanced,0,1,router_absent,4,4,4,512,10813335524445757,10813335524515596,10813335525171402,10813335525169430,10813335528795391,10813335528924222,10813335529016796,10813335541760829,10813335529084227,10813335541801668,10813335543136965,10813335543132415,10813335543138859,10813335543152285,10813335543157698,10813335543163596,10813335543164734,10813335544119109,N/A,10813335601455953,10813335601461062,10813335563375566,16589.427,1376.136,26.631,1.138,1.138,10813335541159200,True,17993.332,-1.972,3847.366,834.196,11197.03,553.843,11.311,5.898,954.375,0.0,0.0,0.0,1.138,True,False,True,0,0,0,0,0,0,139724075892448,0,164878048,5,previous_put_or_self_copy,False
13142,balanced,0,1,router_absent,5,5,5,512,10813335543270863,10813335543374634,10813335544160492,10813335544158209,10813335547799675,10813335547940936,10813335548050646,10813335560775811,10813335548132413,10813335560816332,10813335562126024,10813335562120982,10813335562127603,10813335562141248,10813335562146288,10813335562152080,10813335562153797,10813335563267906,N/A,10813335601463109,10813335601468234,10813335563375566,16615.319,1350.213,26.056,1.717,1.717,10813335560194569,True,17993.305,-2.283,3892.437,837.451,11180.937,533.97,10.832,5.792,1114.109,0.0,0.0,0.0,1.717,True,False,True,0,0,0,0,0,0,139723575083984,0,164878048,6,previous_put_or_self_copy,False
13142,balanced,0,1,router_absent,6,7,6+7,1024,10813335562567575,10813335563313004,10813335563375566,10813335563372975,10813335570512535,10813335570799058,10813335570902372,10813335596789401,10813335570972025,10813335596833482,10813335599130312,10813335599125303,10813335599131952,10813335599145833,10813335599151312,10813335599157660,10813335599158078,10813335601407812,N/A,10813335601470281,10813335601635140,10813335563375566,33413.835,2340.911,27.348,0.418,0.418,10813335595428007,False,35782.512,-2.591,7529.397,1660.952,22748.2,1310.64,11.827,6.348,2249.734,0.0,0.0,0.0,0.418,False,True,False,0,0,0,0,0,0,139723575393568,0,164878048,7,previous_put_or_self_copy,False
13142,balanced,0,1,dependency_resolved,0,0,0,512,10813336253100177,10813336253509638,10813336254058502,10813336254169636,10813336258361517,10813336258494856,10813336258672390,10813336271772649,10813336258885857,10813336271828016,10813336273276976,10813336273260196,10813336273273712,10813336273290192,10813336273295984,10813336273307984,10813336273303545,10813336274439170,N/A,10813336401936389,10813336401941514,10813336259324326,17714.147,1504.327,31.008,0.0,-4.439,10813336271085909,False,19245.043,111.134,4502.754,854.245,11281.876,601.133,17.792,12.0,1135.625,0.0,0.0,0.0,0.0,False,True,False,0,0,0,0,0,0,139723575088464,0,164878048,1,origin_event,True
13142,balanced,0,1,dependency_resolved,1,1,1,512,10813336254157575,10813336256459974,10813336256796966,10813336256832872,10813336277035375,10813336277117827,10813336277208597,10813336289943868,10813336277277148,10813336289996847,10813336291317808,10813336291299858,10813336291311520,10813336291325201,10813336291331022,10813336291338293,10813336291338240,10813336292145154,N/A,10813336401944577,10813336401949686,10813336259324326,33146.902,1373.94,20.485,0.0,-0.053,10813336289345563,False,34541.274,35.906,20375.725,836.764,11188.367,548.802,13.092,7.271,806.914,0.0,0.0,0.0,0.0,False,True,False,0,0,0,0,0,0,139723575089584,0,164878048,2,previous_put_or_self_copy,True
13142,balanced,0,1,dependency_resolved,2,2,2,512,10813336256832817,10813336256910086,10813336257121990,10813336257152232,10813336295031592,10813336295124872,10813336295214183,10813336307996983,10813336295278473,10813336308058157,10813336309367865,10813336309349951,10813336309360010,10813336309373183,10813336309378407,10813336309384459,10813336309386248,10813336310506498,N/A,10813336401951748,10813336401956857,10813336259324326,50874.993,1370.882,16.594,1.789,1.789,10813336307337619,False,52264.258,30.242,38061.951,847.99,11167.238,539.448,11.276,6.052,1120.25,0.0,0.0,0.0,1.789,False,True,False,0,0,0,0,0,0,139723575090704,0,164878048,3,previous_put_or_self_copy,True
13142,balanced,0,1,dependency_resolved,3,3,3,512,10813336257152225,10813336257211782,10813336257488614,10813336257518765,10813336313076003,10813336313186459,10813336313278170,10813336325978709,10813336313340487,10813336326032431,10813336327368750,10813336327350603,10813336327360649,10813336327373959,10813336327379680,10813336327385736,10813336327387123,10813336328083451,N/A,10813336401958904,10813336401964029,10813336259324326,68490.095,1390.041,16.986,1.387,1.387,10813336325397514,False,69898.509,30.151,55759.405,836.933,11178.055,534.534,11.777,6.056,696.328,0.0,0.0,0.0,1.387,False,True,False,0,0,0,0,0,0,139723575091824,0,164878048,4,previous_put_or_self_copy,True
13142,balanced,0,1,dependency_resolved,4,4,4,512,10813336257518415,10813336257594374,10813336257785350,10813336257812210,10813336331130932,10813336331251742,10813336331339944,10813336344072034,10813336331402120,10813336344125494,10813336345474097,10813336345455891,10813336345466187,10813336345479460,10813336345484586,10813336345490323,10813336345492482,10813336346295295,N/A,10813336401966076,10813336401971201,10813336259324326,86286.684,1402.063,16.226,2.159,2.159,10813336343476750,False,87707.132,26.86,73527.734,844.834,11186.781,547.857,10.863,5.737,802.813,0.0,0.0,0.0,2.159,False,True,False,0,0,0,0,0,0,139723575092944,0,164878048,5,previous_put_or_self_copy,True
13142,balanced,0,1,dependency_resolved,5,5,5,512,10813336257811924,10813336257869926,10813336258047462,10813336258073679,10813336349279277,10813336349417961,10813336349517672,10813336362274041,10813336349593766,10813336362328116,10813336363648047,10813336363629646,10813336363639619,10813336363652520,10813336363658146,10813336363663880,10813336363665404,10813336364730373,N/A,10813336401974279,10813336401978357,10813336259324326,104226.579,1374.006,15.833,1.524,1.524,10813336361669652,False,105617.942,26.217,91443.993,835.904,11196.381,557.22,11.36,5.734,1064.969,0.0,0.0,0.0,1.524,False,True,False,0,0,0,0,0,0,139723575094064,0,164878048,6,previous_put_or_self_copy,True
13142,balanced,0,1,dependency_resolved,6,7,6+7,1024,10813336259081919,10813336259144422,10813336259324326,10813336259350050,10813336370920225,10813336371202690,10813336371301253,10813336397194180,10813336371369566,10813336397249594,10813336399527991,10813336399509674,10813336399520225,10813336399534120,10813336399539042,10813336399545310,10813336399547389,10813336401921014,N/A,10813336401981436,10813336401986561,10813336259324326,137869.854,2333.811,17.319,2.079,2.079,10813336395834417,False,140223.063,25.724,111951.203,1664.818,22752.817,1310.849,11.19,6.268,2373.625,0.0,0.0,0.0,2.079,False,True,False,0,0,0,0,0,0,139723575095856,0,164878048,7,previous_put_or_self_copy,True
13142,skewed,0,1,normal,0,0,0,512,10813337206033801,10813337206267376,10813337206811376,10813337206919636,10813337211275567,10813337211362729,10813337211463579,10813337224343962,10813337211565159,10813337224393124,10813337225806241,10813337225801011,10813337225810524,10813337225833869,10813337225846731,10813337225866077,10813337225853986,10813337227723806,N/A,10813337358255150,10813337358260259,10813337212033808,17532.586,1462.279,59.836,0.0,-12.091,10813337223696421,False,19042.61,108.26,4543.943,852.186,11211.197,584.482,32.208,19.346,1869.82,0.0,0.0,0.0,0.0,False,True,False,0,0,0,0,0,0,139724077170064,0,164878048,1,origin_event,False
13142,skewed,0,1,normal,1,1,1,512,10813337206903726,10813337209272272,10813337209640272,10813337209677444,10813337229676803,10813337229774944,10813337229850767,10813337242593329,10813337229925273,10813337242637730,10813337243926945,10813337243921137,10813337243929573,10813337243949533,10813337243955476,10813337243963103,10813337243963423,10813337245487134,N/A,10813337358262322,10813337358267431,10813337212033808,32953.057,1333.616,36.158,0.32,0.32,10813337241971067,False,34323.151,37.172,20173.323,828.224,11168.942,570.983,13.57,7.627,1523.711,0.0,0.0,0.0,0.32,False,True,False,0,0,0,0,0,0,139724010766976,0,164878048,2,previous_put_or_self_copy,False
13142,skewed,0,1,normal,2,2,2,512,10813337209677579,10813337209749456,10813337209962736,10813337210001350,10813337247733495,10813337247849414,10813337247923294,10813337260724933,10813337247994791,10813337260767651,10813337262056866,10813337262051211,10813337262059009,10813337262075175,10813337262080959,10813337262088699,10813337262088228,10813337263885353,N/A,10813337358270494,10813337358274603,10813337212033808,50762.197,1331.933,31.833,0.0,-0.471,10813337260065596,False,52125.492,38.614,37921.944,840.025,11183.653,609.163,13.524,7.74,1797.125,0.0,0.0,0.0,0.0,False,True,False,0,0,0,0,0,0,139724010768096,0,164878048,3,previous_put_or_self_copy,False
13142,skewed,0,1,normal,3,3,3,512,10813337210001191,10813337210093968,10813337210304240,10813337210333853,10813337265823267,10813337265949250,10813337266031640,10813337278789931,10813337266119041,10813337278833050,10813337280097699,10813337280091701,10813337280099579,10813337280114991,10813337280120889,10813337280127634,10813337280129056,10813337281552415,N/A,10813337358277665,10813337358282790,10813337212033808,68485.691,1307.768,29.935,1.422,1.422,10813337278158418,False,69824.816,29.613,55697.787,831.398,11161.752,582.297,12.643,6.745,1423.359,0.0,0.0,0.0,1.422,False,True,False,0,0,0,0,0,0,139724010769216,0,164878048,4,previous_put_or_self_copy,False
13142,skewed,0,1,normal,4,4,4,512,10813337210333979,10813337210419024,10813337210620560,10813337210650219,10813337284158858,10813337284300582,10813337284380984,10813337297100227,10813337284447843,10813337297143201,10813337298433438,10813337298427877,10813337298434919,10813337298449768,10813337298456034,10813337298462877,10813337298463775,10813337300633634,N/A,10813337358284838,10813337358289947,10813337212033808,86479.667,1333.211,29.439,0.898,0.898,10813337296501977,False,87843.215,29.659,73730.765,831.753,11178.856,548.574,13.109,6.843,2169.859,0.0,0.0,0.0,0.898,False,True,False,0,0,0,0,0,0,139724010770336,0,164878048,5,previous_put_or_self_copy,False
13142,skewed,0,1,normal,5,5,5,512,10813337210650265,10813337210715728,10813337210996592,10813337211027458,10813337302214166,10813337302378892,10813337302461405,10813337315186292,10813337302528780,10813337315229092,10813337316481442,10813337316476184,10813337316486475,10813337316501694,10813337316507154,10813337316513655,10813337316514853,10813337318078494,N/A,10813337358292010,10813337358297119,10813337212033808,104189.7,1295.15,32.213,1.198,1.198,10813337314593451,False,105518.261,30.866,91433.947,833.399,11187.677,544.297,11.961,6.501,1563.641,0.0,0.0,0.0,1.198,False,True,False,0,0,0,0,0,0,139724010771456,0,164878048,6,previous_put_or_self_copy,False
13142,skewed,0,1,normal,6,7,6+7,1024,10813337211773763,10813337211834064,10813337212033808,10813337212062215,10813337323816286,10813337324139705,10813337324220806,10813337352047665,10813337324300098,10813337352094113,10813337354346921,10813337354341637,10813337354349082,10813337354364886,10813337354370460,10813337354377689,10813337354378275,10813337358244900,N/A,10813337358299165,10813337358304290,10813337212033808,140013.857,2299.256,30.768,0.586,0.586,10813337350684244,False,142344.467,28.407,112158.591,1652.173,24682.83,1307.794,12.803,7.229,3866.625,0.0,0.0,0.0,0.586,False,True,False,0,0,0,0,0,0,139724010773248,0,164878048,7,previous_put_or_self_copy,False
13142,all_to_one_like,0,1,normal,0,0,0,512,10813338354751745,10813338354914492,10813338355396732,10813338355479093,10813338359627831,10813338359705157,10813338359798756,10813338372552246,10813338359896220,10813338372599339,10813338373903912,10813338373900513,10813338373909411,10813338373931553,10813338373937758,10813338373946132,10813338373946078,10813338377004766,N/A,10813338506760930,10813338506765023,10813338360327804,17155.514,1351.666,42.22,0.0,-0.054,10813338371937947,False,18549.346,82.361,4319.663,845.283,11139.834,564.374,14.579,8.374,3058.688,0.0,0.0,0.0,0.0,False,True,False,0,0,0,0,0,0,139724077167936,0,164878048,1,origin_event,False
13142,all_to_one_like,0,1,normal,1,1,1,512,10813338355472031,10813338357800092,10813338358141084,10813338358180704,10813338377567460,10813338377657415,10813338377740019,10813338390463368,10813338377810218,10813338390506024,10813338391759404,10813338391754806,10813338391762485,10813338391781046,10813338391787050,10813338391794737,10813338391795422,10813338394022625,N/A,10813338506768102,10813338506772195,10813338360327804,32322.284,1296.036,35.333,0.685,0.685,10813338389868649,False,33654.338,39.62,19559.315,827.544,11181.913,549.375,13.691,7.687,2227.203,0.0,0.0,0.0,0.685,False,True,False,0,0,0,0,0,0,139724077167152,0,164878048,2,previous_put_or_self_copy,False
13142,all_to_one_like,0,1,normal,2,2,2,512,10813338358180940,10813338358246204,10813338358458076,10813338358488361,10813338395473784,10813338395577444,10813338395657480,10813338408391558,10813338395727602,10813338408433202,10813338409618993,10813338409614091,10813338409620943,10813338409636628,10813338409642813,10813338409650032,10813338409650914,10813338412921570,N/A,10813338506774227,10813338506779367,10813338360327804,49933.482,1227.435,31.039,0.882,0.882,10813338407796732,False,51192.838,30.285,37169.119,836.541,11186.456,553.247,13.404,7.219,3270.656,0.0,0.0,0.0,0.882,False,True,False,0,0,0,0,0,0,139724077155728,0,164878048,3,previous_put_or_self_copy,False
13142,all_to_one_like,0,1,normal,3,3,3,512,10813338358488755,10813338358549916,10813338358766428,10813338358795973,10813338413185250,10813338413307034,10813338413387257,10813338426089299,10813338413454208,10813338426130986,10813338427327016,10813338427321319,10813338427327934,10813338427343145,10813338427348764,10813338427356719,10813338427356898,10813338429764320,N/A,10813338506781399,10813338506786539,10813338360327804,67322.871,1237.717,29.703,0.179,0.179,10813338425510548,False,68590.47,29.545,54591.284,827.0,11186.102,537.653,13.574,7.955,2407.422,0.0,0.0,0.0,0.179,False,True,False,0,0,0,0,0,0,139724077156512,0,164878048,4,previous_put_or_self_copy,False
13142,all_to_one_like,0,1,normal,4,4,4,512,10813338358795804,10813338358855676,10813338359037244,10813338359063712,10813338430991077,10813338431128427,10813338431205108,10813338443912851,10813338431270981,10813338443953709,10813338445144612,10813338445139794,10813338445146167,10813338445160682,10813338445166447,10813338445172816,10813338445175523,10813338447947477,N/A,10813338506788571,10813338506792664,10813338360327804,84875.607,1231.761,28.204,2.707,2.707,10813338443332567,False,86138.279,26.468,72141.396,839.019,11179.473,538.596,12.134,6.369,2771.954,0.0,0.0,0.0,2.707,False,True,False,0,0,0,0,0,0,139724077157632,0,164878048,5,previous_put_or_self_copy,False
13142,all_to_one_like,0,1,normal,5,5,5,512,10813338359063460,10813338359150364,10813338359334652,10813338359360919,10813338448835895,10813338448994780,10813338449072157,10813338461794662,10813338449134902,10813338461834798,10813338463010350,10813338463004735,10813338463010879,10813338463024774,10813338463030105,10813338463035846,10813338463038180,10813338465601242,N/A,10813338506795743,10813338506799836,10813338360327804,102460.01,1215.688,25.496,2.334,2.334,10813338461201350,False,103703.528,26.267,89711.238,827.713,11195.099,551.939,11.072,5.741,2563.062,0.0,0.0,0.0,2.334,False,True,False,0,0,0,0,0,0,139724077158752,0,164878048,6,previous_put_or_self_copy,False
13142,all_to_one_like,0,1,normal,6,7,6+7,1024,10813338360089388,10813338360147420,10813338360327804,10813338360353984,10813338470170424,10813338470475188,10813338470553039,10813338496422732,10813338470619242,10813338496465443,10813338498592305,10813338498587055,10813338498593796,10813338498608078,10813338498613516,10813338498620139,10813338498622180,10813338506757852,N/A,10813338506801883,10813338506805992,10813338360327804,136094.928,2169.573,27.834,2.041,2.041,10813338495063075,False,138294.376,26.18,110199.055,1643.954,22753.758,1316.979,12.061,6.623,8135.672,0.0,0.0,0.0,2.041,False,True,False,0,0,0,0,0,0,139724077160544,0,164878048,7,previous_put_or_self_copy,False
13142,zero_sized_pair,0,1,normal,0,0,0,512,10813339606005511,10813339606187720,10813339606746408,10813339606837458,10813339611014262,10813339611090462,10813339611186525,10813339624184853,10813339611288182,10813339624232499,10813339625521714,10813339625518830,10813339625528816,10813339625551480,10813339625557892,10813339625567069,10813339625565001,10813339625662282,N/A,10813339752630088,10813339752634181,10813339611888040,17438.445,1336.861,45.355,0.0,-2.068,10813339623551492,False,18818.593,91.05,4349.067,900.433,11295.046,575.898,15.589,9.177,97.281,0.0,0.0,0.0,0.0,False,True,False,0,0,0,0,0,0,139723575383040,0,164878048,1,origin_event,False
13142,zero_sized_pair,0,1,normal,1,1,1,512,10813339606825157,10813339609214248,10813339609583560,10813339609626906,10813339629315855,10813339629407893,10813339629491183,10813339642374007,10813339629563749,10813339642416696,10813339643663926,10813339643660625,10813339643668699,10813339643687049,10813339643693379,10813339643701244,10813339643701064,10813339643798345,N/A,10813339752640321,10813339752645446,10813339611888040,32790.447,1289.919,37.318,0.0,-0.18,10813339641762885,False,34117.504,43.346,19864.277,826.445,11322.261,560.182,14.195,7.865,97.281,0.0,0.0,0.0,0.0,False,True,False,0,0,0,0,0,0,139723575384160,0,164878048,2,previous_put_or_self_copy,False
13142,zero_sized_pair,0,1,normal,2,2,2,512,10813339609627029,10813339609697096,10813339609914760,10813339609949692,10813339647404226,10813339647511760,10813339647594063,10813339660678213,10813339647664554,10813339660719667,10813339661923890,10813339661920547,10813339661927544,10813339661944379,10813339661950215,10813339661957100,10813339661957962,10813339662070603,N/A,10813339752653650,10813339752658759,10813339611888040,50763.453,1245.677,33.21,0.862,0.862,10813339659964765,False,52043.202,34.932,37644.371,835.469,11415.843,576.886,12.721,6.885,112.641,0.0,0.0,0.0,0.862,False,True,False,0,0,0,0,0,0,139723575385280,0,164878048,3,previous_put_or_self_copy,False
13142,zero_sized_pair,0,1,normal,3,3,3,512,10813339609949696,10813339610020136,10813339610239272,10813339610270244,10813339665573943,10813339665694986,10813339665763775,10813339678614076,10813339665840942,10813339678655030,10813339679862321,10813339679858036,10813339679864828,10813339679880485,10813339679887054,10813339679893441,10813339679894353,10813339679974212,N/A,10813339752666946,10813339752672071,10813339611888040,68374.804,1248.245,31.12,0.912,0.912,10813339678030296,False,69655.081,30.972,55493.531,826.578,11315.001,537.237,12.956,6.387,79.859,0.0,0.0,0.0,0.912,False,True,False,0,0,0,0,0,0,139724011127424,0,164878048,4,previous_put_or_self_copy,False
13142,zero_sized_pair,0,1,normal,4,4,4,512,10813339610270034,10813339610360136,10813339610560680,10813339610588652,10813339683592281,10813339683731096,10813339683810935,10813339696655818,10813339683877715,10813339696696885,10813339697893937,10813339697889618,10813339697896234,10813339697911098,10813339697916687,10813339697922658,10813339697923900,10813339698007868,N/A,10813339752679244,10813339752684353,10813339611888040,86095.138,1238.119,28.721,1.242,1.242,10813339696066160,False,87363.22,27.972,73222.283,833.096,11310.03,541.581,11.56,5.971,83.968,0.0,0.0,0.0,1.242,False,True,False,0,0,0,0,0,0,139724011128544,0,164878048,5,previous_put_or_self_copy,False
13142,zero_sized_pair,0,1,normal,5,5,5,512,10813339610588466,10813339610651560,10813339610885864,10813339611338668,10813339701671440,10813339701831898,10813339701911348,10813339714783041,10813339702008194,10813339714823732,10813339716038194,10813339716033709,10813339716040448,10813339716055106,10813339716060558,10813339716066531,10813339716068165,10813339716139853,N/A,10813339752692556,10813339752696634,10813339611888040,103897.177,1255.153,28.337,1.634,1.634,10813339714191709,False,105182.301,452.804,90572.68,824.653,11313.664,544.446,11.425,5.973,71.688,0.0,0.0,0.0,1.634,False,True,False,0,0,0,0,0,0,139724011129664,0,164878048,6,previous_put_or_self_copy,False
13142,zero_sized_pair,0,1,normal,6,7,6+7,1024,10813339611640042,10813339611706344,10813339611888040,10813339611916281,10813339723742617,10813339724060445,10813339724139338,10813339750251447,10813339724210496,10813339750295091,10813339752475190,10813339752464262,10813339752471150,10813339752486076,10813339752491664,10813339752498620,10813339752499009,10813339752601415,N/A,10813339752704837,10813339759236946,10813339611888040,138363.407,2223.743,23.43,0.389,0.389,10813339748889626,False,140610.969,28.241,112223.057,1631.036,23001.057,1313.554,12.544,6.956,102.406,0.0,0.0,0.0,0.389,False,True,False,0,0,0,0,0,0,139724011131456,0,164878048,7,previous_put_or_self_copy,False
13142,multiple_progressive_shards,0,1,normal,0,0,0,128,10813340899674029,10813340899886932,10813340900392116,10813340900463413,10813340901834803,10813340901921115,10813340902072844,10813340905557254,10813340902160969,10813340905601226,10813340906247374,10813340906243983,10813340906253694,10813340906275504,10813340906282069,10813340906290460,10813340906289909,10813340906513151,N/A,10813341050909432,10813341050914557,10813340904475252,5165.138,690.12,43.086,0.0,-0.551,10813340905368212,False,5897.793,71.297,1609.431,228.146,2913.414,133.326,14.956,8.391,223.242,0.0,0.0,0.0,0.0,False,True,False,0,0,0,0,0,0,139724010769552,0,164878048,1,origin_event,False
13142,multiple_progressive_shards,0,1,normal,1,1,1,256,10813340900456348,10813340901270356,10813340902240788,10813340902280118,10813340908555865,10813340908645857,10813340908744540,10813340915356775,10813340908814843,10813340915396811,10813340916330695,10813340916326418,10813340916334379,10813340916350514,10813340916356251,10813340916362603,10813340916364026,10813340917115635,N/A,10813341050916589,10813341050921714,10813340904475252,13115.987,973.92,31.908,1.423,1.423,10813340915003774,False,14123.238,39.33,6464.422,413.317,5727.495,304.28,12.089,6.352,751.609,0.0,0.0,0.0,1.423,False,True,False,0,0,0,0,0,0,139724010768992,0,164878048,2,previous_put_or_self_copy,False
13142,multiple_progressive_shards,0,1,normal,2,2,2,384,10813340902280194,10813340902380884,10813340902820084,10813340902846498,10813340919307222,10813340919412972,10813340919507512,10813340929180420,10813340919574344,10813340929220817,10813340930255057,10813340930250793,10813340930257149,10813340930270478,10813340930276139,10813340930282108,10813340930283245,10813340931583745,N/A,10813341050923777,10813341050927870,10813340904475252,26360.336,1074.637,27.051,1.137,1.137,10813340928709378,False,27463.161,26.414,16661.014,633.629,8446.769,425.938,11.63,5.969,1300.5,0.0,0.0,0.0,1.137,False,True,False,0,0,0,0,0,0,139724010768208,0,164878048,3,previous_put_or_self_copy,False
13142,multiple_progressive_shards,0,1,normal,3,3,3,512,10813340902846220,10813340902918484,10813340903127764,10813340903147180,10813340934220910,10813340934325560,10813340934425010,10813340947438794,10813340934495937,10813340947478736,10813340948856009,10813340948851715,10813340948858515,10813340948871948,10813340948877280,10813340948883055,10813340948885245,10813340949872385,N/A,10813341050930933,10813341050935026,10813340904475252,44311.03,1417.215,27.046,2.19,2.19,10813340946764414,False,45757.481,19.416,31277.83,832.197,11391.796,629.343,11.107,5.775,987.14,0.0,0.0,0.0,2.19,False,True,False,0,0,0,0,0,0,139724010767088,0,164878048,4,previous_put_or_self_copy,False
13142,multiple_progressive_shards,0,1,normal,4,4,4,640,10813340903147260,10813340903220308,10813340903444948,10813340903466862,10813340953441934,10813340953550832,10813340953638284,10813340969875477,10813340953708664,10813340969916617,10813340971457740,10813340971453265,10813340971459699,10813340971473473,10813340971478390,10813340971484706,10813340971485948,10813340972866292,N/A,10813341050937089,10813341050941151,10813340904475252,66430.529,1582.263,26.966,1.242,1.242,10813340969020325,False,68041.0,21.914,50171.422,1031.861,14234.518,809.148,11.233,6.316,1380.344,0.0,0.0,0.0,1.242,False,True,False,0,0,0,0,0,0,139724010771456,0,164878048,5,previous_put_or_self_copy,False
13142,multiple_progressive_shards,0,1,normal,5,5,5,768,10813340903466947,10813340903535476,10813340903784244,10813340903810578,10813340976927766,10813340977051601,10813340977140018,10813340996224972,10813340977210028,10813340996266196,10813340998042823,10813340998038144,10813340998044948,10813340998058681,10813340998063533,10813340998069917,10813340998072057,10813341000239870,N/A,10813341050944246,10813341050948339,10813340904475252,92440.728,1817.851,27.094,2.14,2.14,10813340995283344,False,94287.813,26.334,73329.44,1234.888,16791.953,895.803,11.236,6.384,2167.813,0.0,0.0,0.0,2.14,False,True,False,0,0,0,0,0,0,139724010774144,0,164878048,6,previous_put_or_self_copy,False
13142,multiple_progressive_shards,0,1,normal,6,7,6+7,1408,10813340904143340,10813340904242100,10813340904475252,10813340904495205,10813341007941063,10813341008299595,10813341008389294,10813341045284865,10813341008460165,10813341045338309,10813341048346824,10813341048342416,10813341048350640,10813341048368203,10813341048373720,10813341048381060,10813341048382214,10813341050887932,N/A,10813341050950370,10813341051802370,10813340904475252,140809.613,3061.959,34.236,1.154,1.154,10813341043328452,False,143906.962,19.953,103894.089,2250.848,32568.168,1904.521,12.857,7.34,2505.718,0.0,0.0,0.0,1.154,False,True,False,0,0,0,0,0,0,139724010774592,0,164878048,7,previous_put_or_self_copy,False
13242,balanced,0,0,normal,0,0,0,512,10813354967246028,10813354967724528,10813355102331054,10813355102540142,10813355108200577,10813355108346423,10813355108500719,10813355122750064,10813355108617133,10813355122808791,10813355124871138,10813355124869249,10813355124880565,10813355125009203,10813355125017611,10813355125204121,10813355125024984,10813355126638827,N/A,10813355265106171,10813355265118421,10813355107947022,20419.01,2121.074,332.983,0.0,-179.137,10813355121925917,False,22693.93,209.088,5960.577,910.799,12304.039,721.452,194.918,186.51,1613.843,0.0,0.0,0.0,0.0,False,True,False,0,0,0,0,0,0,140265550106864,0,137724944,1,origin_event,False
13242,balanced,0,0,normal,1,1,1,512,10813355102536533,10813355105397140,10813355105821136,10813355105888179,10813355129215925,10813355129319653,10813355129452140,10813355143619581,10813355129544044,10813355143669722,10813355145113570,10813355145111073,10813355145121216,10813355145231726,10813355145239520,10813355145247767,10813355145245952,10813355145707765,N/A,10813355265120484,10813355265124609,10813355107947022,37798.445,1493.989,134.197,0.0,-1.815,10813355141608178,False,39424.816,67.043,23563.961,842.998,11157.782,1945.943,16.041,8.247,461.813,0.0,0.0,0.0,0.0,False,True,False,0,0,0,0,0,0,140265550107984,0,137724944,2,previous_put_or_self_copy,False
13242,balanced,0,0,normal,2,2,2,512,10813355105888748,10813355105997330,10813355106262512,10813355106291978,10813355149105180,10813355149210574,10813355149314033,10813355162117714,10813355149390800,10813355162171370,10813355163577315,10813355163572324,10813355163580718,10813355163684878,10813355163692032,10813355163700151,10813355163699421,10813355164931296,N/A,10813355265126640,10813355265131765,10813355107947022,55855.202,1459.601,122.836,0.0,-0.73,10813355161529305,False,57436.909,29.466,43022.055,839.313,11245.771,533.583,15.273,8.119,1231.875,0.0,0.0,0.0,0.0,False,True,False,0,0,0,0,0,0,140265550109104,0,137724944,3,previous_put_or_self_copy,False
13242,balanced,0,0,normal,3,3,3,512,10813355106292435,10813355106371476,10813355106593552,10813355106619443,10813355167682709,10813355167806480,10813355167925372,10813355180741692,10813355168010906,10813355180791793,10813355182183394,10813355182177393,10813355182186633,10813355182295288,10813355182302424,10813355182309356,10813355182309640,10813355183301890,N/A,10813355265133828,10813355265137921,10813355107947022,74148.14,1441.702,125.962,0.284,0.284,10813355180162785,False,75716.088,25.891,61305.929,846.171,11252.465,519.836,14.068,6.932,992.25,0.0,0.0,0.0,0.284,False,True,False,0,0,0,0,0,0,140265550110224,0,137724944,4,previous_put_or_self_copy,False
13242,balanced,0,0,normal,4,4,4,512,10813355106620089,10813355106694260,10813355106935088,10813355106959673,10813355186274055,10813355186395060,10813355186499234,10813355199321300,10813355186576273,10813355199372268,10813355200811995,10813355200807848,10813355200816456,10813355200930935,10813355200938412,10813355200945892,10813355200945390,10813355202401515,N/A,10813355265140984,10813355265145077,10813355107947022,92386.212,1490.695,133.897,0.0,-0.502,10813355198650224,False,94010.302,24.585,79539.561,840.737,11180.957,592.907,14.957,7.48,1456.125,0.0,0.0,0.0,0.0,False,True,False,0,0,0,0,0,0,140265550111344,0,137724944,5,previous_put_or_self_copy,False
13242,balanced,0,0,normal,5,5,5,512,10813355106960220,10813355107040558,10813355107355178,10813355107381188,10813355204852256,10813355204988440,10813355205079016,10813355217948318,10813355205167909,10813355217997786,10813355219459029,10813355219453566,10813355219461883,10813355219572420,10813355219580067,10813355219588497,10813355219587296,10813355220564202,N/A,10813355265147109,10813355265151202,10813355107947022,110593.14,1510.711,129.468,0.0,-1.201,10813355217250416,False,112232.118,26.01,97697.828,841.057,11188.17,640.77,16.077,8.43,976.906,0.0,0.0,0.0,0.0,False,True,False,0,0,0,0,0,0,140265550112464,0,137724944,6,previous_put_or_self_copy,False
13242,balanced,0,0,normal,6,7,6+7,1024,10813355107679118,10813355107752914,10813355107947022,10813355108672032,10813355226906079,10813355227222426,10813355227324615,10813355259969837,10813355227404457,10813355260049392,10813355262437331,10813355262432414,10813355262442682,10813355262559763,10813355262567320,10813355262575760,10813355262574827,10813355265103077,N/A,10813355265154297,10813355265158390,10813355107947022,152022.815,2467.494,138.429,0.0,-0.933,10813355256456436,False,154627.805,725.01,118652.583,1665.125,27331.371,3375.423,15.997,8.44,2528.25,0.0,0.0,0.0,0.0,False,True,False,0,0,0,0,0,0,140265550114256,0,137724944,7,previous_put_or_self_copy,False
13242,balanced,0,0,router_absent,0,0,0,512,10813356018003460,10813356018171304,10813356018909000,10813356018974855,10813356023012972,10813356023095940,10813356023203882,10813356036276245,10813356023284791,10813356036323985,10813356037893778,10813356037892117,10813356037901549,10813356038020224,10813356038028254,10813356038036520,10813356038034179,10813356038776578,N/A,10813356175410938,10813356175415047,10813356136314634,17367.245,1617.533,142.742,0.0,-2.341,10813356035566213,True,19125.179,65.855,4229.027,858.008,11361.934,651.325,16.296,8.266,742.399,0.0,0.0,0.0,0.0,True,False,True,0,0,0,0,0,0,140265550104960,0,137724944,1,origin_event,False
13242,balanced,0,0,router_absent,1,1,1,512,10813356038087920,10813356038190152,10813356038807016,10813356038804373,10813356042635250,10813356042730887,10813356042851146,10813356055661173,10813356042930251,10813356055711375,10813356057187983,10813356057185768,10813356057194181,10813356057302143,10813356057309828,10813356057320655,10813356057316101,10813356057936640,N/A,10813356175417094,10813356175422219,10813356136314634,16854.157,1526.81,132.672,0.0,-4.554,10813356055011706,True,18509.085,-2.643,4046.773,846.147,11180.403,594.907,18.512,10.827,620.539,0.0,0.0,0.0,0.0,True,False,True,0,0,0,0,0,0,140265550103840,0,137724944,2,previous_put_or_self_copy,False
13242,balanced,0,0,router_absent,2,2,2,512,10813356057367231,10813356057460136,10813356057971144,10813356057968262,10813356061825242,10813356061926632,10813356062026777,10813356074825641,10813356062102072,10813356074872469,10813356076321429,10813356076319101,10813356076327722,10813356076432996,10813356076440458,10813356076448059,10813356076446469,10813356077787906,N/A,10813356175424266,10813356175428344,10813356136314634,16854.497,1495.788,126.63,0.0,-1.59,10813356074182485,True,18475.325,-2.882,4058.515,841.932,11186.321,590.645,15.063,7.601,1341.437,0.0,0.0,0.0,0.0,True,False,True,0,0,0,0,0,0,140265550106752,0,137724944,3,previous_put_or_self_copy,False
13242,balanced,0,0,router_absent,3,3,3,512,10813356076493564,10813356076587688,10813356077815208,10813356077811989,10813356081583341,10813356081700355,10813356081822501,10813356094610802,10813356081901170,10813356094658190,10813356096074389,10813356096071372,10813356096079100,10813356096184892,10813356096192154,10813356096199334,10813356096198406,10813356097087234,N/A,10813356175430390,10813356175435515,10813356136314634,16795.594,1463.587,124.945,0.0,-0.928,10813356093958207,True,18383.198,-3.219,4010.512,834.458,11168.241,597.174,14.442,7.18,888.828,0.0,0.0,0.0,0.0,True,False,True,0,0,0,0,0,0,140265550117504,0,137724944,4,previous_put_or_self_copy,False
13242,balanced,0,0,router_absent,4,4,4,512,10813356096243516,10813356096333578,10813356097112556,10813356097109497,10813356100821031,10813356100942450,10813356101043338,10813356113827985,10813356101119311,10813356113874575,10813356115289752,10813356115287785,10813356115296273,10813356115400837,10813356115408304,10813356115415379,10813356115414781,10813356116828922,N/A,10813356175437563,10813356175441672,10813356136314634,16715.429,1461.767,125.627,0.0,-0.598,10813356113181295,True,18302.225,-3.059,3933.841,830.27,11180.179,592.602,14.542,7.075,1414.141,0.0,0.0,0.0,0.0,True,False,True,0,0,0,0,0,0,140265550118624,0,137724944,5,previous_put_or_self_copy,False
13242,balanced,0,0,router_absent,5,5,5,512,10813356115460234,10813356115547080,10813356116858282,10813356116854948,10813356120673829,10813356120809082,10813356120896864,10813356133672195,10813356120981279,10813356133720721,10813356135144076,10813356135140797,10813356135148885,10813356135253010,10813356135260416,10813356135267086,10813356135267078,10813356136230656,N/A,10813356175444735,10813356175448828,10813356136314634,16813.913,1471.881,123.01,0.0,-0.008,10813356133021676,True,18408.796,-3.334,4041.916,835.131,11155.584,598.838,14.076,6.67,963.578,0.0,0.0,0.0,0.0,True,False,True,0,0,0,0,0,0,140264640152528,0,137724944,6,previous_put_or_self_copy,False
13242,balanced,0,0,router_absent,6,7,6+7,1024,10813356135636196,10813356136258346,10813356136314634,10813356136311006,10813356143590187,10813356143902996,10813356143992811,10813356169972028,10813356144092165,10813356170028689,10813356172424853,10813356172421850,10813356172430904,10813356172540373,10813356172548094,10813356172555853,10813356172555015,10813356175407875,N/A,10813356175450891,10813356175456000,10813356136314634,33657.394,2452.825,131.0,0.0,-0.838,10813356168529606,False,36240.381,-3.628,7681.805,1651.588,22732.494,1384.608,15.48,7.759,2852.86,0.0,0.0,0.0,0.0,False,True,False,0,0,0,0,0,0,140264640462112,0,137724944,7,previous_put_or_self_copy,False
13242,balanced,0,0,dependency_resolved,0,0,0,512,10813356822751234,10813356822945340,10813356823396732,10813356823463498,10813356827774727,10813356827860779,10813356827983317,10813356841233174,10813356828142308,10813356841280982,10813356842842581,10813356842839155,10813356842854598,10813356842960009,10813356842967967,10813356842975997,10813356842974704,10813356843872750,N/A,10813356974797298,10813356974801391,10813356828443292,17836.442,1609.407,133.416,0.0,-1.293,10813356840514549,False,19577.972,66.766,4519.819,944.371,11370.415,656.809,15.988,8.03,898.046,0.0,0.0,0.0,0.0,False,True,False,0,0,0,0,0,0,140264640156896,0,137724944,1,origin_event,True
13242,balanced,0,0,dependency_resolved,1,1,1,512,10813356823460686,10813356825820092,10813356826119676,10813356826153829,10813356846941593,10813356847035852,10813356847154242,10813356860022169,10813356847230791,10813356860070357,10813356861561301,10813356861557817,10813356861573613,10813356861682608,10813356861690928,10813356861699217,10813356861697516,10813356862240243,N/A,10813356974803438,10813356974808563,10813356828443292,33902.493,1539.132,137.916,0.0,-1.701,10813356859343532,False,35577.84,34.153,21000.413,853.979,11203.662,618.86,16.609,8.289,542.727,0.0,0.0,0.0,0.0,False,True,False,0,0,0,0,0,0,140264640158016,0,137724944,2,previous_put_or_self_copy,True
13242,balanced,0,0,dependency_resolved,2,2,2,512,10813356826153935,10813356826221788,10813356826434076,10813356826462679,10813356865579033,10813356865682586,10813356865788240,10813356878652223,10813356865867851,10813356878702040,10813356880126418,10813356880122496,10813356880135208,10813356880239191,10813356880247274,10813356880255596,10813356880253422,10813356881040875,N/A,10813356974810611,10813356974814704,10813356828443292,52218.147,1474.195,129.178,0.0,-2.174,10813356877916491,False,53819.346,28.603,39325.561,838.094,11157.893,594.075,16.405,8.322,787.453,0.0,0.0,0.0,0.0,False,True,False,0,0,0,0,0,0,140264640159136,0,137724944,3,previous_put_or_self_copy,True
13242,balanced,0,0,dependency_resolved,3,3,3,512,10813356826463150,10813356826523740,10813356826740220,10813356826815897,10813356884138138,10813356884257678,10813356884379330,10813356897185945,10813356884460287,10813356897236434,10813356898667983,10813356898663363,10813356898677096,10813356898782228,10813356898789868,10813356898797968,10813356898796016,10813356899544547,N/A,10813356974816751,10813356974821860,10813356828443292,70445.725,1482.038,129.985,0.0,-1.952,10813356896528417,False,72055.796,75.677,57563.433,835.046,11180.686,605.006,15.74,8.1,748.531,0.0,0.0,0.0,0.0,False,True,False,0,0,0,0,0,0,140264640160256,0,137724944,4,previous_put_or_self_copy,True
13242,balanced,0,0,dependency_resolved,4,4,4,512,10813356826816260,10813356826878140,10813356827064668,10813356827091017,10813356902746651,10813356902872588,10813356902975864,10813356915774121,10813356903051237,10813356915823058,10813356917263823,10813356917260837,10813356917274793,10813356917380358,10813356917388122,10813356917396132,10813356917394922,10813356918199797,N/A,10813356974823907,10813356974829032,10813356828443292,88709.453,1489.702,132.309,0.0,-1.21,10813356915114145,False,90330.254,26.349,75884.847,837.021,11174.195,605.386,15.774,8.01,804.875,0.0,0.0,0.0,0.0,False,True,False,0,0,0,0,0,0,140264640161376,0,137724944,5,previous_put_or_self_copy,True
13242,balanced,0,0,dependency_resolved,5,5,5,512,10813356827091514,10813356827149692,10813356827329884,10813356827355057,10813356921302510,10813356921441938,10813356921546447,10813356934342690,10813356921620692,10813356934390227,10813356935830992,10813356935826005,10813356935838635,10813356935942842,10813356935950837,10813356935958374,10813356935956969,10813356936532469,N/A,10813356974831079,10813356974835188,10813356828443292,107012.806,1488.302,127.382,0.0,-1.405,10813356933675417,False,108627.085,25.173,94191.39,832.12,11170.784,614.231,15.532,7.537,575.5,0.0,0.0,0.0,0.0,False,True,False,0,0,0,0,0,0,140264640162496,0,137724944,6,previous_put_or_self_copy,True
13242,balanced,0,0,dependency_resolved,6,7,6+7,1024,10813356828190707,10813356828254812,10813356828443292,10813356828469504,10813356943467602,10813356943784490,10813356943890068,10813356969879131,10813356943971952,10813356969938384,10813356972357069,10813356972352333,10813356972366637,10813356972478325,10813356972486263,10813356972494232,10813356972493297,10813356974794219,N/A,10813356974838251,10813356974842344,10813356828443292,141435.839,2477.938,137.163,0.0,-0.935,10813356968432725,False,144050.005,26.212,115420.564,1660.138,22744.147,1388.422,15.907,7.969,2300.922,0.0,0.0,0.0,0.0,False,True,False,0,0,0,0,0,0,140264640164288,0,137724944,7,previous_put_or_self_copy,True
13242,skewed,0,0,normal,0,0,0,512,10813357771280885,10813357771486644,10813357771914388,10813357771993888,10813357777088636,10813357777176487,10813357777289459,10813357790837417,10813357777377947,10813357790887137,10813357792356574,10813357792353015,10813357792364096,10813357792479379,10813357792488101,10813357792500412,10813357792493979,10813357792645526,N/A,10813357923494307,10813357923499432,10813357776413652,18923.029,1519.157,143.838,0.0,-6.433,10813357790080977,False,20579.591,79.5,5295.571,812.175,11829.811,693.821,21.033,12.311,151.547,0.0,0.0,0.0,0.0,False,True,False,0,0,0,0,0,0,140265549151632,0,137724944,1,origin_event,False
13242,skewed,0,0,normal,1,1,1,512,10813357771990900,10813357774428564,10813357774743924,10813357774777130,10813357796467243,10813357796561956,10813357796651928,10813357809419288,10813357796732052,10813357809468642,10813357810842848,10813357810838426,10813357810847914,10813357810951838,10813357810961202,10813357810969772,10813357810966940,10813357811112346,N/A,10813357923502495,10813357923506588,10813357776413652,34675.364,1423.56,126.924,0.0,-2.832,10813357808749130,False,36223.016,33.206,21874.798,810.928,11151.518,614.944,17.934,8.57,145.406,0.0,0.0,0.0,0.0,False,True,False,0,0,0,0,0,0,140264641364608,0,137724944,2,previous_put_or_self_copy,False
13242,skewed,0,0,normal,2,2,2,512,10813357774777666,10813357774845684,10813357775038516,10813357775067322,10813357814893464,10813357815013185,10813357815109990,10813357827861282,10813357815189719,10813357827908827,10813357829295332,10813357829290601,10813357829299133,10813357829404555,10813357829412998,10813357829420934,10813357829419432,10813357829591448,N/A,10813357923508636,10813357923512729,10813357776413652,52822.766,1434.05,125.602,0.0,-1.502,10813357827194468,False,54380.916,28.806,40042.668,807.313,11137.059,612.211,16.379,7.936,172.016,0.0,0.0,0.0,0.0,False,True,False,0,0,0,0,0,0,140264641365728,0,137724944,3,previous_put_or_self_copy,False
13242,skewed,0,0,normal,3,3,3,512,10813357775067864,10813357775130708,10813357775314612,10813357775341409,10813357833278729,10813357833406104,10813357833495713,10813357846265071,10813357833571442,10813357846314208,10813357847674086,10813357847669346,10813357847677899,10813357847780033,10813357847788081,10813357847795658,10813357847794073,10813357847963041,N/A,10813357923515792,10813357923519901,10813357776413652,70950.459,1409.015,121.572,0.0,-1.585,10813357845578904,False,72479.461,26.797,58154.304,811.763,11143.234,632.723,15.625,7.577,168.968,0.0,0.0,0.0,0.0,False,True,False,0,0,0,0,0,0,140264641366848,0,137724944,4,previous_put_or_self_copy,False
13242,skewed,0,0,normal,4,4,4,512,10813357775341882,10813357775410100,10813357775592148,10813357775618380,10813357851982606,10813357852136583,10813357852227802,10813357864989303,10813357852302285,10813357865037032,10813357866382567,10813357866377566,10813357866385905,10813357866487550,10813357866495845,10813357866503767,10813357866501526,10813357866711448,N/A,10813357923521948,10813357923527073,10813357776413652,89397.155,1393.264,121.2,0.0,-2.241,10813357864306550,False,90909.378,26.232,76609.422,813.892,11138.045,626.618,16.217,7.922,209.922,0.0,0.0,0.0,0.0,False,True,False,0,0,0,0,0,0,140264641367968,0,137724944,5,previous_put_or_self_copy,False
13242,skewed,0,0,normal,5,5,5,512,10813357775618903,10813357775681396,10813357775861716,10813357775886619,10813357870350609,10813357870519028,10813357870609087,10813357883339887,10813357870684844,10813357883388121,10813357884762343,10813357884757920,10813357884766535,10813357884872795,10813357884880580,10813357884887561,10813357884886432,10813357885034901,N/A,10813357923529120,10813357923533213,10813357776413652,107478.171,1422.456,125.218,0.0,-1.129,10813357882673161,False,109024.716,24.903,94722.468,813.913,11122.91,612.692,14.766,6.981,148.469,0.0,0.0,0.0,0.0,False,True,False,0,0,0,0,0,0,140264641369088,0,137724944,6,previous_put_or_self_copy,False
13242,skewed,0,0,normal,6,7,6+7,1024,10813357776170278,10813357776232340,10813357776413652,10813357776529415,10813357892405729,10813357892753970,10813357892846094,10813357920543780,10813357892931713,10813357920604384,10813357922926817,10813357922921463,10813357922930947,10813357923044345,10813357923053191,10813357923061440,10813357923060120,10813357923492260,N/A,10813357923535260,10813357923540385,10813357776413652,144130.128,2383.037,134.623,0.0,-1.32,10813357919085299,False,146646.468,115.763,116316.679,1598.649,24500.904,1401.048,17.095,8.249,432.14,0.0,0.0,0.0,0.0,False,True,False,0,0,0,0,0,0,140264641370880,0,137724944,7,previous_put_or_self_copy,False
13242,all_to_one_like,0,0,normal,0,0,0,512,10813358916965883,10813358917135208,10813358917560520,10813358917631668,10813358921879090,10813358921959261,10813358922059599,10813358934952565,10813358922183486,10813358935001657,10813358936400437,10813358936397675,10813358936408072,10813358936505531,10813358936514305,10813358936522842,10813358936520245,10813358936538675,N/A,10813359064530480,10813359064534573,10813358922523016,17392.045,1447.872,122.405,0.0,-2.597,10813358934266342,False,18959.725,71.148,4427.931,853.198,11158.433,622.392,17.311,8.537,18.43,0.0,0.0,0.0,0.0,False,True,False,0,0,0,0,0,0,140265549149728,0,137724944,1,origin_event,False
13242,all_to_one_like,0,0,normal,1,1,1,512,10813358917628432,10813358920028520,10813358920365128,10813358920400254,10813358940358930,10813358940452907,10813358940533486,10813358953346789,10813358940624422,10813358953394746,10813358954697274,10813358954693949,10813358954703650,10813358954798164,10813358954806404,10813358954814458,10813358954811956,10813358954828339,N/A,10813359064537652,10813359064541745,10813358922523016,32981.661,1350.485,117.184,0.0,-2.502,10813358952703530,False,34446.828,35.126,20133.232,840.987,11181.106,585.814,16.294,8.054,16.383,0.0,0.0,0.0,0.0,False,True,False,0,0,0,0,0,0,140265549148944,0,137724944,2,previous_put_or_self_copy,False
13242,all_to_one_like,0,0,normal,2,2,2,512,10813358920400997,10813358920469768,10813358920665768,10813358920692611,10813358958593596,10813358958705515,10813358958785195,10813358971592705,10813358958872045,10813358971639352,10813358972940850,10813358972936505,10813358972945333,10813358973041163,10813358973049510,10813358973057738,10813358973055542,10813358973071933,N/A,10813359064544808,10813359064548917,10813358922523016,50926.937,1348.145,116.888,0.0,-2.196,10813358970944926,False,52389.774,26.843,38092.584,834.568,11184.507,594.505,16.575,8.228,16.391,0.0,0.0,0.0,0.0,False,True,False,0,0,0,0,0,0,140265549136848,0,137724944,3,previous_put_or_self_copy,False
13242,all_to_one_like,0,0,normal,3,3,3,512,10813358920693226,10813358920754792,10813358920942152,10813358920967045,10813358976835682,10813358976960674,10813358977038178,10813358989828656,10813358977120901,10813358989876794,10813358991188531,10813358991182594,10813358991191069,10813358991284798,10813358991292753,10813358991300559,10813358991299120,10813358991386167,N/A,10813359064550965,10813359064555058,10813358922523016,68886.504,1359.875,112.028,0.0,-1.439,10813358989199295,False,70356.968,24.893,56071.133,834.641,11194.236,577.371,15.761,7.806,87.047,0.0,0.0,0.0,0.0,False,True,False,0,0,0,0,0,0,140265549138304,0,137724944,4,previous_put_or_self_copy,False
13242,all_to_one_like,0,0,normal,4,4,4,512,10813358920967595,10813358921027400,10813358921210792,10813358921235275,10813358995178388,10813358995321661,10813358995399790,10813359008217121,10813358995488533,10813359008263742,10813359009561151,10813359009556654,10813359009564645,10813359009658833,10813359009666489,10813359009673693,10813359009672761,10813359009749558,N/A,10813359064558137,10813359064562230,10813358922523016,87006.329,1344.03,112.542,0.0,-0.932,10813359007572340,False,88461.969,24.483,74164.515,853.491,11178.728,590.846,14.86,7.204,76.797,0.0,0.0,0.0,0.0,False,True,False,0,0,0,0,0,0,140265549139424,0,137724944,5,previous_put_or_self_copy,False
13242,all_to_one_like,0,0,normal,5,5,5,512,10813358921235691,10813358921294504,10813358921475400,10813358921499583,10813359013469090,10813359013635253,10813359013715022,10813359026589512,10813359013798894,10813359026639413,10813359027970620,10813359027965763,10813359027974558,10813359028091121,10813359028099796,10813359028107666,10813359028105776,10813359028122167,N/A,10813359064564261,10813359064568370,10813358922523016,105114.112,1381.108,137.046,0.0,-1.89,10813359025874462,False,106630.376,24.183,92215.439,837.025,11189.697,660.828,16.545,7.87,16.391,0.0,0.0,0.0,0.0,False,True,False,0,0,0,0,0,0,140265549140544,0,137724944,6,previous_put_or_self_copy,False
13242,all_to_one_like,0,0,normal,6,7,6+7,1024,10813358922268144,10813358922337448,10813358922523016,10813358922547661,10813359035511980,10813359035854521,10813359035933774,10813359061940051,10813359036044152,10813359062000177,10813359064277566,10813359064273183,10813359064282983,10813359064389395,10813359064397246,10813359064405690,10813359064404526,10813359064527417,N/A,10813359064571433,10813359066903089,10813358922523016,139417.035,2337.515,128.124,0.0,-1.164,10813359060497884,False,141881.51,24.645,113386.113,1653.028,22744.838,1384.529,16.295,8.444,122.891,0.0,0.0,0.0,0.0,False,True,False,0,0,0,0,0,0,140265549142336,0,137724944,7,previous_put_or_self_copy,False
13242,zero_sized_pair,0,0,normal,0,0,0,512,10813360164613045,10813360164772400,10813360165223600,10813360165287430,10813360169586881,10813360169665898,10813360169767678,10813360182563641,10813360169863962,10813360182610823,10813360183921538,10813360183919465,10813360183929869,10813360183950592,10813360183959134,10813360183968448,10813360183966456,10813360186148604,N/A,10813360317932292,10813360317937401,10813360170232848,17340.041,1357.897,46.91,0.0,-1.992,10813360181895971,False,18742.856,63.83,4480.248,863.309,11104.553,614.62,17.856,9.314,2182.148,0.0,0.0,0.0,0.0,False,True,False,0,0,0,0,0,0,140264640451360,0,137724944,1,origin_event,False
13242,zero_sized_pair,0,0,normal,1,1,1,512,10813360165284932,10813360167704304,10813360168040048,10813360168077864,10813360187785453,10813360187878652,10813360187954820,10813360200761091,10813360188051553,10813360200808325,10813360202087301,10813360202083970,10813360202092707,10813360202111307,10813360202119929,10813360202128778,10813360202127096,10813360203756284,N/A,10813360317939448,10813360317944573,10813360170232848,32721.043,1326.21,41.477,0.0,-1.682,10813360200117364,False,34087.048,37.816,19876.956,830.611,11180.721,596.066,17.471,8.849,1629.188,0.0,0.0,0.0,0.0,False,True,False,0,0,0,0,0,0,140264640452480,0,137724944,2,previous_put_or_self_copy,False
13242,zero_sized_pair,0,0,normal,2,2,2,512,10813360168078422,10813360168145840,10813360168337136,10813360168365905,10813360205825454,10813360205933643,10813360206093507,10813360218957148,10813360206178688,10813360219004805,10813360220282759,10813360220279138,10813360220287143,10813360220305411,10813360220313273,10813360220321408,10813360220320495,10813360223391479,N/A,10813360317946621,10813360317950714,10813360170232848,50620.012,1325.611,38.649,0.0,-0.913,10813360218301358,False,51983.359,28.769,37727.602,827.708,11240.883,607.59,15.997,8.135,3070.984,0.0,0.0,0.0,0.0,False,True,False,0,0,0,0,0,0,140264640453600,0,137724944,3,previous_put_or_self_copy,False
13242,zero_sized_pair,0,0,normal,3,3,3,512,10813360168366562,10813360168429136,10813360168632208,10813360168660401,10813360224036801,10813360224161048,10813360224235090,10813360237049684,10813360224325055,10813360237097868,10813360238359434,10813360238355652,10813360238363775,10813360238380353,10813360238388437,10813360238396093,10813360238396151,10813360240637682,N/A,10813360317952761,10813360317957870,10813360170232848,68417.476,1309.75,36.659,0.058,0.058,10813360236403410,False,69763.943,28.193,55574.689,833.425,11193.782,599.907,15.74,7.656,2241.531,0.0,0.0,0.0,0.058,False,True,False,0,0,0,0,0,0,140264641659408,0,137724944,4,previous_put_or_self_copy,False
13242,zero_sized_pair,0,0,normal,4,4,4,512,10813360168660996,10813360168722352,10813360168906992,10813360168933063,10813360242225342,10813360242366951,10813360242441083,10813360255230915,10813360242529780,10813360255277952,10813360256550795,10813360256546931,10813360256554798,10813360256570560,10813360256578194,10813360256585679,10813360256585464,10813360258969339,N/A,10813360317959933,10813360317964026,10813360170232848,86323.923,1319.88,34.884,0.0,-0.215,10813360254573077,False,87678.472,26.071,73508.02,823.099,11167.437,610.371,15.119,7.485,2383.875,0.0,0.0,0.0,0.0,False,True,False,0,0,0,0,0,0,140264641660528,0,137724944,5,previous_put_or_self_copy,False
13242,zero_sized_pair,0,0,normal,5,5,5,512,10813360168933870,10813360168991152,10813360169174224,10813360169207143,10813360260362817,10813360260522809,10813360260597314,10813360273387950,10813360260679530,10813360273434508,10813360274679686,10813360274675485,10813360274683636,10813360274699231,10813360274707107,10813360274714709,10813360274714354,10813360277338870,N/A,10813360317966073,10813360317971198,10813360170232848,104213.726,1291.736,35.023,0.0,-0.355,10813360272739505,False,105540.13,32.919,91390.171,829.035,11181.838,604.544,15.478,7.602,2624.516,0.0,0.0,0.0,0.0,False,True,False,0,0,0,0,0,0,140264641661648,0,137724944,6,previous_put_or_self_copy,False
13242,zero_sized_pair,0,0,normal,6,7,6+7,1024,10813360169984693,10813360170049488,10813360170232848,10813360170258152,10813360282646157,10813360282989080,10813360283064241,10813360309024209,10813360283151646,10813360309084044,10813360311307142,10813360311301605,10813360311310794,10813360311328712,10813360311336795,10813360311345597,10813360311344886,10813360317930245,N/A,10813360317973246,10813360317977339,10813360170232848,138791.361,2282.933,38.455,0.0,-0.711,10813360307593048,False,141112.038,25.304,112806.089,1652.073,22735.693,1380.588,16.885,8.802,6585.359,0.0,0.0,0.0,0.0,False,True,False,0,0,0,0,0,0,140264641663440,0,137724944,7,previous_put_or_self_copy,False
13242,multiple_progressive_shards,0,0,normal,0,0,0,128,10813361459235027,10813361459399024,10813361459806544,10813361459864993,10813361461266859,10813361461354380,10813361461477857,10813361464903318,10813361461564783,10813361464947867,10813361465753753,10813361465751972,10813361465762929,10813361465917433,10813361465930068,10813361465947940,10813361465936372,10813361466239474,N/A,10813361618552279,10813361618557435,10813361463669872,5096.774,850.435,194.187,0.0,-11.568,10813361464713481,False,6129.828,58.449,1612.864,189.222,2907.276,132.262,30.507,17.872,303.102,0.0,0.0,0.0,0.0,False,True,False,0,0,0,0,0,0,140264641367184,0,137724944,1,origin_event,False
13242,multiple_progressive_shards,0,0,normal,1,1,1,256,10813361459861674,10813361460652688,10813361460967952,10813361460997724,10813361470192232,10813361470285955,10813361470402525,10813361476988121,10813361470477712,10813361477033118,10813361478011039,10813361478007630,10813361478015520,10813361478112565,10813361478121237,10813361478128819,10813361478128107,10813361478417904,N/A,10813361618559466,10813361618563591,10813361463669872,16020.169,1022.918,117.78,0.0,-0.712,10813361476638416,False,17160.155,29.772,9404.801,398.781,5713.36,299.343,16.254,7.582,289.797,0.0,0.0,0.0,0.0,False,True,False,0,0,0,0,0,0,140264641366624,0,137724944,2,previous_put_or_self_copy,False
13242,multiple_progressive_shards,0,0,normal,2,2,2,384,10813361460998070,10813361461072752,10813361462079408,10813361462106335,10813361481232060,10813361481345358,10813361481448729,10813361491296688,10813361481520331,10813361491341468,10813361492504722,10813361492501731,10813361492509383,10813361492609506,10813361492617366,10813361492624697,10813361492623857,10813361493814779,N/A,10813361618565623,10813361618570716,10813361463669872,29217.28,1208.034,119.975,0.0,-0.84,10813361490735220,False,30544.449,26.927,19342.394,622.225,8532.261,508.937,15.191,7.331,1190.922,0.0,0.0,0.0,0.0,False,True,False,0,0,0,0,0,0,140264641365840,0,137724944,3,previous_put_or_self_copy,False
13242,multiple_progressive_shards,0,0,normal,3,3,3,512,10813361462107064,10813361462175568,10813361462387088,10813361462409068,10813361496710360,10813361496822603,10813361496922463,10813361509962170,10813361496994511,10813361510007956,10813361511467154,10813361511463995,10813361511472290,10813361511574786,10813361511583173,10813361511590781,10813361511590388,10813361512719872,N/A,10813361618572811,10813361618576904,10813361463669872,47575.082,1504.984,123.627,0.0,-0.393,10813361509248730,False,49203.3,21.98,34513.395,832.961,11371.706,662.818,15.995,7.608,1129.484,0.0,0.0,0.0,0.0,False,True,False,0,0,0,0,0,0,140264641364720,0,137724944,4,previous_put_or_self_copy,False
13242,multiple_progressive_shards,0,0,normal,4,4,4,640,10813361462409541,10813361462477680,10813361462699472,10813361462722566,10813361516352104,10813361516477755,10813361516591151,10813361532867323,10813361516664406,10813361532913810,10813361534517402,10813361534514200,10813361534522730,10813361534626406,10813361534634153,10813361534641681,10813361534640622,10813361535788529,N/A,10813361618579935,10813361618584060,10813361463669872,70167.851,1650.079,124.279,0.0,-1.059,10813361531970849,False,71941.15,23.094,53868.585,1034.603,14221.534,844.914,15.275,7.528,1147.907,0.0,0.0,0.0,0.0,False,True,False,0,0,0,0,0,0,140264641369088,0,137724944,5,previous_put_or_self_copy,False
13242,multiple_progressive_shards,0,0,normal,5,5,5,768,10813361462723209,10813361462793104,10813361463040848,10813361463069486,10813361540128705,10813361540266255,10813361540377849,10813361559589493,10813361540450914,10813361559638175,10813361561545875,10813361561541983,10813361561550947,10813361561657782,10813361561665334,10813361561673432,10813361561672185,10813361562435060,N/A,10813361618586123,10813361618590185,10813361463669872,96548.645,1956.382,127.557,0.0,-1.247,10813361558520104,False,98631.337,28.638,77308.363,1233.611,16781.922,1014.982,15.65,8.098,762.875,0.0,0.0,0.0,0.0,False,True,False,0,0,0,0,0,0,140264641371776,0,137724944,6,previous_put_or_self_copy,False
13242,multiple_progressive_shards,0,0,normal,6,7,6+7,1408,10813361463387778,10813361463458672,10813361463669872,10813361463690429,10813361574511826,10813361574911701,10813361575030916,10813361610661837,10813361575118624,10813361610732703,10813361613816993,10813361613814462,10813361613824984,10813361613945947,10813361613954267,10813361613963852,10813361613961716,10813361618550247,N/A,10813361618593279,10813361618597372,10813361463669872,146991.965,3155.156,146.859,0.0,-2.136,10813361608649158,False,150291.844,20.557,111340.487,2263.194,31202.866,1951.141,17.905,9.585,4588.531,0.0,0.0,0.0,0.0,False,True,False,0,0,0,0,0,0,140264641372224,0,137724944,7,previous_put_or_self_copy,False
13242,balanced,0,1,normal,0,0,0,512,10813354964619364,10813354965078586,10813355106447230,10813355107136624,10813355112872698,10813355113029669,10813355113173494,10813355127328976,10813355113271633,10813355127413311,10813355128982097,10813355128979528,10813355128989745,10813355129021099,10813355129028568,10813355129233360,10813355129036558,10813355129753371,N/A,10813355264772902,10813355264784152,10813355113699900,20881.746,1653.121,251.263,0.0,-196.802,10813355126546251,False,22589.328,689.394,6036.87,963.631,12223.498,679.943,212.261,204.792,716.813,0.0,0.0,0.0,0.0,False,True,False,0,0,0,0,0,0,140329142636784,0,135087536,1,origin_event,False
13242,balanced,0,1,normal,1,1,1,512,10813355107125833,10813355110121470,10813355110705438,10813355110794241,10813355133175199,10813355133280632,10813355133398337,10813355147494614,10813355133475479,10813355147546184,10813355148468822,10813355148463925,10813355148475536,10813355148495926,10813355148501250,10813355148509166,10813355148508933,10813355149105933,N/A,10813355264786183,10813355264791308,10813355113699900,36789.176,974.208,40.344,0.0,-0.233,10813355145519837,False,37803.495,88.803,22604.096,828.987,11161.613,1909.87,13.24,7.916,597.0,0.0,0.0,0.0,0.0,False,True,False,0,0,0,0,0,0,140329142637904,0,135087536,2,previous_put_or_self_copy,False
13242,balanced,0,1,normal,2,2,2,512,10813355110795993,10813355110987314,10813355111268504,10813355111298929,10813355152386751,10813355152491597,10813355152575127,10813355165331549,10813355152654061,10813355165380169,10813355166260814,10813355166254650,10813355166262561,10813355166278933,10813355166283038,10813355166289538,10813355166290715,10813355166845715,N/A,10813355264793372,10813355264798465,10813355113699900,54063.045,929.265,28.724,1.177,1.177,10813355164774571,False,55022.211,30.425,41276.198,827.412,11247.031,503.049,10.605,6.5,555.0,0.0,0.0,0.0,1.177,False,True,False,0,0,0,0,0,0,140329142639024,0,135087536,3,previous_put_or_self_copy,False
13242,balanced,0,1,normal,3,3,3,512,10813355111298912,10813355111381082,10813355111610804,10813355111637915,10813355170230669,10813355170356707,10813355170464546,10813355183166764,10813355170531577,10813355183213115,10813355184067150,10813355184060659,10813355184067904,10813355184087240,10813355184091833,10813355184098220,10813355184099090,10813355185186590,N/A,10813355264800528,10813355264804621,10813355113699900,71555.96,900.386,31.07,0.87,0.87,10813355182624808,False,72488.286,27.111,58826.631,822.683,11224.654,491.489,10.98,6.387,1087.5,0.0,0.0,0.0,0.87,False,True,False,0,0,0,0,0,0,140329142640144,0,135087536,4,previous_put_or_self_copy,False
13242,balanced,0,1,normal,4,4,4,512,10813355111637769,10813355111747264,10813355112072534,10813355112106445,10813355187995895,10813355188134572,10813355188218696,10813355201103413,10813355188299157,10813355201151561,10813355202098766,10813355202091881,10813355202099252,10813355202116134,10813355202120413,10813355202127904,10813355202128652,10813355202854683,N/A,10813355264807683,10813355264811808,10813355113699900,89030.879,995.353,29.138,0.748,0.748,10813355200451705,False,90056.118,33.911,76112.251,825.53,11280.433,593.34,11.77,7.491,726.031,0.0,0.0,0.0,0.748,False,True,False,0,0,0,0,0,0,140329142641264,0,135087536,5,previous_put_or_self_copy,False
13242,balanced,0,1,normal,5,5,5,512,10813355112105311,10813355112206812,10813355112431162,10813355112457065,10813355205919855,10813355206056516,10813355206139112,10813355218892442,10813355206215312,10813355218938427,10813355219906108,10813355219898279,10813355219905557,10813355219922327,10813355219926595,10813355219933317,10813355219934996,10813355220403996,N/A,10813355264813840,10813355264818965,10813355113699900,106461.28,1013.666,27.209,1.679,1.679,10813355218231756,False,107503.834,25.903,93682.047,829.756,11141.693,607.915,10.99,6.722,469.0,0.0,0.0,0.0,1.679,False,True,False,0,0,0,0,0,0,140329142642384,0,135087536,6,previous_put_or_self_copy,False
13242,balanced,0,1,normal,6,7,6+7,1024,10813355113410789,10813355113487422,10813355113699900,10813355113725788,10813355227154736,10813355227438755,10813355227522724,10813355260057957,10813355227605279,10813355260124736,10813355261491771,10813355261484902,10813355261493875,10813355261513255,10813355261518300,10813355261526540,10813355261526808,10813355264752371,N/A,10813355264821027,10813355265100558,10813355113699900,146358.057,1433.814,34.769,0.268,0.268,10813355256570187,False,147826.908,25.888,113796.936,1644.441,27270.832,3347.357,13.285,8.24,3225.563,0.0,0.0,0.0,0.268,False,True,False,0,0,0,0,0,0,140329142644176,0,135087536,7,previous_put_or_self_copy,False
13242,balanced,0,1,router_absent,0,0,0,512,10813356017618557,10813356017807178,10813356018644234,10813356018729295,10813356022653405,10813356022734015,10813356022832934,10813356036862983,10813356022906962,10813356036951298,10813356038046971,10813356038046439,10813356038056503,10813356038083785,10813356038090732,10813356038098332,10813356038097748,10813356038897498,N/A,10813356171137882,10813356171141975,10813356132702442,18218.749,1183.988,51.361,0.0,-0.584,10813356036131151,True,19453.514,85.061,4103.639,829.19,12332.633,659.984,14.547,7.6,799.75,0.0,0.0,0.0,0.0,True,False,True,0,0,0,0,0,0,140329142634880,0,135087536,1,origin_event,False
13242,balanced,0,1,router_absent,1,1,1,512,10813356038278910,10813356038453130,10813356038937098,10813356038933817,10813356042733235,10813356042835199,10813356042964841,10813356055724634,10813356043050885,10813356055768315,10813356056694012,10813356056690353,10813356056698070,10813356056714877,10813356056720750,10813356056727999,10813356056727381,10813356058054483,N/A,10813356171145038,10813356171149147,10813356132702442,16787.536,969.378,33.987,0.0,-0.618,10813356055090194,True,17790.283,-3.281,4031.024,832.614,11160.305,583.574,13.122,7.249,1327.102,0.0,0.0,0.0,0.0,True,False,True,0,0,0,0,0,0,140329142633760,0,135087536,2,previous_put_or_self_copy,False
13242,balanced,0,1,router_absent,2,2,2,512,10813356056848639,10813356056979720,10813356058089996,10813356058086688,10813356061813503,10813356061911886,10813356062006648,10813356074744271,10813356062072415,10813356074790142,10813356075700482,10813356075696106,10813356075703819,10813356075721244,10813356075726664,10813356075733372,10813356075732819,10813356076858194,N/A,10813356171152210,10813356171156319,10813356132702442,16654.275,956.211,32.89,0.0,-0.553,10813356074120637,True,17642.823,-3.308,3919.96,831.684,11171.936,572.673,12.128,6.708,1125.375,0.0,0.0,0.0,0.0,True,False,True,0,0,0,0,0,0,140329142636672,0,135087536,3,previous_put_or_self_copy,False
13242,balanced,0,1,router_absent,3,3,3,512,10813356075853454,10813356075961482,10813356076895816,10813356076892305,10813356080578403,10813356080698948,10813356080804733,10813356093551455,10813356080874989,10813356093594876,10813356094487805,10813356094483386,10813356094491505,10813356094507787,10813356094512924,10813356094522182,10813356094520147,10813356095257428,N/A,10813356171158366,10813356171163475,10813356132702442,16655.639,936.35,34.377,0.0,-2.035,10813356092917035,True,17624.331,-3.511,3912.428,829.47,11167.391,581.973,14.395,9.258,737.281,0.0,0.0,0.0,0.0,True,False,True,0,0,0,0,0,0,140329142647424,0,135087536,4,previous_put_or_self_copy,False
13242,balanced,0,1,router_absent,4,4,4,512,10813356094637302,10813356094733578,10813356095300106,10813356095296360,10813356098898376,10813356099024458,10813356099116481,10813356111864880,10813356099182258,10813356111909115,10813356112809216,10813356112805650,10813356112813634,10813356112829983,10813356112834449,10813356112840543,10813356112841553,10813356113776459,N/A,10813356171165538,10813356171169616,10813356132702442,16564.774,944.336,31.327,1.01,1.01,10813356111236023,True,17541.447,-3.746,3820.121,841.514,11167.971,577.547,10.56,6.094,934.906,0.0,0.0,0.0,1.01,True,False,True,0,0,0,0,0,0,140329142648544,0,135087536,5,previous_put_or_self_copy,False
13242,balanced,0,1,router_absent,5,5,5,512,10813356112954986,10813356113052684,10813356113811976,10813356113808510,10813356117525940,10813356117659692,10813356117751686,10813356130510096,10813356117815865,10813356130554104,10813356131451138,10813356131446988,10813356131453857,10813356131468851,10813356131473415,10813356131479491,10813356131480397,10813356132603741,N/A,10813356171172695,10813356171176788,10813356132702442,16698.12,941.042,28.353,0.906,0.906,10813356129865605,True,17668.421,-3.466,3943.176,821.031,11185.285,593.12,10.64,6.076,1123.344,0.0,0.0,0.0,0.906,True,False,True,0,0,0,0,0,0,140328261370832,0,135087536,6,previous_put_or_self_copy,False
13242,balanced,0,1,router_absent,6,7,6+7,1024,10813356131935784,10813356132645870,10813356132702442,10813356132698310,10813356139870828,10813356140167004,10813356140261108,10813356165938754,10813356140336582,10813356165991681,10813356167472378,10813356167469102,10813356167478212,10813356167494763,10813356167499892,10813356167506916,10813356167506772,10813356171122522,N/A,10813356171178835,10813356175406928,10813356132702442,33236.312,1533.624,34.538,0.0,-0.144,10813356164573249,False,34804.33,-4.132,7562.798,1640.505,22544.474,1309.947,12.153,7.024,3615.75,0.0,0.0,0.0,0.0,False,True,False,0,0,0,0,0,0,140328259599648,0,135087536,7,previous_put_or_self_copy,False
13242,balanced,0,1,dependency_resolved,0,0,0,512,10813356822067117,10813356822276916,10813356822912116,10813356823004628,10813356827331589,10813356827414254,10813356827520782,10813356841488843,10813356827619881,10813356841529263,10813356842592175,10813356842589176,10813356842603019,10813356842622009,10813356842632896,10813356842659384,10813356842640460,10813356843739210,N/A,10813356970217546,10813356970222655,10813356827779124,18576.727,1103.332,67.209,0.0,-18.924,10813356840326775,False,19728.344,92.512,4516.154,854.94,11797.966,1103.005,37.375,26.488,1098.75,0.0,0.0,0.0,0.0,False,True,False,0,0,0,0,0,0,140328261375088,0,135087536,1,origin_event,True
13242,balanced,0,1,dependency_resolved,1,1,1,512,10813356823001441,10813356825299956,10813356825606452,10813356825643694,10813356846504769,10813356846599183,10813356846709234,10813356859636675,10813356846778919,10813356859680691,10813356860600239,10813356860597090,10813356860610272,10813356860629083,10813356860634432,10813356860641586,10813356860641350,10813356861942858,N/A,10813356970224702,10813356970228811,10813356827779124,34030.223,963.564,41.347,0.0,-0.236,10813356858990388,False,35034.898,37.242,21065.54,829.392,11334.379,594.378,12.503,7.154,1301.508,0.0,0.0,0.0,0.0,False,True,False,0,0,0,0,0,0,140328261376208,0,135087536,2,previous_put_or_self_copy,True
13242,balanced,0,1,dependency_resolved,2,2,2,512,10813356825644351,10813356825711540,10813356825912628,10813356825942263,10813356864298609,10813356864400215,10813356864492834,10813356877461152,10813356864566038,10813356877504429,10813356878386097,10813356878383153,10813356878395113,10813356878412714,10813356878418270,10813356878425125,10813356878425155,10813356879181889,N/A,10813356970231874,10813356970235983,10813356827779124,51548.524,924.945,39.028,0.03,0.03,10813356876776569,False,52512.527,29.635,38550.571,836.844,11329.201,552.437,12.411,6.855,756.734,0.0,0.0,0.0,0.03,False,True,False,0,0,0,0,0,0,140328261377328,0,135087536,3,previous_put_or_self_copy,True
13242,balanced,0,1,dependency_resolved,3,3,3,512,10813356825942755,10813356826007892,10813356826205044,10813356826233703,10813356882505034,10813356882622565,10813356882729640,10813356895597054,10813356882797594,10813356895641514,10813356896519093,10813356896517032,10813356896528646,10813356896546202,10813356896551619,10813356896558462,10813356896559186,10813356897202249,N/A,10813356970238031,10813356970242124,10813356827779124,69392.01,922.039,39.369,0.724,0.724,10813356895003757,False,70354.142,28.659,56495.937,833.649,11326.692,542.064,12.26,6.843,643.063,0.0,0.0,0.0,0.724,False,True,False,0,0,0,0,0,0,140328261378448,0,135087536,4,previous_put_or_self_copy,True
13242,balanced,0,1,dependency_resolved,4,4,4,512,10813356826234250,10813356826302356,10813356826539444,10813356826568837,10813356900422274,10813356900545404,10813356900637441,10813356913467494,10813356900703850,10813356913511341,10813356914389942,10813356914387608,10813356914399420,10813356914415841,10813356914421047,10813356914427629,10813356914427968,10813356915649608,N/A,10813356970245203,10813356970249296,10813356827779124,86928.05,922.448,37.687,0.339,0.339,10813356912875221,False,87888.524,29.393,74068.604,830.519,11295.831,540.045,11.788,6.582,1221.64,0.0,0.0,0.0,0.339,False,True,False,0,0,0,0,0,0,140328261379568,0,135087536,5,previous_put_or_self_copy,True
13242,balanced,0,1,dependency_resolved,5,5,5,512,10813356826569339,10813356826631444,10813356826813812,10813356826840885,10813356918212210,10813356918348509,10813356918440814,10813356931230082,10813356918506150,10813356931273655,10813356932139958,10813356932137268,10813356932148567,10813356932165899,10813356932171019,10813356932177308,10813356932177983,10813356933660749,N/A,10813356970251328,10813356970256468,10813356827779124,104416.27,909.876,37.35,0.675,0.675,10813356930644585,False,105364.171,27.073,91599.929,820.518,11273.468,533.904,11.409,6.289,1482.766,0.0,0.0,0.0,0.675,False,True,False,0,0,0,0,0,0,140328261380688,0,135087536,6,previous_put_or_self_copy,True
13242,balanced,0,1,dependency_resolved,6,7,6+7,1024,10813356827109025,10813356827164756,10813356827779124,10813356827807512,10813356939424935,10813356939707352,10813356939799958,10813356966243729,10813356939872591,10813356966296497,10813356967787434,10813356967784634,10813356967797650,10813356967815891,10813356967821006,10813356967828137,10813356967828561,10813356970203202,N/A,10813356970258500,10813356974793796,10813356827779124,138464.605,1543.705,40.703,0.424,0.424,10813356964872467,False,140049.437,28.388,111992.446,1649.951,23297.524,1315.472,12.246,7.131,2374.641,0.0,0.0,0.0,0.424,False,True,False,0,0,0,0,0,0,140328261382480,0,135087536,7,previous_put_or_self_copy,True
13242,skewed,0,1,normal,0,0,0,512,10813357769648427,10813357769805806,10813357770215022,10813357770285174,10813357774531204,10813357774610724,10813357774707465,10813357787575734,10813357774797281,10813357787620761,10813357788589465,10813357788586526,10813357788595308,10813357788614904,10813357788620373,10813357788627696,10813357788628424,10813357791010244,N/A,10813357916502479,10813357916507588,10813357775165006,17360.712,1013.731,38.231,0.728,0.728,10813357786899914,False,18413.402,70.152,4422.291,844.994,11199.198,618.455,12.792,7.323,2381.82,0.0,0.0,0.0,0.728,False,True,False,0,0,0,0,0,0,140329142074768,0,135087536,1,origin_event,False
13242,skewed,0,1,normal,1,1,1,512,10813357770282684,10813357772627502,10813357772927918,10813357772964675,10813357792453707,10813357792552372,10813357792636125,10813357805372414,10813357792705438,10813357805416850,10813357806318995,10813357806317004,10813357806325437,10813357806343211,10813357806348963,10813357806356786,10813357806355908,10813357808475588,N/A,10813357916510651,10813357916514760,10813357775165006,32444.496,946.581,37.791,0.0,-0.878,10813357804727131,False,33427.99,36.757,19671.45,802.482,11171.83,589.757,13.575,7.823,2119.68,0.0,0.0,0.0,0.0,False,True,False,0,0,0,0,0,0,140328259748480,0,135087536,2,previous_put_or_self_copy,False
13242,skewed,0,1,normal,2,2,2,512,10813357772965433,10813357773033486,10813357773228686,10813357773257112,10813357810153683,10813357810268151,10813357810351474,10813357823065911,10813357810420567,10813357823110553,10813357823987094,10813357823983622,10813357823991463,10813357824015227,10813357824021529,10813357824029028,10813357824029135,10813357825569221,N/A,10813357916517823,10813357916521932,10813357775165006,49837.225,921.183,41.934,0.107,0.107,10813357822431226,False,50800.449,28.426,37094.362,805.027,11159.844,582.304,13.801,7.499,1540.086,0.0,0.0,0.0,0.107,False,True,False,0,0,0,0,0,0,140328259749600,0,135087536,3,previous_put_or_self_copy,False
13242,skewed,0,1,normal,3,3,3,512,10813357773257804,10813357773322254,10813357773521710,10813357773550013,10813357827665554,10813357827794280,10813357827874785,10813357840588022,10813357827941188,10813357840633243,10813357841492373,10813357841489882,10813357841497538,10813357841513943,10813357841519566,10813357841526082,10813357841527244,10813357843526088,N/A,10813357916523979,10813357916529088,10813357775165006,67066.312,904.351,33.709,1.162,1.162,10813357839951424,False,68005.534,28.303,54324.772,821.176,11144.522,584.043,12.139,6.516,1998.844,0.0,0.0,0.0,1.162,False,True,False,0,0,0,0,0,0,140328259750720,0,135087536,4,previous_put_or_self_copy,False
13242,skewed,0,1,normal,4,4,4,512,10813357773550745,10813357773609230,10813357773788942,10813357773815283,10813357845592785,10813357845737599,10813357845820570,10813357858518360,10813357845887698,10813357858561435,10813357859430804,10813357859427835,10813357859435779,10813357859451204,10813357859456381,10813357859462730,10813357859463619,10813357860650448,N/A,10813357916531151,10813357916536260,10813357775165006,84729.418,912.444,31.926,0.889,0.889,10813357857889851,False,85674.677,26.341,72005.287,806.038,11151.916,575.967,11.526,6.349,1186.829,0.0,0.0,0.0,0.889,False,True,False,0,0,0,0,0,0,140328259751840,0,135087536,5,previous_put_or_self_copy,False
13242,skewed,0,1,normal,5,5,5,512,10813357773815748,10813357773872078,10813357774161742,10813357774190818,10813357863269886,10813357863446317,10813357863522426,10813357876241994,10813357863587922,10813357876293017,10813357877160342,10813357877156775,10813357877168221,10813357877183502,10813357877188746,10813357877195537,10813357877196229,10813357878564291,N/A,10813357916538308,10813357916542401,10813357775165006,102080.252,918.348,35.195,0.692,0.692,10813357875601183,False,103034.487,29.076,89331.608,814.435,11153.423,589.042,12.035,6.791,1368.062,0.0,0.0,0.0,0.692,False,True,False,0,0,0,0,0,0,140328259752960,0,135087536,6,previous_put_or_self_copy,False
13242,skewed,0,1,normal,6,7,6+7,1024,10813357774913948,10813357774979950,10813357775165006,10813357775190869,10813357884485306,10813357884823480,10813357884899113,10813357910504253,10813357884976416,10813357910561175,10813357912063388,10813357912060874,10813357912069511,10813357912087594,10813357912093939,10813357912101528,10813357912102338,10813357916494276,N/A,10813357916545479,10813357923492291,10813357775165006,135339.247,1559.135,38.14,0.81,0.81,10813357909121146,False,136937.332,25.863,109708.244,1597.964,22496.353,1325.18,13.934,7.589,4391.938,0.0,0.0,0.0,0.81,False,True,False,0,0,0,0,0,0,140328259754752,0,135087536,7,previous_put_or_self_copy,False
13242,all_to_one_like,0,1,normal,0,0,0,512,10813358919437208,10813358919602052,10813358920207684,10813358920277601,10813358924816101,10813358924892408,10813358924977991,10813358937680890,10813358925052581,10813358937722864,10813358938545137,10813358938542540,10813358938551105,10813358938569002,10813358938574952,10813358938581940,10813358938582143,10813358940773502,N/A,10813359066906745,10813359066910838,10813358924578628,17473.206,864.247,36.803,0.203,0.203,10813358937037618,False,18374.459,69.917,4700.39,823.558,11107.766,594.259,12.938,6.988,2191.359,0.0,0.0,0.0,0.203,False,True,False,0,0,0,0,0,0,140329142072864,0,135087536,1,origin_event,False
13242,all_to_one_like,0,1,normal,1,1,1,512,10813358920274453,10813358922595044,10813358922893092,10813358922927793,10813358942272015,10813358942364506,10813358942446199,10813358955206388,10813358942523111,10813358955248621,10813358956030962,10813358956028727,10813358956036818,10813358956054562,10813358956060609,10813358956066998,10813358956067963,10813358958537854,N/A,10813359066912901,10813359066918010,10813358924578628,32313.296,824.574,36.036,0.965,0.965,10813358954586417,False,33174.871,34.701,19518.406,823.283,11194.173,573.925,12.436,6.389,2469.891,0.0,0.0,0.0,0.965,False,True,False,0,0,0,0,0,0,140329142072080,0,135087536,2,previous_put_or_self_copy,False
13242,all_to_one_like,0,1,normal,2,2,2,512,10813358922928593,10813358922994468,10813358923181508,10813358923208814,10813358959743656,10813358959848442,10813358959928352,10813358972670334,10813358959993844,10813358972711924,10813358973476847,10813358973473099,10813358973480486,10813358973496224,10813358973501691,10813358973508300,10813358973508729,10813358975416432,N/A,10813359066920057,10813359066925182,10813358924578628,49488.826,806.513,31.453,0.429,0.429,10813358972047971,False,50327.221,27.306,36719.538,837.451,11172.297,579.237,12.076,6.609,1907.703,0.0,0.0,0.0,0.429,False,True,False,0,0,0,0,0,0,140329142059984,0,135087536,3,previous_put_or_self_copy,False
13242,all_to_one_like,0,1,normal,3,3,3,512,10813358923209474,10813358923270916,10813358923451044,10813358923477162,10813358977052826,10813358977179617,10813358977259429,10813358989987945,10813358977329393,10813358990029810,10813358990780405,10813358990777301,10813358990785819,10813358990801792,10813358990807112,10813358990813584,10813358990814323,10813358993250416,N/A,10813359066927229,10813359066932354,10813358924578628,66536.901,792.46,33.179,0.739,0.739,10813358989386398,False,67363.279,26.118,53782.267,832.227,11182.423,558.901,11.792,6.472,2436.093,0.0,0.0,0.0,0.739,False,True,False,0,0,0,0,0,0,140329142061440,0,135087536,4,previous_put_or_self_copy,False
13242,all_to_one_like,0,1,normal,4,4,4,512,10813358923477523,10813358923545092,10813358923740004,10813358923771860,10813358994609489,10813358994754939,10813358994837018,10813359007606454,10813358994905251,10813359007649775,10813359008431086,10813359008428500,10813359008436023,10813359008451758,10813359008457582,10813359008463696,10813359008465026,10813359010630776,N/A,10813359066934401,10813359066938494,10813358924578628,83866.45,824.632,32.61,1.33,1.33,10813359006981942,False,84725.022,31.856,71065.158,827.598,11203.993,580.899,11.938,6.114,2165.75,0.0,0.0,0.0,1.33,False,True,False,0,0,0,0,0,0,140329142062560,0,135087536,5,previous_put_or_self_copy,False
13242,all_to_one_like,0,1,normal,5,5,5,512,10813358923772309,10813358923842276,10813358924052484,10813358924079176,10813359012146832,10813359012304976,10813359012383919,10813359025217271,10813359012445795,10813359025262583,10813359026075632,10813359026072092,10813359026079682,10813359026096046,10813359026101710,10813359026108510,10813359026108526,10813359027995776,N/A,10813359066941573,10813359066945666,10813358924578628,101164.787,858.361,32.878,0.016,0.016,10813359024522544,False,102056.042,26.692,88304.743,829.622,11204.249,649.475,12.464,6.8,1887.25,0.0,0.0,0.0,0.016,False,True,False,0,0,0,0,0,0,140329142063680,0,135087536,6,previous_put_or_self_copy,False
13242,all_to_one_like,0,1,normal,6,7,6+7,1024,10813358924342857,10813358924400324,10813358924578628,10813358924603282,10813359033263924,10813359033571622,10813359033652365,10813359059307585,10813359033722866,10813359059363825,10813359060720621,10813359060717788,10813359060726532,10813359060744866,10813359060750638,10813359060758915,10813359060758651,10813359066903682,N/A,10813359066947698,10813359066951807,10813358924578628,134728.957,1413.036,38.294,0.0,-0.264,10813359057963140,False,136180.023,24.654,109049.083,1636.607,22553.969,1295.782,14.049,8.277,6145.031,0.0,0.0,0.0,0.0,False,True,False,0,0,0,0,0,0,140329142065472,0,135087536,7,previous_put_or_self_copy,False
13242,zero_sized_pair,0,1,normal,0,0,0,512,10813360162605816,10813360162763898,10813360163172314,10813360163250527,10813360167375802,10813360167452226,10813360167544391,10813360180386021,10813360167643337,10813360180432971,10813360181253192,10813360181245417,10813360181255203,10813360181274795,10813360181280566,10813360181287624,10813360181287959,10813360181303318,N/A,10813360304426014,10813360304435217,10813360168030842,17213.707,867.171,34.432,0.335,0.335,10813360179724108,False,18115.645,78.213,4293.864,867.226,11148.515,606.35,12.829,7.058,15.359,0.0,0.0,0.0,0.335,False,True,False,0,0,0,0,0,0,140328259588896,0,135087536,1,origin_event,False
13242,zero_sized_pair,0,1,normal,1,1,1,512,10813360163241404,10813360165580858,10813360165912890,10813360165949994,10813360185035213,10813360185128037,10813360185210749,10813360198087417,10813360185281722,10813360198134860,10813360198920268,10813360198912664,10813360198922133,10813360198940348,10813360198946180,10813360198952789,10813360198952982,10813360198967318,N/A,10813360304443405,10813360304448545,10813360168030842,32174.527,832.851,32.521,0.193,0.193,10813360197414430,False,33040.092,37.104,19260.755,819.469,11263.348,620.399,12.441,6.609,14.336,0.0,0.0,0.0,0.193,False,True,False,0,0,0,0,0,0,140328259590016,0,135087536,2,previous_put_or_self_copy,False
13242,zero_sized_pair,0,1,normal,2,2,2,512,10813360165950669,10813360166012346,10813360166201562,10813360166231153,10813360202666650,10813360202775836,10813360202858045,10813360215698504,10813360202924816,10813360215746638,10813360216541255,10813360216532855,10813360216540975,10813360216557543,10813360216562787,10813360216569237,10813360216569873,10813360216584217,N/A,10813360304455701,10813360304460826,10813360168030842,49496.942,842.751,27.982,0.636,0.636,10813360214960709,False,50368.311,29.591,36626.892,820.972,11169.533,595.43,11.694,6.45,14.344,0.0,0.0,0.0,0.636,False,True,False,0,0,0,0,0,0,140328259591136,0,135087536,3,previous_put_or_self_copy,False
13242,zero_sized_pair,0,1,normal,3,3,3,512,10813360166232006,10813360166294266,10813360166480602,10813360166508982,10813360220239198,10813360220364972,10813360220446496,10813360233183399,10813360220513661,10813360233230418,10813360233994319,10813360233985393,10813360233993501,10813360234008591,10813360234013939,10813360234020788,10813360234020889,10813360234035217,N/A,10813360304467998,10813360304473123,10813360168030842,66702.797,810.92,26.469,0.101,0.101,10813360232546884,False,67540.287,28.38,53937.514,819.429,11167.763,586.599,12.197,6.849,14.328,0.0,0.0,0.0,0.101,False,True,False,0,0,0,0,0,0,140328260076160,0,135087536,4,previous_put_or_self_copy,False
13242,zero_sized_pair,0,1,normal,4,4,4,512,10813360166509717,10813360166567386,10813360166766650,10813360166796899,10813360237773885,10813360237914158,10813360237992999,10813360250769679,10813360238058503,10813360250814540,10813360251577419,10813360251569270,10813360251577910,10813360251593048,10813360251598892,10813360251604733,10813360251606045,10813360251619342,N/A,10813360304480280,10813360304484373,10813360168030842,84003.029,807.74,27.314,1.312,1.312,10813360250117526,False,84839.395,30.249,71196.1,825.526,11189.002,601.478,11.685,5.841,13.297,0.0,0.0,0.0,1.312,False,True,False,0,0,0,0,0,0,140328260077280,0,135087536,5,previous_put_or_self_copy,False
13242,zero_sized_pair,0,1,normal,5,5,5,512,10813360166797300,10813360166859834,10813360167046906,10813360167074633,10813360255325708,10813360255485680,10813360255565792,10813360268314948,10813360255635565,10813360268360774,10813360269125713,10813360269117296,10813360269125124,10813360269140946,10813360269146084,10813360269152574,10813360269153310,10813360269168654,N/A,10813360304492576,10813360304497685,10813360168030842,101268.042,810.765,26.861,0.736,0.736,10813360267680255,False,102106.404,27.727,88491.159,843.28,11155.719,585.044,11.628,6.49,15.344,0.0,0.0,0.0,0.736,False,True,False,0,0,0,0,0,0,140328260078400,0,135087536,6,previous_put_or_self_copy,False
13242,zero_sized_pair,0,1,normal,6,7,6+7,1024,10813360167760648,10813360167823258,10813360168030842,10813360168058846,10813360276887921,10813360277198075,10813360277277593,10813360302888918,10813360277347429,10813360302944331,10813360304271434,10813360304258022,10813360304267210,10813360304283807,10813360304288879,10813360304297441,10813360304295967,10813360304313373,N/A,10813360304504858,10813360317928467,10813360168030842,134858.076,1382.516,26.007,0.0,-1.474,10813360301541158,False,136265.125,28.004,109218.747,1629.744,22515.112,1293.159,13.634,8.562,17.406,0.0,0.0,0.0,0.0,False,True,False,0,0,0,0,0,0,140328260080192,0,135087536,7,previous_put_or_self_copy,False
13242,multiple_progressive_shards,0,1,normal,0,0,0,128,10813361457875243,10813361458053600,10813361458509984,10813361458591563,10813361459906675,10813361459987942,10813361460109746,10813361463565070,10813361460198580,10813361463609618,10813361464130835,10813361464127195,10813361464136100,10813361464156581,10813361464162360,10813361464169438,10813361464169370,10813361464372120,N/A,10813361611844510,10813361611849635,10813361462607104,5055.086,565.765,38.603,0.0,-0.068,10813361463377870,False,5659.386,81.579,1518.183,239.222,2884.511,131.317,12.857,7.078,202.75,0.0,0.0,0.0,0.0,False,True,False,0,0,0,0,0,0,140328259751056,0,135087536,1,origin_event,False
13242,multiple_progressive_shards,0,1,normal,1,1,1,256,10813361458586491,10813361459371520,10813361460299648,10813361460341035,10813361467649489,10813361467802222,10813361467932283,10813361475088411,10813361468015915,10813361475129614,10813361475816718,10813361475813419,10813361475820393,10813361475835823,10813361475841483,10813361475848289,10813361475849104,10813361476250510,N/A,10813361611851667,10813361611856792,10813361462607104,14788.763,728.307,31.571,0.815,0.815,10813361474739656,False,15549.456,41.387,7591.248,884.315,5714.104,299.406,12.466,6.806,401.406,0.0,0.0,0.0,0.815,False,True,False,0,0,0,0,0,0,140328259750496,0,135087536,2,previous_put_or_self_copy,False
13242,multiple_progressive_shards,0,1,normal,2,2,2,384,10813361460341861,10813361460437600,10813361460907296,10813361460941914,10813361478752196,10813361478868029,10813361478959213,10813361488758476,10813361479023222,10813361488798987,10813361489589514,10813361489585908,10813361489593037,10813361489608649,10813361489613966,10813361489620438,10813361489620885,10813361490286479,N/A,10813361611858855,10813361611863948,10813361462607104,27851.18,831.038,30.924,0.447,0.447,10813361488235551,False,28713.589,34.618,18017.299,615.59,8543.563,475.22,11.789,6.472,665.594,0.0,0.0,0.0,0.447,False,True,False,0,0,0,0,0,0,140328259749712,0,135087536,3,previous_put_or_self_copy,False
13242,multiple_progressive_shards,0,1,normal,3,3,3,512,10813361460942569,10813361461015936,10813361461225184,10813361461246240,10813361493569234,10813361493685115,10813361493780577,10813361506620948,10813361493842333,10813361506664725,10813361507590415,10813361507587029,10813361507594276,10813361507609781,10813361507614640,10813361507621322,10813361507621776,10813361508395932,N/A,10813361611865979,10813361611870104,10813361462607104,45395.764,969.467,30.907,0.454,0.454,10813361505926702,False,46396.592,21.056,32534.337,824.752,11215.98,644.713,11.541,6.682,774.156,0.0,0.0,0.0,0.454,False,True,False,0,0,0,0,0,0,140328259748592,0,135087536,4,previous_put_or_self_copy,False
13242,multiple_progressive_shards,0,1,normal,4,4,4,640,10813361461246886,10813361461314208,10813361461551904,10813361461575125,10813361512305718,10813361512431859,10813361512523121,10813361528528499,10813361512593567,10813361528573203,10813361529598227,10813361529595067,10813361529602595,10813361529618521,10813361529624461,10813361529632017,10813361529631635,10813361530490776,N/A,10813361611872167,10813361611877260,10813361462607104,66976.595,1069.728,33.79,0.0,-0.382,10813361527675158,False,68079.731,23.221,50947.996,1024.524,14012.037,801.911,13.496,7.556,859.141,0.0,0.0,0.0,0.0,False,True,False,0,0,0,0,0,0,140328259752960,0,135087536,5,previous_put_or_self_copy,False
13242,multiple_progressive_shards,0,1,normal,5,5,5,768,10813361461576050,10813361461650784,10813361461922048,10813361461951404,10813361535176598,10813361535324096,10813361535426758,10813361554586533,10813361535498598,10813361554631949,10813361555808524,10813361555804721,10813361555812207,10813361555829206,10813361555833976,10813361555840827,10813361555841948,10813361557479323,N/A,10813361611879324,10813361611883417,10813361462607104,92664.485,1221.991,32.303,1.121,1.121,10813361553598804,False,93919.9,29.356,73475.354,1236.636,16815.386,935.245,11.621,6.851,1637.375,0.0,0.0,0.0,1.121,False,True,False,0,0,0,0,0,0,140328259755648,0,135087536,6,previous_put_or_self_copy,False
13242,multiple_progressive_shards,0,1,normal,6,7,6+7,1408,10813361462275604,10813361462351904,10813361462607104,10813361462633576,10813361567846762,10813361568219099,10813361568325645,10813361605744475,10813361568417993,10813361605855506,10813361607822608,10813361607819325,10813361607833573,10813361607865081,10813361607871042,10813361607880119,10813361607878542,10813361611826073,N/A,10813361611886479,10813361618548635,10813361462607104,143137.371,2078.133,57.511,0.0,-1.577,10813361603777825,False,145271.438,26.472,105692.069,4215.143,31060.432,1876.889,15.038,9.077,3947.531,0.0,0.0,0.0,0.0,False,True,False,0,0,0,0,0,0,140328259756096,0,135087536,7,previous_put_or_self_copy,False
