seed,family,job,arm,backend,mode,descriptor_index,chunk_ids,tokens,ready_skew_us,issue_skew_us,gpu_start_skew_us,ready_to_issue_us,issue_to_gpu_start_us,ready_to_gpu_start_us,gpu_comm_envelope_us,gpu_kernel_duration_us,router_overlap_us,router_overlap,rank_issues_before_final_router
13042,all_to_one_like,0,NCCL-D,nccl,D,0,0,512,0.735,188.705,294.646,129326.245,143.6685,129469.9135,338.256,134.438,0.0,False,0
13042,all_to_one_like,0,NCCL-D,nccl,D,1,1,512,8.414,132.581,308.9,153247.8875,155.2345,153403.122,311.876,68.649,0.0,False,0
13042,all_to_one_like,0,NCCL-D,nccl,D,2,2,512,22.884,127.217,313.158,179058.6445,155.7345,179214.37900000002,316.226,79.21600000000001,0.0,False,0
13042,all_to_one_like,0,NCCL-D,nccl,D,3,3,512,10.587,130.325,317.736,204700.756,156.1145,204856.87050000002,320.878,63.071,0.0,False,0
13042,all_to_one_like,0,NCCL-D,nccl,D,4,4,512,2.964,127.634,315.554,230610.65,156.105,230766.755,318.574,64.803,0.0,False,0
13042,all_to_one_like,0,NCCL-D,nccl,D,5,5,512,31.609,126.002,313.83,255856.7955,156.402,256013.1975,325.548,67.352,0.0,False,0
13042,all_to_one_like,0,NCCL-D,nccl,D,6,6+7,1024,9.096,132.968,653.186,281364.101,325.665,281689.766,656.176,62.607,0.0,False,0
13042,all_to_one_like,0,NCCL-P,nccl,P,0,0,512,1221.168,1419.49,1429.216,16499.701,223.654,16723.355,1432.576,17.936,0.0,False,0
13042,all_to_one_like,0,NCCL-P,nccl,P,1,1,512,1094.825,11927.636,12081.346,50576.7235,149.998,50726.7215,12104.864,86.767,0.0,False,0
13042,all_to_one_like,0,NCCL-P,nccl,P,2,2,512,1092.319,11936.871,12097.342,92143.881,152.7495,92296.6305,12100.316,73.821,0.0,False,0
13042,all_to_one_like,0,NCCL-P,nccl,P,3,3,512,1088.833,11919.356,12088.218,133625.5115,151.475,133776.9865,12110.754,84.709,0.0,False,0
13042,all_to_one_like,0,NCCL-P,nccl,P,4,4,512,1121.476,12829.76,12994.376,175793.267,149.894,175943.161,12997.382,77.599,0.0,False,0
13042,all_to_one_like,0,NCCL-P,nccl,P,5,5,512,1050.232,11926.199,12087.834,217307.52250000002,153.3015,217460.824,12105.734,77.50800000000001,0.0,False,0
13042,all_to_one_like,0,NCCL-P,nccl,P,6,6+7,1024,1192.444,24980.717,25475.072,268339.43350000004,317.7255,268657.159,25478.186,76.294,0.0,False,0
13042,all_to_one_like,0,MSCCLPP-D,mscclpp,D,0,0,512,1910.247,620.557,642.598,125988.17,1126.0455000000002,127114.2155,2549.766,1309.6955,0.0,False,0
13042,all_to_one_like,0,MSCCLPP-D,mscclpp,D,1,1,512,1816.982,637.772,774.606,125046.68900000001,1623.584,126670.273,3143.122,1234.938,0.0,False,0
13042,all_to_one_like,0,MSCCLPP-D,mscclpp,D,2,2,512,1824.142,764.391,2014.684,127053.0875,1518.8815,128571.96900000001,4632.043,1340.422,0.0,False,0
13042,all_to_one_like,0,MSCCLPP-D,mscclpp,D,3,3,512,1806.62,2017.255,3559.902,128923.9235,1616.5585,130540.48199999999,6271.449,1376.7655,0.0,False,0
13042,all_to_one_like,0,MSCCLPP-D,mscclpp,D,4,4,512,1789.24,3550.61,5200.34,130907.432,1685.49,132592.92200000002,8523.215,1699.3205,0.0,False,0
13042,all_to_one_like,0,MSCCLPP-D,mscclpp,D,5,5,512,2285.945,5197.254,7453.152,132713.1325,1992.4859999999999,134705.6185,10386.918,1502.7265,0.0,False,0
13042,all_to_one_like,0,MSCCLPP-D,mscclpp,D,6,6+7,1024,2391.773,7408.923,8365.543,135171.436,1890.0259999999998,137061.462,15289.824,3514.8825,0.0,False,0
13042,all_to_one_like,0,MSCCLPP-P,mscclpp,P,0,0,512,2604.072,3339.585,3296.874,17042.8015,1034.8445000000002,18077.646,5377.64,1050.1135,0.0,False,0
13042,all_to_one_like,0,MSCCLPP-P,mscclpp,P,1,1,512,2582.224,3244.959,3123.819,31527.4555,975.799,32503.254500000003,6819.429,1856.0,0.0,False,0
13042,all_to_one_like,0,MSCCLPP-P,mscclpp,P,2,2,512,2590.606,3090.596,2994.796,48413.502,951.994,49365.496,6458.983,1740.7965,0.0,False,0
13042,all_to_one_like,0,MSCCLPP-P,mscclpp,P,3,3,512,2599.529,2930.114,2795.124,65248.8055,966.352,66215.1575,5161.577,1192.445,0.0,False,0
13042,all_to_one_like,0,MSCCLPP-P,mscclpp,P,4,4,512,2594.192,2835.221,2693.734,82206.8615,950.4185,83157.28,5180.015,1251.336,0.0,False,0
13042,all_to_one_like,0,MSCCLPP-P,mscclpp,P,5,5,512,2128.688,2636.117,2521.703,98830.5085,914.781,99745.28950000001,5429.859,1462.2735,0.0,False,0
13042,all_to_one_like,0,MSCCLPP-P,mscclpp,P,6,6+7,1024,1962.651,4342.017,4189.796,131836.908,1553.5805,133390.48849999998,12954.202,4390.906000000001,0.0,False,0
13042,all_to_one_like,1,NCCL-D,nccl,D,0,0,512,1485.31,174.313,279.84,125064.1165,141.6165,125205.73300000001,324.098,138.176,0.0,False,0
13042,all_to_one_like,1,NCCL-D,nccl,D,1,1,512,1502.344,150.013,328.672,148814.66950000002,153.6325,148968.302,331.678,69.985,0.0,False,0
13042,all_to_one_like,1,NCCL-D,nccl,D,2,2,512,1500.344,124.069,310.606,174589.6915,156.67950000000002,174746.37099999998,313.626,65.23,0.0,False,0
13042,all_to_one_like,1,NCCL-D,nccl,D,3,3,512,1526.09,127.76,310.224,204316.354,158.168,204474.522,313.368,63.828,0.0,False,0
13042,all_to_one_like,1,NCCL-D,nccl,D,4,4,512,1528.744,129.055,319.486,234291.5015,155.9845,234447.486,322.492,63.728,0.0,False,0
13042,all_to_one_like,1,NCCL-D,nccl,D,5,5,512,1573.899,122.025,310.774,261818.82400000002,156.6575,261975.4815,383.04,99.411,0.0,False,0
13042,all_to_one_like,1,NCCL-D,nccl,D,6,6+7,1024,1550.302,105.258,611.432,292019.663,332.648,292352.311,614.454,70.252,0.0,False,0
13042,all_to_one_like,1,NCCL-P,nccl,P,0,0,512,1109.994,1048.021,1057.588,16474.5835,219.7865,16694.370000000003,1060.436,25.584,0.0,False,0
13042,all_to_one_like,1,NCCL-P,nccl,P,1,1,512,1091.442,11933.11,12092.33,50586.604,147.75,50734.354,12095.34,72.832,0.0,False,0
13042,all_to_one_like,1,NCCL-P,nccl,P,2,2,512,1098.667,11965.759,12104.332,92130.74799999999,156.9195,92287.66750000001,12107.338,72.479,0.0,False,0
13042,all_to_one_like,1,NCCL-P,nccl,P,3,3,512,1088.395,11929.208,12084.038,133767.28949999998,154.055,133921.3445,12087.12,75.127,0.0,False,0
13042,all_to_one_like,1,NCCL-P,nccl,P,4,4,512,1097.768,11938.258,12105.384,175391.269,151.45100000000002,175542.72,12108.39,69.87,0.0,False,0
13042,all_to_one_like,1,NCCL-P,nccl,P,5,5,512,1082.115,11932.718,12089.882,216442.0145,154.489,216596.5035,12092.858,71.236,0.0,False,0
13042,all_to_one_like,1,NCCL-P,nccl,P,6,6+7,1024,1092.151,24093.836,24595.208,267082.6905,318.617,267401.3075,24598.228,73.135,0.0,False,0
13042,all_to_one_like,1,MSCCLPP-D,mscclpp,D,0,0,512,643.018,159.904,1.369,125082.185,1045.1165,126127.3015,3204.978,1612.5545,0.0,False,0
13042,all_to_one_like,1,MSCCLPP-D,mscclpp,D,1,1,512,610.85,9.439,2076.525,124163.2335,1931.4099999999999,126094.6435,4742.009,1395.203,0.0,False,0
13042,all_to_one_like,1,MSCCLPP-D,mscclpp,D,2,2,512,617.396,2088.046,3678.073,126474.19200000001,1650.8735000000001,128125.0655,5846.901,1118.211,0.0,False,0
13042,all_to_one_like,1,MSCCLPP-D,mscclpp,D,3,3,512,621.433,3685.323,4792.166,128508.636,1411.8475,129920.4835,7882.603,1582.5935,0.0,False,0
13042,all_to_one_like,1,MSCCLPP-D,mscclpp,D,4,4,512,599.223,4825.145,6826.869,130323.217,1833.6889999999999,132156.906,10185.588,1727.4925,0.0,False,0
13042,all_to_one_like,1,MSCCLPP-D,mscclpp,D,5,5,512,598.173,6822.993,9059.181,132056.657,2032.972,134089.62900000002,11981.681,1491.9685,0.0,False,0
13042,all_to_one_like,1,MSCCLPP-D,mscclpp,D,6,6+7,1024,602.196,9069.898,9980.775,134540.665,1853.6924999999999,136394.35749999998,15894.384,3003.9060000000004,0.0,False,0
13042,all_to_one_like,1,MSCCLPP-P,mscclpp,P,0,0,512,390.396,268.356,329.758,16667.519,969.081,17636.6,2868.321,1488.9455,0.0,False,0
13042,all_to_one_like,1,MSCCLPP-P,mscclpp,P,1,1,512,323.532,421.229,553.922,31027.1225,935.4475,31962.57,3651.594,1854.9805000000001,0.0,False,0
13042,all_to_one_like,1,MSCCLPP-P,mscclpp,P,2,2,512,311.45,588.75,709.562,47641.222,912.421,48553.643,3122.18,1602.0549999999998,0.0,False,0
13042,all_to_one_like,1,MSCCLPP-P,mscclpp,P,3,3,512,300.787,738.574,834.499,64394.451499999996,895.3175,65289.769,2506.765,1295.875,0.0,False,0
13042,all_to_one_like,1,MSCCLPP-P,mscclpp,P,4,4,512,276.175,920.368,1006.531,81115.6415,885.1525,82000.794,2759.687,1426.4289999999999,0.0,False,0
13042,all_to_one_like,1,MSCCLPP-P,mscclpp,P,5,5,512,260.421,1068.627,1146.828,97305.251,871.4905,98176.7415,2750.469,1415.164,0.0,False,0
13042,all_to_one_like,1,MSCCLPP-P,mscclpp,P,6,6+7,1024,239.225,845.971,922.562,129636.97200000001,1678.5805,131315.5525,9763.859,4914.1875,0.0,False,0
13042,all_to_one_like,2,NCCL-D,nccl,D,0,0,512,2553.14,180.2,297.844,128296.97899999999,144.611,128441.59,364.57,122.238,0.0,False,0
13042,all_to_one_like,2,NCCL-D,nccl,D,1,1,512,2485.202,148.063,326.532,151823.2935,153.0965,151976.39,329.538,66.642,0.0,False,0
13042,all_to_one_like,2,NCCL-D,nccl,D,2,2,512,2521.515,129.091,314.508,177352.137,155.64350000000002,177507.7805,317.482,69.472,0.0,False,0
13042,all_to_one_like,2,NCCL-D,nccl,D,3,3,512,2532.602,131.522,318.888,202947.883,155.858,203103.741,321.894,70.42,0.0,False,0
13042,all_to_one_like,2,NCCL-D,nccl,D,4,4,512,1983.363,134.685,317.772,228186.78399999999,156.5055,228343.2895,320.81,68.802,0.0,False,0
13042,all_to_one_like,2,NCCL-D,nccl,D,5,5,512,1945.122,124.349,315.042,257730.46250000002,157.26850000000002,257887.731,318.064,65.399,0.0,False,0
13042,all_to_one_like,2,NCCL-D,nccl,D,6,6+7,1024,1846.904,146.255,567.942,284790.6635,373.82750000000004,285164.49100000004,570.962,69.29,0.0,False,0
13042,all_to_one_like,2,NCCL-P,nccl,P,0,0,512,836.836,830.883,839.3,16539.5765,219.89550000000003,16759.472,842.18,11.568,0.0,False,0
13042,all_to_one_like,2,NCCL-P,nccl,P,1,1,512,878.359,11956.655,12109.598,50400.361000000004,143.90050000000002,50544.2615,12160.764,100.719,0.0,False,0
13042,all_to_one_like,2,NCCL-P,nccl,P,2,2,512,852.786,11920.798,12074.27,91988.301,150.501,92138.802,12077.276,79.983,0.0,False,0
13042,all_to_one_like,2,NCCL-P,nccl,P,3,3,512,870.825,11922.738,12084.928,133582.8915,149.796,133732.6875,12088.102,74.417,0.0,False,0
13042,all_to_one_like,2,NCCL-P,nccl,P,4,4,512,904.635,11921.761,12089.368,175235.346,151.6845,175387.0305,12092.388,70.793,0.0,False,0
13042,all_to_one_like,2,NCCL-P,nccl,P,5,5,512,899.955,11935.593,12095.868,216198.161,153.23250000000002,216351.3935,12098.888,71.548,0.0,False,0
13042,all_to_one_like,2,NCCL-P,nccl,P,6,6+7,1024,902.229,23889.374,24391.736,266880.7995,320.9,267201.6995,24394.696,82.077,0.0,False,0
13042,all_to_one_like,2,MSCCLPP-D,mscclpp,D,0,0,512,1003.862,5686.956,5460.691,127839.424,1098.8695,128938.2935,8560.41,1560.102,0.0,False,0
13042,all_to_one_like,2,MSCCLPP-D,mscclpp,D,1,1,512,944.975,5471.305,7379.753,126987.728,1896.1589999999999,128883.88700000002,10753.815,1695.7414999999999,0.0,False,0
13042,all_to_one_like,2,MSCCLPP-D,mscclpp,D,2,2,512,926.746,7370.02,9636.613,129261.893,2025.8345,131287.72749999998,12492.55,1436.664,0.0,False,0
13042,all_to_one_like,2,MSCCLPP-D,mscclpp,D,3,3,512,943.318,9623.843,11406.113,131636.61349999998,1766.022,133402.6355,14053.144,1331.711,0.0,False,0
13042,all_to_one_like,2,MSCCLPP-D,mscclpp,D,4,4,512,937.193,11375.911,12999.44,133782.006,1645.0045,135427.0105,15552.269,1330.1725000000001,0.0,False,0
13042,all_to_one_like,2,MSCCLPP-D,mscclpp,D,5,5,512,936.113,13002.952,14483.206,135338.6385,1602.476,136941.1145,16586.519,1099.2740000000001,0.0,False,0
13042,all_to_one_like,2,MSCCLPP-D,mscclpp,D,6,6+7,1024,903.576,14499.73,14632.738,137298.588,1470.601,138769.189,22542.113,3994.1175,0.0,False,0
13042,all_to_one_like,2,MSCCLPP-P,mscclpp,P,0,0,512,429.659,50.0,68.997,18891.8165,946.9465,19838.763,2941.953,1505.793,0.0,False,0
13042,all_to_one_like,2,MSCCLPP-P,mscclpp,P,1,1,512,382.515,118.629,28.284,33400.623999999996,871.4114999999999,34272.0355,2530.932,1259.519,0.0,False,0
13042,all_to_one_like,2,MSCCLPP-P,mscclpp,P,2,2,512,375.452,81.333,5.745,50104.162500000006,863.596,50967.758499999996,2672.245,1341.4375,0.0,False,0
13042,all_to_one_like,2,MSCCLPP-P,mscclpp,P,3,3,512,380.541,230.105,159.355,66811.053,870.616,67681.669,2820.73,1338.883,0.0,False,0
13042,all_to_one_like,2,MSCCLPP-P,mscclpp,P,4,4,512,391.742,223.845,147.074,83582.97750000001,865.9235,84448.901,2244.23,1056.7735,0.0,False,0
13042,all_to_one_like,2,MSCCLPP-P,mscclpp,P,5,5,512,371.163,214.955,159.354,99845.131,879.1175000000001,100724.2485,3413.62,1635.328,0.0,False,0
13042,all_to_one_like,2,MSCCLPP-P,mscclpp,P,6,6+7,1024,203.891,249.719,124.542,134353.776,1579.1844999999998,135932.9605,7080.573,3486.7185,0.0,False,0
13042,balanced,0,NCCL-D,nccl,D,0,0,512,2063.724,144.446,139.682,162656.76,118.566,162775.326,315.584,177.48899999999998,0.0,False,0
13042,balanced,0,NCCL-D,nccl,D,1,1,512,2222.076,132.056,306.394,175408.497,163.04500000000002,175571.54200000002,309.354,72.571,0.0,False,0
13042,balanced,0,NCCL-D,nccl,D,2,2,512,2166.481,116.291,303.502,192647.386,165.8965,192813.2825,306.522,66.81800000000001,0.0,False,0
13042,balanced,0,NCCL-D,nccl,D,3,3,512,2138.626,117.765,283.78,207876.8065,167.8035,208044.61,286.954,67.521,0.0,False,0
13042,balanced,0,NCCL-D,nccl,D,4,4,512,2149.364,111.974,298.434,226008.939,167.04399999999998,226175.983,301.394,65.185,0.0,False,0
13042,balanced,0,NCCL-D,nccl,D,5,5,512,2068.898,114.561,299.162,242575.9645,169.21749999999997,242745.182,302.274,66.02499999999999,0.0,False,0
13042,balanced,0,NCCL-D,nccl,D,6,6+7,1024,2080.77,114.516,641.636,259477.315,336.392,259813.707,644.748,67.50399999999999,0.0,False,0
13042,balanced,0,NCCL-P,nccl,P,0,0,512,1087.83,857.874,864.076,17169.927,225.61599999999999,17395.542999999998,867.18,8.992,0.0,False,0
13042,balanced,0,NCCL-P,nccl,P,1,1,512,1012.009,1544.74,1530.382,45089.5965,227.423,45317.019499999995,1533.488,3.058,0.0,False,0
13042,balanced,0,NCCL-P,nccl,P,2,2,512,998.782,686.814,687.376,75463.302,235.946,75699.24799999999,690.39,3.0599999999999996,0.0,False,0
13042,balanced,0,NCCL-P,nccl,P,3,3,512,964.902,204.842,206.616,105326.236,236.878,105563.114,209.622,3.0709999999999997,0.0,False,0
13042,balanced,0,NCCL-P,nccl,P,4,4,512,935.917,4375.078,4377.166,136341.1335,240.26100000000002,136581.3945,4380.186,3.074,0.0,False,0
13042,balanced,0,NCCL-P,nccl,P,5,5,512,930.63,895.835,893.618,168654.5485,239.6485,168894.197,897.006,3.197,0.0,False,0
13042,balanced,0,NCCL-P,nccl,P,6,6+7,1024,986.635,180.988,179.532,217476.46250000002,574.383,218050.8455,182.706,3.135,0.0,False,0
13042,balanced,0,MSCCLPP-D,mscclpp,D,0,0,512,889.538,617.609,468.011,129225.97750000001,1705.253,130931.2305,1355.87,1119.2495000000001,0.0,False,0
13042,balanced,0,MSCCLPP-D,mscclpp,D,1,1,512,815.84,544.783,280.667,129182.4495,1491.993,130674.4425,1294.344,935.4375,0.0,False,0
13042,balanced,0,MSCCLPP-D,mscclpp,D,2,2,512,827.91,348.704,286.614,130965.666,1638.201,132603.867,1899.516,1404.93,0.0,False,0
13042,balanced,0,MSCCLPP-D,mscclpp,D,3,3,512,813.975,220.329,353.37,132840.882,1822.7215,134663.6035,2192.391,1673.7350000000001,0.0,False,0
13042,balanced,0,MSCCLPP-D,mscclpp,D,4,4,512,800.038,412.828,521.114,134952.677,2077.772,137030.449,1564.656,1296.375,0.0,False,0
13042,balanced,0,MSCCLPP-D,mscclpp,D,5,5,512,789.771,453.924,254.88,137317.5915,1682.596,139000.1875,1498.11,1004.5395,0.0,False,0
13042,balanced,0,MSCCLPP-D,mscclpp,D,6,6+7,1024,730.625,146.958,241.551,139513.04249999998,2320.8945,141833.93699999998,3107.828,2220.5389999999998,0.0,False,0
13042,balanced,0,MSCCLPP-P,mscclpp,P,0,0,512,423.488,51.465,123.167,17595.9735,1509.955,19105.9285,971.034,788.992,0.0,False,0
13042,balanced,0,MSCCLPP-P,mscclpp,P,1,1,512,292.542,42.933,126.229,33253.4375,1428.096,34681.533500000005,923.648,728.066,0.0,False,0
13042,balanced,0,MSCCLPP-P,mscclpp,P,2,2,512,194.443,7.476,64.783,51109.3125,1442.6075,52551.92,889.112,770.5625,0.0,False,0
13042,balanced,0,MSCCLPP-P,mscclpp,P,3,3,512,102.581,106.75,4.841,68875.0745,1416.9165,70291.99100000001,1150.7,925.1869999999999,0.0,False,0
13042,balanced,0,MSCCLPP-P,mscclpp,P,4,4,512,33.152,50.132,14.612,86979.182,1418.3580000000002,88397.54000000001,1082.659,979.469,0.0,False,0
13042,balanced,0,MSCCLPP-P,mscclpp,P,5,5,512,462.858,132.2,49.903,104630.661,1437.7215,106068.3825,624.656,562.1875,0.0,False,0
13042,balanced,0,MSCCLPP-P,mscclpp,P,6,6+7,1024,101.788,190.618,74.466,140028.878,2449.831,142478.709,2241.531,2202.617,0.0,False,0
13042,balanced,1,NCCL-D,nccl,D,0,0,512,1067.189,178.738,295.256,130443.5875,142.269,130585.8565,321.942,96.938,0.0,False,0
13042,balanced,1,NCCL-D,nccl,D,1,1,512,1054.746,132.978,307.71,142265.16,152.799,142417.959,310.854,75.08800000000001,0.0,False,0
13042,balanced,1,NCCL-D,nccl,D,2,2,512,1059.685,98.811,105.638,155828.014,249.0245,156077.03850000002,108.644,3.0519999999999996,0.0,False,0
13042,balanced,1,NCCL-D,nccl,D,3,3,512,1060.969,14.41,13.076,169235.3875,252.224,169487.6115,16.188,3.059,0.0,False,0
13042,balanced,1,NCCL-D,nccl,D,4,4,512,1056.641,116.591,299.802,183203.275,161.5375,183364.8125,303.22,66.70400000000001,0.0,False,0
13042,balanced,1,NCCL-D,nccl,D,5,5,512,1049.84,126.145,304.614,197142.4315,156.4675,197298.89899999998,307.62,63.973,0.0,False,0
13042,balanced,1,NCCL-D,nccl,D,6,6+7,1024,1090.342,103.765,325.286,210066.3675,477.6245,210543.992,328.384,3.0679999999999996,0.0,False,0
13042,balanced,1,NCCL-P,nccl,P,0,0,512,1013.754,940.646,946.464,17443.659,211.752,17655.411,967.456,35.472,0.0,False,0
13042,balanced,1,NCCL-P,nccl,P,1,1,512,991.406,1556.545,1556.258,45619.8935,230.4855,45850.379,1559.268,3.058,0.0,False,0
13042,balanced,1,NCCL-P,nccl,P,2,2,512,954.985,128.793,125.19,75975.314,232.7395,76208.05350000001,128.256,3.181,0.0,False,0
13042,balanced,1,NCCL-P,nccl,P,3,3,512,943.222,162.919,168.512,105830.1165,234.9085,106065.025,171.488,3.04,0.0,False,0
13042,balanced,1,NCCL-P,nccl,P,4,4,512,960.167,1080.224,1082.434,135703.6825,235.065,135938.7475,1085.546,3.044,0.0,False,0
13042,balanced,1,NCCL-P,nccl,P,5,5,512,952.145,862.688,864.924,165996.3765,236.417,166232.7935,867.93,3.0519999999999996,0.0,False,0
13042,balanced,1,NCCL-P,nccl,P,6,6+7,1024,950.762,5211.023,5217.082,214150.49349999998,565.1514999999999,214715.64500000002,5220.102,3.059,0.0,False,0
13042,balanced,1,MSCCLPP-D,mscclpp,D,0,0,512,1132.691,369.742,279.311,129892.79550000001,1616.9875,131509.783,1565.873,1244.367,0.0,False,0
13042,balanced,1,MSCCLPP-D,mscclpp,D,1,1,512,1076.014,351.696,194.733,129533.287,1660.3494999999998,131193.6365,1238.186,878.078,0.0,False,0
13042,balanced,1,MSCCLPP-D,mscclpp,D,2,2,512,1085.763,270.004,370.873,131505.6595,1506.0935,133011.753,1437.687,985.078,0.0,False,0
13042,balanced,1,MSCCLPP-D,mscclpp,D,3,3,512,1095.31,429.905,39.752,133312.5075,1563.7105000000001,134876.218,800.766,677.375,0.0,False,0
13042,balanced,1,MSCCLPP-D,mscclpp,D,4,4,512,1123.856,28.656,38.06,135114.869,1374.116,136488.985,1202.342,959.9925,0.0,False,0
13042,balanced,1,MSCCLPP-D,mscclpp,D,5,5,512,1095.877,96.477,212.155,136778.211,1514.214,138292.425,1671.172,1183.75,0.0,False,0
13042,balanced,1,MSCCLPP-D,mscclpp,D,6,6+7,1024,1124.907,308.561,59.56,138813.52399999998,2343.0074999999997,141156.53149999998,1861.625,1751.5549999999998,0.0,False,0
13042,balanced,1,MSCCLPP-P,mscclpp,P,0,0,512,29.537,3.691,42.359,17461.373,1485.1370000000002,18946.51,855.422,830.981,0.0,False,0
13042,balanced,1,MSCCLPP-P,mscclpp,P,1,1,512,38.691,52.424,90.484,33220.5445,1411.987,34632.5315,631.156,585.7270000000001,0.0,False,0
13042,balanced,1,MSCCLPP-P,mscclpp,P,2,2,512,10.022,72.173,42.641,51081.760500000004,1417.621,52499.3815,629.766,550.9145,0.0,False,0
13042,balanced,1,MSCCLPP-P,mscclpp,P,3,3,512,9.478,33.066,37.501,68976.143,1413.1405,70389.28349999999,643.063,622.078,0.0,False,0
13042,balanced,1,MSCCLPP-P,mscclpp,P,4,4,512,0.668,155.99,95.891,87138.14199999999,1409.1595,88547.3015,1162.234,989.1714999999999,0.0,False,0
13042,balanced,1,MSCCLPP-P,mscclpp,P,5,5,512,2.472,211.707,232.063,105034.8445,1432.3760000000002,106467.2205,1502.203,1011.711,0.0,False,0
13042,balanced,1,MSCCLPP-P,mscclpp,P,6,6+7,1024,50.285,646.144,511.625,139013.7425,2437.2315,141450.974,3165.187,2715.656,0.0,False,0
13042,balanced,2,NCCL-D,nccl,D,0,0,512,812.645,154.814,272.382,131554.10450000002,144.72,131698.8245,295.376,90.293,0.0,False,0
13042,balanced,2,NCCL-D,nccl,D,1,1,512,703.513,8.022,9.884,142952.9205,244.663,143197.5835,12.95,3.226,0.0,False,0
13042,balanced,2,NCCL-D,nccl,D,2,2,512,674.957,166.813,310.33,158625.146,132.8055,158757.95150000002,313.398,72.45,0.0,False,0
13042,balanced,2,NCCL-D,nccl,D,3,3,512,591.352,117.218,304.554,172129.203,156.732,172285.935,307.528,65.314,0.0,False,0
13042,balanced,2,NCCL-D,nccl,D,4,4,512,626.827,114.686,306.248,185826.3285,155.894,185982.2225,309.224,65.156,0.0,False,0
13042,balanced,2,NCCL-D,nccl,D,5,5,512,625.102,166.666,313.678,201480.065,135.416,201615.481,316.684,66.002,0.0,False,0
13042,balanced,2,NCCL-D,nccl,D,6,6+7,1024,664.072,25.566,26.63,214148.09999999998,591.297,214739.397,29.636,3.0519999999999996,0.0,False,0
13042,balanced,2,NCCL-P,nccl,P,0,0,512,261.038,198.796,201.924,17369.857,225.11,17594.967,205.028,3.152,0.0,False,0
13042,balanced,2,NCCL-P,nccl,P,1,1,512,226.678,49.954,44.574,44958.289000000004,230.172,45188.460999999996,47.648,3.09,0.0,False,0
13042,balanced,2,NCCL-P,nccl,P,2,2,512,205.736,325.53,324.93,74747.783,232.627,74980.41,327.936,3.0549999999999997,0.0,False,0
13042,balanced,2,NCCL-P,nccl,P,3,3,512,197.513,540.661,542.268,104680.825,233.7815,104914.6065,545.282,3.045,0.0,False,0
13042,balanced,2,NCCL-P,nccl,P,4,4,512,190.432,400.934,401.764,134808.802,234.67700000000002,135043.479,404.8,3.059,0.0,False,0
13042,balanced,2,NCCL-P,nccl,P,5,5,512,185.924,139.674,137.42,165089.862,235.358,165325.22,140.488,3.037,0.0,False,0
13042,balanced,2,NCCL-P,nccl,P,6,6+7,1024,217.576,189.547,187.194,209989.4185,565.7685,210555.187,190.306,3.044,0.0,False,0
13042,balanced,2,MSCCLPP-D,mscclpp,D,0,0,512,1444.19,1574.324,1433.737,130019.014,1626.0265,131645.0405,2541.221,1006.3515,0.0,False,0
13042,balanced,2,MSCCLPP-D,mscclpp,D,1,1,512,1275.634,1500.804,1441.44,129582.095,1571.422,131153.517,3411.612,1265.1565,0.0,False,0
13042,balanced,2,MSCCLPP-D,mscclpp,D,2,2,512,1178.397,1510.749,2329.253,131406.521,1793.9990000000003,133200.52000000002,3173.034,737.2815,0.0,False,0
13042,balanced,2,MSCCLPP-D,mscclpp,D,3,3,512,1044.713,2396.264,2453.158,133434.46649999998,1400.7649999999999,134835.2315,3254.94,1247.2265,0.0,False,0
13042,balanced,2,MSCCLPP-D,mscclpp,D,4,4,512,1008.917,2521.66,1860.253,135070.27850000001,1714.9535,136785.23200000002,2704.034,726.0235,0.0,False,0
13042,balanced,2,MSCCLPP-D,mscclpp,D,5,5,512,501.548,1928.108,1987.221,136841.038,1396.7265,138237.7645,2971.299,732.6795,0.0,False,0
13042,balanced,2,MSCCLPP-D,mscclpp,D,6,6+7,1024,753.782,2045.341,1984.174,138860.0755,2318.7595,141178.835,4275.877,2971.1324999999997,0.0,False,0
13042,balanced,2,MSCCLPP-P,mscclpp,P,0,0,512,834.27,910.443,860.606,17488.298499999997,1516.5485,19004.847,1725.445,1292.801,0.0,False,0
13042,balanced,2,MSCCLPP-P,mscclpp,P,1,1,512,751.956,1045.085,992.709,33148.9415,1452.145,34601.086500000005,1994.17,1121.7894999999999,0.0,False,0
13042,balanced,2,MSCCLPP-P,mscclpp,P,2,2,512,749.238,909.805,847.287,51254.2895,1460.5720000000001,52714.8615,1350.068,637.4335,0.0,False,0
13042,balanced,2,MSCCLPP-P,mscclpp,P,3,3,512,706.17,802.627,735.67,69210.0545,1447.6855,70657.74,1566.138,982.0155,0.0,False,0
13042,balanced,2,MSCCLPP-P,mscclpp,P,4,4,512,677.538,830.324,731.575,87162.63,1462.5205,88625.15049999999,1526.2,890.8824999999999,0.0,False,0
13042,balanced,2,MSCCLPP-P,mscclpp,P,5,5,512,689.053,733.232,672.185,105634.7265,1450.6745,107085.40100000001,1136.06,577.5315,0.0,False,0
13042,balanced,2,MSCCLPP-P,mscclpp,P,6,6+7,1024,668.145,635.506,550.326,139875.7905,2503.348,142379.1385,3877.341,3122.1949999999997,0.0,False,0
13042,multiple_progressive_shards,0,NCCL-D,nccl,D,0,0,128,986.14,176.703,171.3,132411.7035,86.98949999999999,132498.693,358.114,178.917,0.0,False,0
13042,multiple_progressive_shards,0,NCCL-D,nccl,D,1,1,256,906.725,69.991,70.592,135501.16999999998,87.0965,135588.2665,185.018,114.777,0.0,False,0
13042,multiple_progressive_shards,0,NCCL-D,nccl,D,2,2,384,899.396,116.696,205.998,141778.776,130.52100000000002,141909.29700000002,221.684,73.501,0.0,False,0
13042,multiple_progressive_shards,0,NCCL-D,nccl,D,3,3,512,866.38,117.507,305.186,152531.9725,165.1225,152697.095,307.994,65.079,0.0,False,0
13042,multiple_progressive_shards,0,NCCL-D,nccl,D,4,4,640,860.533,126.933,381.948,167021.978,203.5395,167225.51750000002,385.062,69.413,0.0,False,0
13042,multiple_progressive_shards,0,NCCL-D,nccl,D,5,5,768,872.432,84.295,85.058,183681.3005,426.64549999999997,184107.946,88.156,3.105,0.0,False,0
13042,multiple_progressive_shards,0,NCCL-D,nccl,D,6,6+7,1408,850.888,120.979,899.39,208586.81650000002,459.2195,209046.036,902.488,66.414,0.0,False,0
13042,multiple_progressive_shards,0,NCCL-P,nccl,P,0,0,128,348.352,207.925,207.376,5513.2665,63.9995,5577.266,350.704,149.98399999999998,0.0,False,0
13042,multiple_progressive_shards,0,NCCL-P,nccl,P,1,1,256,276.946,129.089,128.304,17135.6815,68.7715,17204.453,270.352,133.84,0.0,False,0
13042,multiple_progressive_shards,0,NCCL-P,nccl,P,2,2,384,278.9,430.776,429.394,35454.151,155.377,35609.528000000006,473.428,41.762,0.0,False,0
13042,multiple_progressive_shards,0,NCCL-P,nccl,P,3,3,512,276.02,38.35,42.358,61577.272,236.51999999999998,61813.792,45.144,2.9299999999999997,0.0,False,0
13042,multiple_progressive_shards,0,NCCL-P,nccl,P,4,4,640,258.364,2181.086,2180.014,94965.30600000001,319.061,95284.367,2183.41,3.17,0.0,False,0
13042,multiple_progressive_shards,0,NCCL-P,nccl,P,5,5,768,244.013,1196.734,1200.662,136578.1005,396.865,136974.9655,1203.728,2.9299999999999997,0.0,False,0
13042,multiple_progressive_shards,0,NCCL-P,nccl,P,6,6+7,1408,218.892,1663.409,1666.038,200550.0705,800.8955000000001,201350.96600000001,1669.106,2.915,0.0,False,0
13042,multiple_progressive_shards,0,MSCCLPP-D,mscclpp,D,0,0,128,237.969,31.674,65.71,128436.3635,750.946,129187.3095,265.382,228.461,0.0,False,0
13042,multiple_progressive_shards,0,MSCCLPP-D,mscclpp,D,1,1,256,206.899,58.682,40.009,128553.7625,765.7185,129319.481,499.79,478.2185,0.0,False,0
13042,multiple_progressive_shards,0,MSCCLPP-D,mscclpp,D,2,2,384,188.886,114.989,69.697,129173.5295,805.944,129979.4735,727.103,690.6869999999999,0.0,False,0
13042,multiple_progressive_shards,0,MSCCLPP-D,mscclpp,D,3,3,512,239.958,161.195,107.587,130390.0685,992.6410000000001,131382.7095,980.984,716.789,0.0,False,0
13042,multiple_progressive_shards,0,MSCCLPP-D,mscclpp,D,4,4,640,237.804,90.266,8.275,132102.778,1119.5935,133222.3715,1379.416,1372.688,0.0,False,0
13042,multiple_progressive_shards,0,MSCCLPP-D,mscclpp,D,5,5,768,252.894,137.013,274.366,134220.1395,1360.0945,135580.234,2579.453,1838.07,0.0,False,0
13042,multiple_progressive_shards,0,MSCCLPP-D,mscclpp,D,6,6+7,1408,264.011,201.677,126.01,137102.267,2015.2165,139117.4835,5063.672,4461.57,0.0,False,0
13042,multiple_progressive_shards,0,MSCCLPP-P,mscclpp,P,0,0,128,376.925,359.996,412.313,4974.0785,612.2415,5586.32,758.423,349.69550000000004,0.0,False,0
13042,multiple_progressive_shards,0,MSCCLPP-P,mscclpp,P,1,1,256,358.118,396.001,474.783,13376.8285,778.1220000000001,14154.950499999999,786.08,358.40650000000005,0.0,False,0
13042,multiple_progressive_shards,0,MSCCLPP-P,mscclpp,P,2,2,384,387.389,427.485,503.454,25853.588,877.5165,26731.1045,1331.868,957.441,0.0,False,0
13042,multiple_progressive_shards,0,MSCCLPP-P,mscclpp,P,3,3,512,365.521,733.015,416.415,45190.894,1482.455,46673.349,1743.867,1368.57,0.0,False,0
13042,multiple_progressive_shards,0,MSCCLPP-P,mscclpp,P,4,4,640,359.852,176.074,234.142,67177.01999999999,1217.652,68394.67199999999,1752.063,1162.75,0.0,False,0
13042,multiple_progressive_shards,0,MSCCLPP-P,mscclpp,P,5,5,768,352.605,102.699,224.923,93219.27600000001,1439.5430000000001,94658.819,1970.188,1712.133,0.0,False,0
13042,multiple_progressive_shards,0,MSCCLPP-P,mscclpp,P,6,6+7,1408,348.855,413.242,415.391,139994.0395,2201.0964999999997,142195.136,5443.578,4661.75,0.0,False,0
13042,multiple_progressive_shards,1,NCCL-D,nccl,D,0,0,128,1367.988,189.176,179.486,130087.02799999999,81.196,130168.224,340.038,165.63299999999998,0.0,False,0
13042,multiple_progressive_shards,1,NCCL-D,nccl,D,1,1,256,1253.99,129.445,141.95,133341.5925,70.5365,133412.12900000002,256.162,122.993,0.0,False,0
13042,multiple_progressive_shards,1,NCCL-D,nccl,D,2,2,384,1093.826,9.593,10.914,139864.2625,166.7165,140030.979,36.258,23.804000000000002,0.0,False,0
13042,multiple_progressive_shards,1,NCCL-D,nccl,D,3,3,512,1127.925,55.525,54.654,149755.98200000002,251.0745,150007.0565,57.722,3.037,0.0,False,0
13042,multiple_progressive_shards,1,NCCL-D,nccl,D,4,4,640,1126.113,123.069,396.36,163733.763,198.4585,163932.22149999999,399.458,65.453,0.0,False,0
13042,multiple_progressive_shards,1,NCCL-D,nccl,D,5,5,768,1128.377,119.858,475.308,181114.7975,240.299,181355.09649999999,478.406,66.54400000000001,0.0,False,0
13042,multiple_progressive_shards,1,NCCL-D,nccl,D,6,6+7,1408,1129.253,111.973,771.778,201130.278,512.4984999999999,201642.77649999998,774.784,5.6610000000000005,0.0,False,0
13042,multiple_progressive_shards,1,NCCL-P,nccl,P,0,0,128,600.403,544.967,545.856,5614.633,65.1935,5679.8265,704.672,172.768,0.0,False,0
13042,multiple_progressive_shards,1,NCCL-P,nccl,P,1,1,256,545.432,239.778,238.784,17504.318,66.275,17570.593,372.128,138.992,0.0,False,0
13042,multiple_progressive_shards,1,NCCL-P,nccl,P,2,2,384,520.524,146.634,149.186,35925.489,155.101,36080.59,194.884,44.337,0.0,False,0
13042,multiple_progressive_shards,1,NCCL-P,nccl,P,3,3,512,515.292,158.601,159.002,62127.803499999995,236.1175,62363.921,162.108,2.96,0.0,False,0
13042,multiple_progressive_shards,1,NCCL-P,nccl,P,4,4,640,503.633,1071.379,1070.822,95373.24600000001,319.8055,95693.0515,1074.178,3.085,0.0,False,0
13042,multiple_progressive_shards,1,NCCL-P,nccl,P,5,5,768,531.9,1823.58,1824.234,136487.491,400.728,136888.21899999998,1827.62,3.089,0.0,False,0
13042,multiple_progressive_shards,1,NCCL-P,nccl,P,6,6+7,1408,545.984,3335.052,3339.69,203762.87300000002,803.6279999999999,204566.501,3342.986,3.0439999999999996,0.0,False,0
13042,multiple_progressive_shards,1,MSCCLPP-D,mscclpp,D,0,0,128,592.618,1521.965,1456.865,129719.18549999999,762.961,130482.1465,1721.068,244.51549999999997,0.0,False,0
13042,multiple_progressive_shards,1,MSCCLPP-D,mscclpp,D,1,1,256,515.612,1319.201,1257.63,129839.12150000001,818.2045,130657.326,1776.802,504.836,0.0,False,0
13042,multiple_progressive_shards,1,MSCCLPP-D,mscclpp,D,2,2,384,501.342,1202.506,1280.146,130477.709,838.7439999999999,131316.45299999998,2935.959,1246.2115000000001,0.0,False,0
13042,multiple_progressive_shards,1,MSCCLPP-D,mscclpp,D,3,3,512,504.022,1196.018,1755.27,131677.33299999998,1287.942,132965.275,4404.364,1856.5155,0.0,False,0
13042,multiple_progressive_shards,1,MSCCLPP-D,mscclpp,D,4,4,640,516.667,1851.367,3235.99,133737.794,1772.6795,135510.4735,4584.599,1330.6875,0.0,False,0
13042,multiple_progressive_shards,1,MSCCLPP-D,mscclpp,D,5,5,768,528.231,3128.195,3344.552,136378.363,1345.8785,137724.2415,6854.817,2835.9685,0.0,False,0
13042,multiple_progressive_shards,1,MSCCLPP-D,mscclpp,D,6,6+7,1408,540.455,3386.075,4563.099,139238.38400000002,2460.946,141699.33000000002,8030.365,3661.8205,0.0,False,0
13042,multiple_progressive_shards,1,MSCCLPP-P,mscclpp,P,0,0,128,1221.72,1202.647,1115.952,4966.3645,603.9095,5570.274,1252.14,252.4185,0.0,False,0
13042,multiple_progressive_shards,1,MSCCLPP-P,mscclpp,P,1,1,256,1034.402,1156.013,1092.382,13319.9955,761.5385,14081.534,1606.436,379.906,0.0,False,0
13042,multiple_progressive_shards,1,MSCCLPP-P,mscclpp,P,2,2,384,816.28,1128.168,1099.561,25685.693,895.4145,26581.1075,1888.045,716.2925,0.0,False,0
13042,multiple_progressive_shards,1,MSCCLPP-P,mscclpp,P,3,3,512,1063.776,1218.075,1149.726,42720.9325,1066.0414999999998,43786.974,1571.616,879.613,0.0,False,0
13042,multiple_progressive_shards,1,MSCCLPP-P,mscclpp,P,4,4,640,1041.63,1062.805,897.835,66408.82250000001,1293.6399999999999,67702.4625,2324.469,1767.93,0.0,False,0
13042,multiple_progressive_shards,1,MSCCLPP-P,mscclpp,P,5,5,768,1045.77,1157.843,868.132,92742.4045,1511.9715,94254.376,2612.219,2085.375,0.0,False,0
13042,multiple_progressive_shards,1,MSCCLPP-P,mscclpp,P,6,6+7,1408,1060.835,383.162,260.913,139914.9185,2177.6925,142092.61099999998,4492.297,4354.5625,0.0,False,0
13042,multiple_progressive_shards,2,NCCL-D,nccl,D,0,0,128,659.117,190.11,184.236,129371.0465,81.41,129452.4565,340.272,186.577,0.0,False,0
13042,multiple_progressive_shards,2,NCCL-D,nccl,D,1,1,256,567.455,34.847,36.528,132550.543,77.85149999999999,132628.3945,152.144,113.953,0.0,False,0
13042,multiple_progressive_shards,2,NCCL-D,nccl,D,2,2,384,546.042,112.386,220.274,139106.791,113.704,139220.495,244.078,75.77499999999999,0.0,False,0
13042,multiple_progressive_shards,2,NCCL-D,nccl,D,3,3,512,577.919,99.656,285.826,149221.1525,157.24599999999998,149378.3985,288.832,64.315,0.0,False,0
13042,multiple_progressive_shards,2,NCCL-D,nccl,D,4,4,640,589.555,122.453,392.38,163245.874,198.2785,163444.1525,395.478,65.872,0.0,False,0
13042,multiple_progressive_shards,2,NCCL-D,nccl,D,5,5,768,594.112,107.488,248.978,180071.193,349.15999999999997,180420.353,252.014,3.075,0.0,False,0
13042,multiple_progressive_shards,2,NCCL-D,nccl,D,6,6+7,1408,599.611,153.549,927.414,200626.34100000001,452.8665,201079.20750000002,930.62,65.285,0.0,False,0
13042,multiple_progressive_shards,2,NCCL-P,nccl,P,0,0,128,522.147,456.363,455.144,5507.839,64.5145,5572.353499999999,615.016,156.88,0.0,False,0
13042,multiple_progressive_shards,2,NCCL-P,nccl,P,1,1,256,466.557,51.754,48.488,17299.0365,68.756,17367.792500000003,177.736,127.50399999999999,0.0,False,0
13042,multiple_progressive_shards,2,NCCL-P,nccl,P,2,2,384,497.511,485.978,489.628,35684.1655,154.019,35838.1845,541.69,51.857,0.0,False,0
13042,multiple_progressive_shards,2,NCCL-P,nccl,P,3,3,512,509.581,215.483,223.38,61999.407,220.9065,62220.313500000004,226.386,3.0549999999999997,0.0,False,0
13042,multiple_progressive_shards,2,NCCL-P,nccl,P,4,4,640,484.27,985.675,984.97,95289.5665,315.02250000000004,95604.589,988.076,3.0599999999999996,0.0,False,0
13042,multiple_progressive_shards,2,NCCL-P,nccl,P,5,5,768,484.613,771.478,777.298,136908.26750000002,398.09000000000003,137306.35749999998,780.502,3.281,0.0,False,0
13042,multiple_progressive_shards,2,NCCL-P,nccl,P,6,6+7,1408,490.58,1077.6,1080.17,201015.164,796.626,201811.78999999998,1083.466,3.151,0.0,False,0
13042,multiple_progressive_shards,2,MSCCLPP-D,mscclpp,D,0,0,128,1840.853,1970.627,1791.098,128722.772,775.9275,129498.6995,2068.332,227.70299999999997,0.0,False,0
13042,multiple_progressive_shards,2,MSCCLPP-D,mscclpp,D,1,1,256,1182.805,1821.894,1650.52,128519.2585,839.0889999999999,129358.3475,2158.426,445.953,0.0,False,0
13042,multiple_progressive_shards,2,MSCCLPP-D,mscclpp,D,2,2,384,1384.733,1717.021,1637.223,129287.856,826.012,130113.868,3351.395,1227.7815,0.0,False,0
13042,multiple_progressive_shards,2,MSCCLPP-D,mscclpp,D,3,3,512,1611.761,1687.83,2128.722,130609.2995,1262.386,131871.6855,3134.285,996.3515,0.0,False,0
13042,multiple_progressive_shards,2,MSCCLPP-D,mscclpp,D,4,4,640,1610.202,2122.791,2049.879,132610.4805,1123.451,133733.9315,3719.004,1499.6485,0.0,False,0
13042,multiple_progressive_shards,2,MSCCLPP-D,mscclpp,D,5,5,768,1618.81,1943.548,2041.691,134718.13,1447.5395,136165.6695,3791.707,1576.961,0.0,False,0
13042,multiple_progressive_shards,2,MSCCLPP-D,mscclpp,D,6,6+7,1408,1628.723,2086.217,2025.316,137712.79499999998,1885.1825,139597.9775,6058.847,3605.4995,0.0,False,0
13042,multiple_progressive_shards,2,MSCCLPP-P,mscclpp,P,0,0,128,175.455,214.17,147.268,4915.3675,595.828,5511.1955,449.346,319.4885,0.0,False,0
13042,multiple_progressive_shards,2,MSCCLPP-P,mscclpp,P,1,1,256,91.604,193.419,157.509,13277.699499999999,777.761,14055.460500000001,577.539,494.59749999999997,0.0,False,0
13042,multiple_progressive_shards,2,MSCCLPP-P,mscclpp,P,2,2,384,142.142,110.304,33.611,25567.881999999998,872.9014999999999,26440.783499999998,1161.04,994.8235,0.0,False,0
13042,multiple_progressive_shards,2,MSCCLPP-P,mscclpp,P,3,3,512,86.15,213.341,144.197,42580.1275,1053.3029999999999,43633.4305,995.32,770.043,0.0,False,0
13042,multiple_progressive_shards,2,MSCCLPP-P,mscclpp,P,4,4,640,86.048,320.31,238.4,64419.645000000004,1217.471,65637.11600000001,1475.4,1354.75,0.0,False,0
13042,multiple_progressive_shards,2,MSCCLPP-P,mscclpp,P,5,5,768,85.958,394.279,268.104,90076.3765,1442.7514999999999,91519.128,2287.432,2151.4300000000003,0.0,False,0
13042,multiple_progressive_shards,2,MSCCLPP-P,mscclpp,P,6,6+7,1408,82.937,1053.904,908.104,137095.3845,2128.424,139223.80849999998,3842.885,3222.5235000000002,0.0,False,0
13042,skewed,0,NCCL-D,nccl,D,0,0,512,241.479,162.9,271.514,128883.8015,153.773,129037.5745,324.14,157.44699999999997,0.0,False,0
13042,skewed,0,NCCL-D,nccl,D,1,1,512,89.421,139.008,284.364,150413.5975,153.298,150566.89549999998,322.724,97.96199999999999,0.0,False,0
13042,skewed,0,NCCL-D,nccl,D,2,2,512,78.799,143.213,307.54,178118.488,153.2675,178271.7555,351.592,88.874,0.0,False,0
13042,skewed,0,NCCL-D,nccl,D,3,3,512,77.588,135.099,311.754,199841.89250000002,155.0325,199996.925,314.76,67.452,0.0,False,0
13042,skewed,0,NCCL-D,nccl,D,4,4,512,31.478,128.794,307.434,223544.022,155.112,223699.13400000002,310.44,68.558,0.0,False,0
13042,skewed,0,NCCL-D,nccl,D,5,5,512,33.486,135.605,311.952,247379.39750000002,156.5445,247535.94199999998,314.958,68.596,0.0,False,0
13042,skewed,0,NCCL-D,nccl,D,6,6+7,1024,27.065,134.613,562.85,269883.289,368.31149999999997,270251.6005,565.872,66.42099999999999,0.0,False,0
13042,skewed,0,NCCL-P,nccl,P,0,0,512,2278.686,2918.737,2895.734,17847.197500000002,199.9555,18047.153,3016.95,83.03999999999999,0.0,False,0
13042,skewed,0,NCCL-P,nccl,P,1,1,512,2659.474,12095.869,12236.566,47633.739499999996,143.8845,47777.623999999996,12286.23,105.75900000000001,0.0,False,0
13042,skewed,0,NCCL-P,nccl,P,2,2,512,2669.407,12075.169,12218.842,85101.364,144.3825,85245.74650000001,12267.06,97.63,0.0,False,0
13042,skewed,0,NCCL-P,nccl,P,3,3,512,2681.186,12070.502,12234.368,124197.621,147.055,124344.676,12240.822,75.851,0.0,False,0
13042,skewed,0,NCCL-P,nccl,P,4,4,512,2787.096,12052.067,12219.384,161030.9545,149.1965,161180.151,12230.386,77.004,0.0,False,0
13042,skewed,0,NCCL-P,nccl,P,5,5,512,2726.979,17371.471,17424.858,219831.26299999998,91.0395,219922.3025,17845.268,280.571,0.0,False,0
13042,skewed,0,NCCL-P,nccl,P,6,6+7,1024,3252.812,28655.814,29091.56,284848.144,283.32800000000003,285131.472,29094.582,72.419,0.0,False,0
13042,skewed,0,MSCCLPP-D,mscclpp,D,0,0,512,12273.654,12903.274,13025.385,130452.49799999999,1592.5605,132045.05849999998,13667.432,1193.5155,0.0,False,0
13042,skewed,0,MSCCLPP-D,mscclpp,D,1,1,512,12861.079,13092.227,12309.526,129843.019,1458.9415,131301.9605,12484.619,1249.273,0.0,False,0
13042,skewed,0,MSCCLPP-D,mscclpp,D,2,2,512,12885.755,12385.759,10898.448,131623.131,1716.5845,133339.7155,11398.151,1312.25,0.0,False,0
13042,skewed,0,MSCCLPP-D,mscclpp,D,3,3,512,12945.078,10957.526,9689.104,133648.386,1635.855,135284.24099999998,9906.198,842.25,0.0,False,0
13042,skewed,0,MSCCLPP-D,mscclpp,D,4,4,512,13081.732,9763.875,9133.073,135580.9855,1314.57,136895.55550000002,9383.964,975.883,0.0,False,0
13042,skewed,0,MSCCLPP-D,mscclpp,D,5,5,512,14135.011,9184.062,8280.073,136690.1725,1432.6075,138122.78,8538.104,1046.008,0.0,False,0
13042,skewed,0,MSCCLPP-D,mscclpp,D,6,6+7,1024,14771.057,8466.898,7671.823,138492.6795,2052.2015,140544.881,8051.729,2494.469,0.0,False,0
13042,skewed,0,MSCCLPP-P,mscclpp,P,0,0,512,188.064,272.359,19.388,18310.800499999998,1287.1945,19597.995,2429.961,1328.1329999999998,0.0,False,0
13042,skewed,0,MSCCLPP-P,mscclpp,P,1,1,512,333.996,117.12,340.041,33518.614,1172.3575,34690.9715,1624.143,718.34,0.0,False,0
13042,skewed,0,MSCCLPP-P,mscclpp,P,2,2,512,324.857,465.979,749.651,50881.871,1168.941,52050.812,2316.37,970.754,0.0,False,0
13042,skewed,0,MSCCLPP-P,mscclpp,P,3,3,512,322.822,909.677,1188.948,68224.6195,1145.9595,69370.579,2483.276,730.625,0.0,False,0
13042,skewed,0,MSCCLPP-P,mscclpp,P,4,4,512,323.731,979.274,1260.62,85793.2665,1149.187,86942.4535,3422.292,1156.6095,0.0,False,0
13042,skewed,0,MSCCLPP-P,mscclpp,P,5,5,512,299.343,1749.723,1997.885,103349.5,1163.703,104513.20300000001,3846.213,1000.961,0.0,False,0
13042,skewed,0,MSCCLPP-P,mscclpp,P,6,6+7,1024,86.728,3950.58,4586.573,137820.599,1952.5065,139773.1055,9985.104,2991.1095,0.0,False,0
13042,skewed,1,NCCL-D,nccl,D,0,0,512,22217.546,299.72,370.94,161772.315,140.663,161912.978,547.026,209.9,0.0,False,0
13042,skewed,1,NCCL-D,nccl,D,1,1,512,22111.003,149.149,315.918,183387.438,153.5335,183540.97149999999,320.74,95.047,0.0,False,0
13042,skewed,1,NCCL-D,nccl,D,2,2,512,22104.539,130.455,275.086,210598.975,177.2525,210776.2275,278.092,69.794,0.0,False,0
13042,skewed,1,NCCL-D,nccl,D,3,3,512,22121.935,125.413,289.368,234150.191,170.0435,234320.23450000002,292.374,83.893,0.0,False,0
13042,skewed,1,NCCL-D,nccl,D,4,4,512,22081.081,128.096,312.914,261797.0955,160.031,261957.1265,315.904,82.893,0.0,False,0
13042,skewed,1,NCCL-D,nccl,D,5,5,512,22000.143,121.841,267.914,283062.203,177.9145,283240.1175,270.934,70.723,0.0,False,0
13042,skewed,1,NCCL-D,nccl,D,6,6+7,1024,21549.553,135.475,497.804,308563.96499999997,401.9105,308965.87549999997,500.764,70.40400000000001,0.0,False,0
13042,skewed,1,NCCL-P,nccl,P,0,0,512,4549.109,4700.296,4702.892,17274.9185,204.227,17479.1455,4749.836,60.144,0.0,False,0
13042,skewed,1,NCCL-P,nccl,P,1,1,512,4442.126,12289.097,12440.044,48913.6125,144.8265,49058.439,12463.05,125.471,0.0,False,0
13042,skewed,1,NCCL-P,nccl,P,2,2,512,4342.085,12279.352,12428.39,90627.8395,147.796,90775.6355,12431.534,81.09,0.0,False,0
13042,skewed,1,NCCL-P,nccl,P,3,3,512,4199.211,12298.824,12457.708,128775.5995,150.937,128926.5365,12460.714,112.35,0.0,False,0
13042,skewed,1,NCCL-P,nccl,P,4,4,512,3492.032,12243.293,12373.862,166351.4885,168.2035,166519.69199999998,12376.868,76.126,0.0,False,0
13042,skewed,1,NCCL-P,nccl,P,5,5,512,3480.471,12567.771,12678.794,206912.85,146.5195,207059.3695,12711.05,93.665,0.0,False,0
13042,skewed,1,NCCL-P,nccl,P,6,6+7,1024,4130.159,17180.637,17195.03,258389.239,545.2235000000001,258934.4625,17198.05,3.051,0.0,False,0
13042,skewed,1,MSCCLPP-D,mscclpp,D,0,0,512,1255.035,1380.708,1579.092,129242.5055,1423.902,130666.4075,2045.312,1149.1245,0.0,False,0
13042,skewed,1,MSCCLPP-D,mscclpp,D,1,1,512,1197.667,1426.75,600.779,128688.20550000001,1418.4205,130106.626,2838.531,1549.828,0.0,False,0
13042,skewed,1,MSCCLPP-D,mscclpp,D,2,2,512,1202.4,490.139,1170.721,130529.8635,1807.738,132337.6015,3533.096,1289.7265,0.0,False,0
13042,skewed,1,MSCCLPP-D,mscclpp,D,3,3,512,1177.929,1262.433,2493.736,132725.023,1555.2785,134280.3015,4457.783,1106.953,0.0,False,0
13042,skewed,1,MSCCLPP-D,mscclpp,D,4,4,512,1095.507,2578.621,3415.345,134663.917,1386.346,136050.263,6047.017,1428.992,0.0,False,0
13042,skewed,1,MSCCLPP-D,mscclpp,D,5,5,512,620.559,3535.407,4986.127,136183.145,1700.904,137884.049,6874.392,1056.7730000000001,0.0,False,0
13042,skewed,1,MSCCLPP-D,mscclpp,D,6,6+7,1024,1058.031,5385.314,5394.72,138870.5575,1613.307,140483.8645,8629.548,1890.312,0.0,False,0
13042,skewed,1,MSCCLPP-P,mscclpp,P,0,0,512,217.51,1862.336,1736.77,19463.422,1237.029,20700.451,1979.465,1041.9255,0.0,False,0
13042,skewed,1,MSCCLPP-P,mscclpp,P,1,1,512,185.997,983.857,962.63,34729.288,1138.0225,35867.31050000001,1881.086,1061.371,0.0,False,0
13042,skewed,1,MSCCLPP-P,mscclpp,P,2,2,512,144.947,479.186,453.7,52554.826499999996,1114.0839999999998,53668.9105,2048.0,1146.367,0.0,False,0
13042,skewed,1,MSCCLPP-P,mscclpp,P,3,3,512,121.347,282.499,312.253,70135.004,1080.012,71215.016,1570.738,718.328,0.0,False,0
13042,skewed,1,MSCCLPP-P,mscclpp,P,4,4,512,127.549,1209.188,1213.363,87877.70449999999,1065.1715,88942.87599999999,2979.769,960.5155,0.0,False,0
13042,skewed,1,MSCCLPP-P,mscclpp,P,5,5,512,186.745,2404.748,2395.05,105782.6145,1054.9479999999999,106837.5625,4231.097,1004.031,0.0,False,0
13042,skewed,1,MSCCLPP-P,mscclpp,P,6,6+7,1024,1352.56,2678.936,3095.488,138893.802,2010.463,140904.265,7653.316,2511.367,0.0,False,0
13042,skewed,2,NCCL-D,nccl,D,0,0,512,965.55,189.367,267.034,131154.34149999998,149.0885,131303.43,363.546,139.412,0.0,False,0
13042,skewed,2,NCCL-D,nccl,D,1,1,512,881.367,136.665,302.116,152810.149,156.4005,152966.5495,305.092,71.80799999999999,0.0,False,0
13042,skewed,2,NCCL-D,nccl,D,2,2,512,882.203,101.861,270.044,181170.693,160.5175,181331.2105,273.05,88.89,0.0,False,0
13042,skewed,2,NCCL-D,nccl,D,3,3,512,849.924,119.202,297.28,204850.698,159.91,205010.608,300.286,85.709,0.0,False,0
13042,skewed,2,NCCL-D,nccl,D,4,4,512,787.743,123.74,308.968,226304.7515,157.34799999999998,226462.0995,312.128,81.948,0.0,False,0
13042,skewed,2,NCCL-D,nccl,D,5,5,512,824.861,125.726,305.902,253404.6285,155.969,253560.59749999997,308.922,67.74900000000001,0.0,False,0
13042,skewed,2,NCCL-D,nccl,D,6,6+7,1024,776.291,124.7,601.83,280245.50950000004,346.03799999999995,280591.5475,604.852,94.10199999999999,0.0,False,0
13042,skewed,2,NCCL-P,nccl,P,0,0,512,3083.622,6383.766,6382.634,20155.151,207.235,20362.386,6431.37,105.32799999999999,0.0,False,0
13042,skewed,2,NCCL-P,nccl,P,1,1,512,684.241,12274.482,12411.658,55609.985499999995,157.876,55767.8615,12414.664,80.944,0.0,False,0
13042,skewed,2,NCCL-P,nccl,P,2,2,512,634.793,12265.072,12392.648,99203.4565,166.583,99370.0395,12404.648,103.103,0.0,False,0
13042,skewed,2,NCCL-P,nccl,P,3,3,512,621.851,12254.672,12412.872,139201.1405,151.70600000000002,139352.84649999999,12415.878,81.635,0.0,False,0
13042,skewed,2,NCCL-P,nccl,P,4,4,512,625.536,12242.141,12373.824,176817.7595,159.0685,176976.828,12394.852,85.80799999999999,0.0,False,0
13042,skewed,2,NCCL-P,nccl,P,5,5,512,545.454,12262.468,12409.074,220478.723,151.993,220630.71600000001,12412.08,77.263,0.0,False,0
13042,skewed,2,NCCL-P,nccl,P,6,6+7,1024,52.612,24720.574,24727.524,276972.097,554.898,277526.995,24730.544,2.959,0.0,False,0
13042,skewed,2,MSCCLPP-D,mscclpp,D,0,0,512,1144.808,2373.555,439.639,128681.9935,2736.078,131418.0715,2511.482,1125.0075,0.0,False,0
13042,skewed,2,MSCCLPP-D,mscclpp,D,1,1,512,1020.715,521.122,1339.013,129481.41649999999,1428.6905,130910.10699999999,3456.638,1171.453,0.0,False,0
13042,skewed,2,MSCCLPP-D,mscclpp,D,2,2,512,988.388,1410.116,2412.154,131324.326,1442.902,132767.228,5150.341,1497.6009999999999,0.0,False,0
13042,skewed,2,MSCCLPP-D,mscclpp,D,3,3,512,996.686,2475.729,4063.889,133188.6485,1760.246,134948.8945,5704.342,972.297,0.0,False,0
13042,skewed,2,MSCCLPP-D,mscclpp,D,4,4,512,960.885,4124.953,4673.154,135330.826,1213.4785,136544.30450000003,5859.966,721.406,0.0,False,0
13042,skewed,2,MSCCLPP-D,mscclpp,D,5,5,512,504.19,4721.883,4871.81,136729.4165,987.3765,137716.793,6668.935,1017.3435,0.0,False,0
13042,skewed,2,MSCCLPP-D,mscclpp,D,6,6+7,1024,899.313,4905.035,4846.201,138610.975,1490.9209999999998,140101.896,9295.483,2546.1725,0.0,False,0
13042,skewed,2,MSCCLPP-P,mscclpp,P,0,0,512,4488.058,2392.156,2379.211,19404.847999999998,1192.4315000000001,20597.2795,2549.188,1141.2269999999999,0.0,False,0
13042,skewed,2,MSCCLPP-P,mscclpp,P,1,1,512,4425.226,2219.402,2258.414,34711.503,1042.407,35753.91,2418.156,778.754,0.0,False,0
13042,skewed,2,MSCCLPP-P,mscclpp,P,2,2,512,4367.701,2175.45,2355.71,51936.4835,1087.422,53023.9055,2530.804,803.8435000000001,0.0,False,0
13042,skewed,2,MSCCLPP-P,mscclpp,P,3,3,512,4267.016,2034.648,2052.602,69284.87299999999,1041.5149999999999,70326.388,2229.742,834.5545,0.0,False,0
13042,skewed,2,MSCCLPP-P,mscclpp,P,4,4,512,4190.797,1687.399,1755.618,86638.185,1043.0425,87681.22750000001,1909.227,985.6015,0.0,False,0
13042,skewed,2,MSCCLPP-P,mscclpp,P,5,5,512,4088.398,1016.526,1067.492,104232.821,1053.7150000000001,105286.536,1614.859,912.906,0.0,False,0
13042,skewed,2,MSCCLPP-P,mscclpp,P,6,6+7,1024,3500.32,1921.194,1876.46,138351.994,1796.973,140148.967,4615.156,2515.4455,0.0,False,0
13042,zero_sized_pair,0,NCCL-D,nccl,D,0,0,512,56.634,176.35,271.322,129764.644,143.676,129908.32,310.934,105.491,0.0,False,0
13042,zero_sized_pair,0,NCCL-D,nccl,D,1,1,512,28.966,132.279,316.612,153636.1935,156.2615,153792.45500000002,319.496,64.39999999999999,0.0,False,0
13042,zero_sized_pair,0,NCCL-D,nccl,D,2,2,512,25.3,110.11,288.4,182336.231,160.973,182497.204,291.436,67.787,0.0,False,0
13042,zero_sized_pair,0,NCCL-D,nccl,D,3,3,512,22.939,146.45,334.572,208112.9105,157.208,208270.1185,337.548,64.858,0.0,False,0
13042,zero_sized_pair,0,NCCL-D,nccl,D,4,4,512,22.263,117.682,307.502,235349.72149999999,159.282,235509.0035,310.372,63.576,0.0,False,0
13042,zero_sized_pair,0,NCCL-D,nccl,D,5,5,512,28.884,125.384,309.03,263048.319,155.131,263203.45,312.356,64.362,0.0,False,0
13042,zero_sized_pair,0,NCCL-D,nccl,D,6,6+7,1024,19.555,135.337,660.744,290896.525,325.1385,291221.6635,663.612,64.041,0.0,False,0
13042,zero_sized_pair,0,NCCL-P,nccl,P,0,0,512,1052.622,1144.889,1141.688,16426.6865,223.56650000000002,16650.253,1144.536,3.152,0.0,False,0
13042,zero_sized_pair,0,NCCL-P,nccl,P,1,1,512,934.316,11924.755,12083.162,52069.2835,148.85250000000002,52218.136,12086.042,71.312,0.0,False,0
13042,zero_sized_pair,0,NCCL-P,nccl,P,2,2,512,941.876,11904.312,12071.864,97399.69,151.641,97551.331,12074.746,71.185,0.0,False,0
13042,zero_sized_pair,0,NCCL-P,nccl,P,3,3,512,948.024,11883.957,12053.628,141092.1645,152.5705,141244.735,12056.542,68.25999999999999,0.0,False,0
13042,zero_sized_pair,0,NCCL-P,nccl,P,4,4,512,977.483,11886.089,12056.954,184825.76,154.6265,184980.38650000002,12059.868,67.985,0.0,False,0
13042,zero_sized_pair,0,NCCL-P,nccl,P,5,5,512,985.824,11899.536,12069.802,228020.303,151.836,228172.139,12072.686,67.79499999999999,0.0,False,0
13042,zero_sized_pair,0,NCCL-P,nccl,P,6,6+7,1024,1047.215,23785.164,24290.368,280933.58050000004,321.858,281255.43850000005,24293.236,70.175,0.0,False,0
13042,zero_sized_pair,0,MSCCLPP-D,mscclpp,D,0,0,512,550.982,222.924,126.024,124620.658,982.492,125603.15,3121.141,1603.813,0.0,False,0
13042,zero_sized_pair,0,MSCCLPP-D,mscclpp,D,1,1,512,486.924,223.796,1843.679,123654.145,1841.4765,125495.62150000001,4329.961,1292.8055000000002,0.0,False,0
13042,zero_sized_pair,0,MSCCLPP-D,mscclpp,D,2,2,512,497.329,1735.124,3263.975,125921.77249999999,1522.5775,127444.35,5660.132,1205.766,0.0,False,0
13042,zero_sized_pair,0,MSCCLPP-D,mscclpp,D,3,3,512,503.027,3172.225,4561.382,127848.739,1463.6195,129312.3585,8671.71,2101.7575,0.0,False,0
13042,zero_sized_pair,0,MSCCLPP-D,mscclpp,D,4,4,512,507.087,4509.327,7622.101,129718.97,2302.508,132021.478,10321.366,1356.2884999999999,0.0,False,0
13042,zero_sized_pair,0,MSCCLPP-D,mscclpp,D,5,5,512,515.701,7545.887,9237.991,131990.676,1613.335,133604.011,10922.475,882.6949999999999,0.0,False,0
13042,zero_sized_pair,0,MSCCLPP-D,mscclpp,D,6,6+7,1024,499.678,9182.832,9182.695,134032.01,1321.4744999999998,135353.4845,17604.054,4247.031,0.0,False,0
13042,zero_sized_pair,0,MSCCLPP-P,mscclpp,P,0,0,512,454.987,309.809,313.716,16590.739,916.7315,17507.4705,3603.453,1866.2385,0.0,False,0
13042,zero_sized_pair,0,MSCCLPP-P,mscclpp,P,1,1,512,394.247,276.518,303.482,30882.641499999998,877.2909999999999,31759.9325,1788.93,928.7660000000001,0.0,False,0
13042,zero_sized_pair,0,MSCCLPP-P,mscclpp,P,2,2,512,413.672,236.06,340.333,47493.592000000004,905.4005,48398.99249999999,3401.726,1762.3085,0.0,False,0
13042,zero_sized_pair,0,MSCCLPP-P,mscclpp,P,3,3,512,424.477,386.409,391.545,64103.896,850.314,64954.21,5436.422,2789.8905,0.0,False,0
13042,zero_sized_pair,0,MSCCLPP-P,mscclpp,P,4,4,512,430.148,450.804,455.029,80728.023,838.5765,81566.5995,2627.579,1376.7585000000001,0.0,False,0
13042,zero_sized_pair,0,MSCCLPP-P,mscclpp,P,5,5,512,397.845,24.676,18.049,98682.3245,870.5135,99552.838,2678.409,1338.3675,0.0,False,0
13042,zero_sized_pair,0,MSCCLPP-P,mscclpp,P,6,6+7,1024,340.712,47.993,21.143,130693.9865,1473.573,132167.5595,7109.284,3552.7814999999996,0.0,False,0
13042,zero_sized_pair,1,NCCL-D,nccl,D,0,0,512,440.266,3.96,2.358,124989.704,202.8,125192.504,27.26,17.662,0.0,False,0
13042,zero_sized_pair,1,NCCL-D,nccl,D,1,1,512,394.628,129.199,302.664,150896.7285,153.2415,151049.97,305.73,66.367,0.0,False,0
13042,zero_sized_pair,1,NCCL-D,nccl,D,2,2,512,391.614,115.429,304.558,180558.4325,157.3545,180715.787,307.656,66.254,0.0,False,0
13042,zero_sized_pair,1,NCCL-D,nccl,D,3,3,512,389.026,119.738,312.446,210016.827,157.465,210174.29200000002,315.558,63.071999999999996,0.0,False,0
13042,zero_sized_pair,1,NCCL-D,nccl,D,4,4,512,382.454,121.514,311.454,237996.25400000002,156.136,238152.39,314.566,63.446,0.0,False,0
13042,zero_sized_pair,1,NCCL-D,nccl,D,5,5,512,397.111,114.296,305.992,267026.69149999996,157.992,267184.68350000004,309.074,62.5,0.0,False,0
13042,zero_sized_pair,1,NCCL-D,nccl,D,6,6+7,1024,370.424,119.746,650.718,294061.87100000004,326.837,294388.708,653.83,64.056,0.0,False,0
13042,zero_sized_pair,1,NCCL-P,nccl,P,0,0,512,134.472,3463.803,3460.212,18189.2095,220.9555,18410.165,3467.764,10.256,0.0,False,0
13042,zero_sized_pair,1,NCCL-P,nccl,P,1,1,512,116.306,11913.911,12081.968,55713.7955,149.1345,55862.93,12085.074,72.657,0.0,False,0
13042,zero_sized_pair,1,NCCL-P,nccl,P,2,2,512,116.124,11899.671,12071.824,101053.1165,151.6995,101204.81599999999,12074.93,70.801,0.0,False,0
13042,zero_sized_pair,1,NCCL-P,nccl,P,3,3,512,127.9,11909.358,12083.832,146121.677,151.25400000000002,146272.93099999998,12086.93,68.512,0.0,False,0
13042,zero_sized_pair,1,NCCL-P,nccl,P,4,4,512,111.904,11877.289,12050.402,191315.8845,152.7315,191468.61599999998,12053.5,68.543,0.0,False,0
13042,zero_sized_pair,1,NCCL-P,nccl,P,5,5,512,3609.31,11892.858,12064.088,234393.30599999998,150.601,234543.907,12067.184,69.083,0.0,False,0
13042,zero_sized_pair,1,NCCL-P,nccl,P,6,6+7,1024,3535.989,27828.467,28332.918,291591.073,321.0335,291912.1065,28336.274,71.456,0.0,False,0
13042,zero_sized_pair,1,MSCCLPP-D,mscclpp,D,0,0,512,2.652,34.204,18.277,124793.378,983.6615,125777.0395,3544.937,1783.6325,0.0,False,0
13042,zero_sized_pair,1,MSCCLPP-D,mscclpp,D,1,1,512,30.122,124.515,2358.473,123878.7695,2045.456,125924.2255,5169.348,1458.695,0.0,False,0
13042,zero_sized_pair,1,MSCCLPP-D,mscclpp,D,2,2,512,32.265,2276.804,4098.239,126344.9945,1672.1305,128017.125,7538.895,1777.164,0.0,False,0
13042,zero_sized_pair,1,MSCCLPP-D,mscclpp,D,3,3,512,32.781,4011.816,6431.957,128446.45850000001,1970.8355,130417.29400000001,9030.863,1353.2185,0.0,False,0
13042,zero_sized_pair,1,MSCCLPP-D,mscclpp,D,4,4,512,34.054,6363.586,7977.145,130792.84099999999,1559.2385,132352.0795,11144.379,1643.0155,0.0,False,0
13042,zero_sized_pair,1,MSCCLPP-D,mscclpp,D,5,5,512,26.669,7913.968,10081.457,132302.8875,1825.3905,134128.278,12713.145,1349.633,0.0,False,0
13042,zero_sized_pair,1,MSCCLPP-D,mscclpp,D,6,6+7,1024,14.083,9995.297,10817.723,135156.423,1742.619,136899.04200000002,19216.567,4253.179999999999,0.0,False,0
13042,zero_sized_pair,1,MSCCLPP-P,mscclpp,P,0,0,512,94.369,139.366,92.961,16504.864500000003,857.6375,17362.502,3107.617,1517.5665,0.0,False,0
13042,zero_sized_pair,1,MSCCLPP-P,mscclpp,P,1,1,512,61.556,5.068,7.382,30817.4,828.361,31645.761,2055.164,1036.2895,0.0,False,0
13042,zero_sized_pair,1,MSCCLPP-P,mscclpp,P,2,2,512,60.763,115.262,130.274,47386.8245,837.53,48224.3545,3670.016,1884.672,0.0,False,0
13042,zero_sized_pair,1,MSCCLPP-P,mscclpp,P,3,3,512,55.545,72.031,68.82,63955.051999999996,818.5445,64773.5965,2685.937,1374.203,0.0,False,0
13042,zero_sized_pair,1,MSCCLPP-P,mscclpp,P,4,4,512,59.983,88.544,96.476,80560.8255,810.515,81371.3405,2937.875,1500.6875,0.0,False,0
13042,zero_sized_pair,1,MSCCLPP-P,mscclpp,P,5,5,512,56.523,57.617,62.664,96773.85999999999,814.7485,97588.6085,2908.156,1466.883,0.0,False,0
13042,zero_sized_pair,1,MSCCLPP-P,mscclpp,P,6,6+7,1024,535.158,111.111,87.258,129120.7695,1481.3865,130602.156,8320.0,4173.82,0.0,False,0
13042,zero_sized_pair,2,NCCL-D,nccl,D,0,0,512,1874.703,180.953,285.95,125961.1,145.3665,126106.4665,341.37,116.447,0.0,False,0
13042,zero_sized_pair,2,NCCL-D,nccl,D,1,1,512,1922.745,122.228,304.834,150013.6615,156.746,150170.4075,307.932,65.903,0.0,False,0
13042,zero_sized_pair,2,NCCL-D,nccl,D,2,2,512,1941.759,120.484,308.832,176318.22350000002,157.224,176475.4475,312.036,65.521,0.0,False,0
13042,zero_sized_pair,2,NCCL-D,nccl,D,3,3,512,1963.276,140.569,328.408,202374.65350000001,154.7525,202529.40600000002,331.842,65.88,0.0,False,0
13042,zero_sized_pair,2,NCCL-D,nccl,D,4,4,512,1965.345,123.362,311.076,230398.7775,156.126,230554.90350000001,314.172,64.11,0.0,False,0
13042,zero_sized_pair,2,NCCL-D,nccl,D,5,5,512,1974.728,120.363,306.146,258282.49349999998,158.04149999999998,258440.535,309.564,64.285,0.0,False,0
13042,zero_sized_pair,2,NCCL-D,nccl,D,6,6+7,1024,2004.767,121.655,649.194,285414.473,325.25649999999996,285739.7295,652.306,64.117,0.0,False,0
13042,zero_sized_pair,2,NCCL-P,nccl,P,0,0,512,410.166,334.795,346.84,16578.0135,210.7255,16788.739,361.912,35.184,0.0,False,0
13042,zero_sized_pair,2,NCCL-P,nccl,P,1,1,512,398.607,11916.895,12073.896,50341.861999999994,146.1995,50488.061499999996,12077.158,71.838,0.0,False,0
13042,zero_sized_pair,2,NCCL-P,nccl,P,2,2,512,417.725,11907.414,12073.226,91923.9075,149.199,92073.1065,12076.3,69.01100000000001,0.0,False,0
13042,zero_sized_pair,2,NCCL-P,nccl,P,3,3,512,419.841,11910.105,12082.694,133275.303,152.7925,133428.0955,12085.792,68.34500000000001,0.0,False,0
13042,zero_sized_pair,2,NCCL-P,nccl,P,4,4,512,401.93,11888.873,12063.91,175106.1415,153.54250000000002,175259.684,12066.978,68.894,0.0,False,0
13042,zero_sized_pair,2,NCCL-P,nccl,P,5,5,512,383.344,12064.489,12152.198,218580.5255,110.0145,218690.53999999998,12260.002,119.546,0.0,False,0
13042,zero_sized_pair,2,NCCL-P,nccl,P,6,6+7,1024,376.439,23941.403,24434.378,271724.625,314.98650000000004,272039.6115,24437.49,70.37299999999999,0.0,False,0
13042,zero_sized_pair,2,MSCCLPP-D,mscclpp,D,0,0,512,1166.114,673.822,611.347,124475.141,1042.3745,125517.51550000001,3196.515,1642.531,0.0,False,0
13042,zero_sized_pair,2,MSCCLPP-D,mscclpp,D,1,1,512,1051.141,701.579,1413.23,123579.545,1871.1925,125450.73749999999,3090.543,897.5390000000001,0.0,False,0
13042,zero_sized_pair,2,MSCCLPP-D,mscclpp,D,2,2,512,1057.334,1335.595,2150.512,125868.7525,1143.1295,127011.882,4950.121,1408.5155,0.0,False,0
13042,zero_sized_pair,2,MSCCLPP-D,mscclpp,D,3,3,512,1088.908,2076.257,3848.293,127420.3835,1658.4229999999998,129078.8065,6800.496,1523.719,0.0,False,0
13042,zero_sized_pair,2,MSCCLPP-D,mscclpp,D,4,4,512,1107.636,3765.575,5702.762,129498.3285,1730.9245,131229.253,8911.98,1644.5465,0.0,False,0
13042,zero_sized_pair,2,MSCCLPP-D,mscclpp,D,5,5,512,1145.611,5633.55,7943.277,131187.1195,1910.9295000000002,133098.049,9747.543,946.672,0.0,False,0
13042,zero_sized_pair,2,MSCCLPP-D,mscclpp,D,6,6+7,1024,1092.006,9879.039,9917.543,134560.7645,1361.1219999999998,135921.8865,18250.856,4205.055,0.0,False,0
13042,zero_sized_pair,2,MSCCLPP-P,mscclpp,P,0,0,512,508.821,497.057,495.402,16515.271,873.7705,17389.0415,3343.367,1718.785,0.0,False,0
13042,zero_sized_pair,2,MSCCLPP-P,mscclpp,P,1,1,512,488.454,1387.559,1408.808,31176.1475,852.7305,32028.878,2506.757,1303.5585,0.0,False,0
13042,zero_sized_pair,2,MSCCLPP-P,mscclpp,P,2,2,512,511.661,1626.8,1649.442,47758.260500000004,837.5,48595.760500000004,2721.789,1403.3905000000002,0.0,False,0
13042,zero_sized_pair,2,MSCCLPP-P,mscclpp,P,3,3,512,505.783,1636.384,1671.965,64351.9375,861.4245000000001,65213.361999999994,2771.953,1419.2575,0.0,False,0
13042,zero_sized_pair,2,MSCCLPP-P,mscclpp,P,4,4,512,495.492,1799.437,1817.371,81052.9785,847.572,81900.55050000001,2534.391,1307.641,0.0,False,0
13042,zero_sized_pair,2,MSCCLPP-P,mscclpp,P,5,5,512,498.989,1914.487,1951.528,97273.766,809.7585,98083.5245,2644.984,1364.4759999999999,0.0,False,0
13042,zero_sized_pair,2,MSCCLPP-P,mscclpp,P,6,6+7,1024,509.357,2868.377,2879.262,129488.535,1484.8105,130973.3455,9117.703,4618.2495,0.0,False,0
13142,all_to_one_like,0,NCCL-D,nccl,D,0,0,512,2958.377,193.161,271.816,126211.32800000001,153.73250000000002,126365.06049999999,380.168,147.697,0.0,False,0
13142,all_to_one_like,0,NCCL-D,nccl,D,1,1,512,2773.064,129.915,306.622,149691.9325,154.1275,149846.06,309.598,73.868,0.0,False,0
13142,all_to_one_like,0,NCCL-D,nccl,D,2,2,512,2668.004,125.256,305.98,175284.52899999998,155.101,175439.63,308.986,69.229,0.0,False,0
13142,all_to_one_like,0,NCCL-D,nccl,D,3,3,512,2568.037,115.961,294.718,200633.518,157.5565,200791.0745,297.724,68.107,0.0,False,0
13142,all_to_one_like,0,NCCL-D,nccl,D,4,4,512,2047.532,123.932,299.206,225942.602,159.183,226101.785,306.376,68.08399999999999,0.0,False,0
13142,all_to_one_like,0,NCCL-D,nccl,D,5,5,512,2566.11,263.107,347.422,255882.7195,120.8055,256003.52500000002,428.996,119.87299999999999,0.0,False,0
13142,all_to_one_like,0,NCCL-D,nccl,D,6,6+7,1024,1904.525,145.732,664.256,283754.8315,323.969,284078.8005,667.248,71.366,0.0,False,0
13142,all_to_one_like,0,NCCL-P,nccl,P,0,0,512,7905.082,7516.259,7512.644,17225.660499999998,206.60649999999998,17432.267,7565.22,69.888,0.0,False,0
13142,all_to_one_like,0,NCCL-P,nccl,P,1,1,512,7910.253,11973.267,12065.634,58946.974,141.7215,59088.6955,12133.606,124.60999999999999,0.0,False,0
13142,all_to_one_like,0,NCCL-P,nccl,P,2,2,512,7881.813,11961.274,12093.768,101028.3395,145.76600000000002,101174.1055,12164.706,124.09200000000001,0.0,False,0
13142,all_to_one_like,0,NCCL-P,nccl,P,3,3,512,7877.373,11935.599,12037.538,142971.478,166.9345,143138.41249999998,12054.37,94.14699999999999,0.0,False,0
13142,all_to_one_like,0,NCCL-P,nccl,P,4,4,512,7893.581,11917.6,12060.382,184628.2085,150.835,184779.0435,12116.732,110.618,0.0,False,0
13142,all_to_one_like,0,NCCL-P,nccl,P,5,5,512,8662.816,11920.147,12078.784,225891.6305,151.5625,226043.193,12089.77,79.83399999999999,0.0,False,0
13142,all_to_one_like,0,NCCL-P,nccl,P,6,6+7,1024,8151.292,23884.598,24382.404,276593.58900000004,322.291,276915.88,24385.426,80.17,0.0,False,0
13142,all_to_one_like,0,MSCCLPP-D,mscclpp,D,0,0,512,288.165,3150.003,2907.301,129326.832,1215.6729999999998,130542.505,5056.676,1084.9215,0.0,False,0
13142,all_to_one_like,0,MSCCLPP-D,mscclpp,D,1,1,512,287.221,2938.123,3963.052,128574.10800000001,1445.9344999999998,130020.04250000001,6510.771,1283.0785,0.0,False,0
13142,all_to_one_like,0,MSCCLPP-D,mscclpp,D,2,2,512,273.691,3996.54,5452.973,130416.32250000001,1589.9315000000001,132006.254,8977.583,1787.9065,0.0,False,0
13142,all_to_one_like,0,MSCCLPP-D,mscclpp,D,3,3,512,285.993,5472.688,7889.083,132394.1705,2075.4785,134469.649,11572.411,1879.0465,0.0,False,0
13142,all_to_one_like,0,MSCCLPP-D,mscclpp,D,4,4,512,276.574,7863.913,10429.614,134859.3665,2183.9075,137043.27399999998,13290.661,1460.7265,0.0,False,0
13142,all_to_one_like,0,MSCCLPP-D,mscclpp,D,5,5,512,129.137,10439.147,12246.193,136929.302,1736.018,138665.32,14898.349,1371.6485,0.0,False,0
13142,all_to_one_like,0,MSCCLPP-D,mscclpp,D,6,6+7,1024,734.916,12282.96,12952.755,139376.351,1740.2945,141116.64549999998,19333.302,3245.055,0.0,False,0
13142,all_to_one_like,0,MSCCLPP-P,mscclpp,P,0,0,512,1972.822,10793.22,11094.413,21232.262,1150.5475000000001,22382.8095,12875.148,900.098,0.0,False,0
13142,all_to_one_like,0,MSCCLPP-P,mscclpp,P,1,1,512,2296.51,11525.052,11501.96,35800.449,909.3710000000001,36709.82,14027.139,1270.7805,0.0,False,0
13142,all_to_one_like,0,MSCCLPP-P,mscclpp,P,2,2,512,2351.104,13035.767,13164.944,53232.5075,963.8705,54196.378,15390.1,1120.773,0.0,False,0
13142,all_to_one_like,0,MSCCLPP-P,mscclpp,P,3,3,512,2324.836,13754.835,13733.241,70105.2995,888.7819999999999,70994.0815,16460.163,1371.6485,0.0,False,0
13142,all_to_one_like,0,MSCCLPP-P,mscclpp,P,4,4,512,2371.289,13456.865,13452.679,87019.572,895.338,87914.91,15540.616,1051.1325,0.0,False,0
13142,all_to_one_like,0,MSCCLPP-P,mscclpp,P,5,5,512,1929.067,13779.496,13813.132,103597.9515,910.229,104508.1805,16296.335,1249.2815,0.0,False,0
13142,all_to_one_like,0,MSCCLPP-P,mscclpp,P,6,6+7,1024,1316.522,27443.752,27406.726,142614.715,1481.495,144096.21,36809.085,4708.8515,0.0,False,0
13142,all_to_one_like,1,NCCL-D,nccl,D,0,0,512,312.464,166.475,276.356,130319.8825,150.28050000000002,130470.163,348.134,129.906,0.0,False,0
13142,all_to_one_like,1,NCCL-D,nccl,D,1,1,512,746.983,120.332,289.8,154645.8765,161.393,154807.2695,292.898,77.20200000000001,0.0,False,0
13142,all_to_one_like,1,NCCL-D,nccl,D,2,2,512,667.933,112.632,288.58,181802.8585,160.152,181963.0105,291.586,69.138,0.0,False,0
13142,all_to_one_like,1,NCCL-D,nccl,D,3,3,512,544.249,119.835,294.302,207554.814,161.8095,207716.6235,297.308,70.557,0.0,False,0
13142,all_to_one_like,1,NCCL-D,nccl,D,4,4,512,31.115,116.629,261.312,233723.481,164.0695,233887.5505,339.894,138.358,0.0,False,0
13142,all_to_one_like,1,NCCL-D,nccl,D,5,5,512,415.382,115.512,282.186,260220.576,161.60500000000002,260382.181,285.178,70.512,0.0,False,0
13142,all_to_one_like,1,NCCL-D,nccl,D,6,6+7,1024,230.735,124.667,636.374,286807.064,331.2595,287138.3235,639.396,67.765,0.0,False,0
13142,all_to_one_like,1,NCCL-P,nccl,P,0,0,512,5.236,119.667,117.162,16765.802499999998,216.3445,16982.147,143.946,38.048,0.0,False,0
13142,all_to_one_like,1,NCCL-P,nccl,P,1,1,512,2.156,11929.219,12081.932,50170.1365,148.6875,50318.824,12084.938,74.208,0.0,False,0
13142,all_to_one_like,1,NCCL-P,nccl,P,2,2,512,2.381,11905.125,12064.974,91479.76699999999,154.2655,91634.0325,12067.95,77.023,0.0,False,0
13142,all_to_one_like,1,NCCL-P,nccl,P,3,3,512,2.627,11890.08,12044.926,132943.67250000002,157.341,133101.0135,12064.136,85.777,0.0,False,0
13142,all_to_one_like,1,NCCL-P,nccl,P,4,4,512,29.337,11890.482,12052.996,174331.1165,154.811,174485.9275,12093.538,94.619,0.0,False,0
13142,all_to_one_like,1,NCCL-P,nccl,P,5,5,512,68.798,11912.375,12074.756,214910.4105,152.6995,215063.11,12077.762,81.322,0.0,False,0
13142,all_to_one_like,1,NCCL-P,nccl,P,6,6+7,1024,100.004,23855.537,24353.96,265020.7645,323.56949999999995,265344.334,24356.982,76.21799999999999,0.0,False,0
13142,all_to_one_like,1,MSCCLPP-D,mscclpp,D,0,0,512,4573.085,10690.725,11167.242,129145.20199999999,1369.7925,130514.9945,11240.961,1067.4535,0.0,False,0
13142,all_to_one_like,1,MSCCLPP-D,mscclpp,D,1,1,512,4462.43,11152.32,10104.445,128481.44099999999,1392.0935,129873.5345,10120.835,1455.6164999999999,0.0,False,0
13142,all_to_one_like,1,MSCCLPP-D,mscclpp,D,2,2,512,4431.865,10102.743,8263.32,130240.66,1786.2925,132026.9525,8352.398,1316.3515,0.0,False,0
13142,all_to_one_like,1,MSCCLPP-D,mscclpp,D,3,3,512,4398.259,8229.12,6158.992,132421.9755,1864.323,134286.2985,6229.633,1376.758,0.0,False,0
13142,all_to_one_like,1,MSCCLPP-D,mscclpp,D,4,4,512,3873.476,5780.423,4486.788,134608.9115,1476.3435,136085.255,4558.46,1128.4375,0.0,False,0
13142,all_to_one_like,1,MSCCLPP-D,mscclpp,D,5,5,512,4370.529,4453.559,3292.82,136193.24200000003,1390.7504999999999,137583.9925,3307.164,1441.2895,0.0,False,0
13142,all_to_one_like,1,MSCCLPP-D,mscclpp,D,6,6+7,1024,4349.851,3290.144,2421.398,137983.0315,1863.342,139846.3735,6289.407,3199.993,0.0,False,0
13142,all_to_one_like,1,MSCCLPP-P,mscclpp,P,0,0,512,171.798,986.952,909.378,16993.234,974.649,17967.883,2817.089,962.5585,0.0,False,0
13142,all_to_one_like,1,MSCCLPP-P,mscclpp,P,1,1,512,149.69,1053.143,973.902,31517.0055,904.5505,32421.555999999997,3506.246,1274.3675,0.0,False,0
13142,all_to_one_like,1,MSCCLPP-P,mscclpp,P,2,2,512,153.53,996.34,961.612,48283.453,887.802,49171.255000000005,4631.628,1843.7150000000001,0.0,False,0
13142,all_to_one_like,1,MSCCLPP-P,mscclpp,P,3,3,512,155.013,1078.072,1055.815,64950.438500000004,889.7825,65840.221,3302.472,1131.008,0.0,False,0
13142,all_to_one_like,1,MSCCLPP-P,mscclpp,P,4,4,512,141.677,996.347,946.237,81716.66,884.2639999999999,82600.924,3454.019,1261.563,0.0,False,0
13142,all_to_one_like,1,MSCCLPP-P,mscclpp,P,5,5,512,344.02,975.223,928.847,98633.60750000001,880.9300000000001,99514.5375,4230.222,1658.8825,0.0,False,0
13142,all_to_one_like,1,MSCCLPP-P,mscclpp,P,6,6+7,1024,1010.472,1935.124,1824.815,131506.436,1540.9985000000001,133047.4345,7766.065,2978.8045,0.0,False,0
13142,all_to_one_like,2,NCCL-D,nccl,D,0,0,512,2759.273,178.911,279.658,125455.055,146.54149999999998,125601.5965,390.184,140.926,0.0,False,0
13142,all_to_one_like,2,NCCL-D,nccl,D,1,1,512,2636.118,119.252,292.78,148982.97,158.309,149141.27899999998,295.908,69.87,0.0,False,0
13142,all_to_one_like,2,NCCL-D,nccl,D,2,2,512,2628.746,119.225,292.23,174546.9595,158.6155,174705.575,295.236,69.504,0.0,False,0
13142,all_to_one_like,2,NCCL-D,nccl,D,3,3,512,2619.039,111.84,287.652,200068.38150000002,162.793,200231.1745,290.658,68.268,0.0,False,0
13142,all_to_one_like,2,NCCL-D,nccl,D,4,4,512,2649.813,117.217,293.954,225445.695,160.9795,225606.6745,296.976,67.544,0.0,False,0
13142,all_to_one_like,2,NCCL-D,nccl,D,5,5,512,2644.46,118.704,301.232,250415.236,159.393,250574.62900000002,304.238,66.68900000000001,0.0,False,0
13142,all_to_one_like,2,NCCL-D,nccl,D,6,6+7,1024,2642.428,120.644,636.804,274899.754,329.644,275229.39800000004,639.826,71.137,0.0,False,0
13142,all_to_one_like,2,NCCL-P,nccl,P,0,0,512,563.454,377.843,378.742,17025.502500000002,209.2365,17234.739,410.838,42.144,0.0,False,0
13142,all_to_one_like,2,NCCL-P,nccl,P,1,1,512,597.719,11940.848,12094.124,50601.0545,146.353,50747.4075,12097.74,79.60000000000001,0.0,False,0
13142,all_to_one_like,2,NCCL-P,nccl,P,2,2,512,600.415,11920.556,12064.746,93450.9945,154.596,93605.59049999999,12103.274,107.00999999999999,0.0,False,0
13142,all_to_one_like,2,NCCL-P,nccl,P,3,3,512,592.247,11921.908,12078.61,136790.9875,154.188,136945.1755,12081.616,81.841,0.0,False,0
13142,all_to_one_like,2,NCCL-P,nccl,P,4,4,512,532.331,11907.971,12063.272,179986.06199999998,156.7985,180142.8605,12075.114,82.64200000000001,0.0,False,0
13142,all_to_one_like,2,NCCL-P,nccl,P,5,5,512,561.888,11891.564,12029.322,221689.903,162.389,221852.29200000002,12032.328,78.796,0.0,False,0
13142,all_to_one_like,2,NCCL-P,nccl,P,6,6+7,1024,422.828,23897.248,24393.092,272576.51,323.878,272900.38800000004,24396.082,80.825,0.0,False,0
13142,all_to_one_like,2,MSCCLPP-D,mscclpp,D,0,0,512,1564.114,2005.362,1800.518,126040.636,1099.298,127139.93400000001,5197.737,1708.336,0.0,False,0
13142,all_to_one_like,2,MSCCLPP-D,mscclpp,D,1,1,512,1755.596,1807.201,4048.8,125060.0955,2047.9875,127108.083,7268.269,1618.43,0.0,False,0
13142,all_to_one_like,2,MSCCLPP-D,mscclpp,D,2,2,512,1738.518,4058.421,6164.393,127483.3285,1942.147,129425.4755,8787.878,1366.008,0.0,False,0
13142,all_to_one_like,2,MSCCLPP-D,mscclpp,D,3,3,512,1735.522,6218.365,7751.596,129814.30350000001,1624.9045,131439.20799999998,10979.237,1666.5545,0.0,False,0
13142,all_to_one_like,2,MSCCLPP-D,mscclpp,D,4,4,512,1739.451,7773.43,9936.815,131827.4215,1933.1554999999998,133760.577,11692.987,914.953,0.0,False,0
13142,all_to_one_like,2,MSCCLPP-D,mscclpp,D,5,5,512,1801.663,9930.103,10690.487,133640.162,1203.589,134843.751,13716.409,1545.7345,0.0,False,0
13142,all_to_one_like,2,MSCCLPP-D,mscclpp,D,6,6+7,1024,1796.065,10753.559,11796.394,135234.239,1916.2554999999998,137150.4945,19680.175,3976.1955,0.0,False,0
13142,all_to_one_like,2,MSCCLPP-P,mscclpp,P,0,0,512,1252.164,1414.045,1362.013,16620.3145,942.505,17562.819499999998,3250.279,953.344,0.0,False,0
13142,all_to_one_like,2,MSCCLPP-P,mscclpp,P,1,1,512,1260.218,1378.899,1330.279,31088.9435,914.0440000000001,32002.9875,3741.802,1213.957,0.0,False,0
13142,all_to_one_like,2,MSCCLPP-P,mscclpp,P,2,2,512,1273.357,1436.857,1377.388,47779.563,892.1095,48671.6725,3944.544,1291.2575,0.0,False,0
13142,all_to_one_like,2,MSCCLPP-P,mscclpp,P,3,3,512,1296.658,1629.294,1596.513,64491.319,909.5074999999999,65400.826499999996,4029.544,1224.703,0.0,False,0
13142,all_to_one_like,2,MSCCLPP-P,mscclpp,P,4,4,512,1300.716,1785.807,1759.341,81289.38949999999,884.2139999999999,82173.6035,4409.45,1332.734,0.0,False,0
13142,all_to_one_like,2,MSCCLPP-P,mscclpp,P,5,5,512,1332.079,2396.008,2347.122,97852.8055,882.096,98734.9015,4648.06,1158.1565,0.0,False,0
13142,all_to_one_like,2,MSCCLPP-P,mscclpp,P,6,6+7,1024,1224.239,2090.12,2057.096,132315.3905,1585.1660000000002,133900.5565,6838.266,3451.9064999999996,0.0,False,0
13142,balanced,0,NCCL-D,nccl,D,0,0,512,2.084,152.513,230.222,129623.29149999999,167.7705,129791.062,251.92,64.675,0.0,False,0
13142,balanced,0,NCCL-D,nccl,D,1,1,512,8.746,110.949,220.868,140855.1595,192.4235,141047.58299999998,223.874,30.471,0.0,False,0
13142,balanced,0,NCCL-D,nccl,D,2,2,512,2.702,114.237,303.82,154800.1615,156.0795,154956.24099999998,307.224,63.858,0.0,False,0
13142,balanced,0,NCCL-D,nccl,D,3,3,512,53.947,72.877,74.476,168197.37699999998,250.54250000000002,168447.91950000002,77.498,3.2279999999999998,0.0,False,0
13142,balanced,0,NCCL-D,nccl,D,4,4,512,58.44,118.936,307.346,181805.729,155.656,181961.385,310.414,63.981,0.0,False,0
13142,balanced,0,NCCL-D,nccl,D,5,5,512,40.519,110.965,304.684,195399.394,156.5855,195555.97950000002,307.812,67.06200000000001,0.0,False,0
13142,balanced,0,NCCL-D,nccl,D,6,6+7,1024,112.995,102.456,213.458,208219.96649999998,532.8530000000001,208752.81949999998,216.572,3.0599999999999996,0.0,False,0
13142,balanced,0,NCCL-P,nccl,P,0,0,512,2.277,139.633,150.998,44492.8,106.5325,44599.332500000004,334.898,184.99,0.0,False,0
13142,balanced,0,NCCL-P,nccl,P,1,1,512,173.174,1655.391,1668.456,74646.5215,234.1745,74880.696,1671.4,9.482999999999999,0.0,False,0
13142,balanced,0,NCCL-P,nccl,P,2,2,512,129.127,587.451,584.902,107909.43100000001,243.3865,108152.8175,587.878,3.037,0.0,False,0
13142,balanced,0,NCCL-P,nccl,P,3,3,512,116.108,2211.089,2232.622,140569.9645,232.26350000000002,140802.228,2235.644,3.0679999999999996,0.0,False,0
13142,balanced,0,NCCL-P,nccl,P,4,4,512,119.836,441.246,442.518,173074.56199999998,244.333,173318.89500000002,445.632,3.0679999999999996,0.0,False,0
13142,balanced,0,NCCL-P,nccl,P,5,5,512,93.334,446.244,449.506,204610.47100000002,246.28,204856.751,452.59,3.053,0.0,False,0
13142,balanced,0,NCCL-P,nccl,P,6,6+7,1024,86.365,285.835,284.594,256225.72100000002,578.4395,256804.1605,287.616,3.2359999999999998,0.0,False,0
13142,balanced,0,MSCCLPP-D,mscclpp,D,0,0,512,43.312,485.896,473.175,129499.014,1739.5415,131238.5555,1448.018,1196.625,0.0,False,0
13142,balanced,0,MSCCLPP-D,mscclpp,D,1,1,512,72.867,287.76,119.737,129518.37849999999,1584.6675,131103.046,689.141,598.0,0.0,False,0
13142,balanced,0,MSCCLPP-D,mscclpp,D,2,2,512,80.853,5.946,47.018,131431.3135,1353.4940000000001,132784.8075,855.031,812.031,0.0,False,0
13142,balanced,0,MSCCLPP-D,mscclpp,D,3,3,512,53.278,40.328,5.049,133082.587,1452.2465,134534.8335,843.781,760.328,0.0,False,0
13142,balanced,0,MSCCLPP-D,mscclpp,D,4,4,512,48.434,52.512,118.857,134779.174,1425.4985000000001,136204.6725,1047.623,733.1800000000001,0.0,False,0
13142,balanced,0,MSCCLPP-D,mscclpp,D,5,5,512,41.026,177.421,361.545,136492.52850000001,1467.3539999999998,137959.8825,795.717,594.4300000000001,0.0,False,0
13142,balanced,0,MSCCLPP-D,mscclpp,D,6,6+7,1024,55.885,173.113,48.201,138321.142,2259.6859999999997,140580.828,2048.06,1995.7575,0.0,False,0
13142,balanced,0,MSCCLPP-P,mscclpp,P,0,0,512,158.667,2.728,65.88,17396.641499999998,1475.588,18872.2295,905.219,869.8945000000001,0.0,False,0
13142,balanced,0,MSCCLPP-P,mscclpp,P,1,1,512,105.524,133.641,237.918,32992.45849999999,1434.2395000000001,34426.698000000004,1402.89,1016.836,0.0,False,0
13142,balanced,0,MSCCLPP-P,mscclpp,P,2,2,512,132.312,216.847,292.184,50849.4775,1454.2375,52303.715,1407.333,1260.0394999999999,0.0,False,0
13142,balanced,0,MSCCLPP-P,mscclpp,P,3,3,512,197.716,373.147,397.653,68667.77549999999,1441.3000000000002,70109.0755,1440.091,1115.141,0.0,False,0
13142,balanced,0,MSCCLPP-P,mscclpp,P,4,4,512,153.022,378.167,457.06,86514.61850000001,1441.9295,87956.54800000001,1543.529,1309.7035,0.0,False,0
13142,balanced,0,MSCCLPP-P,mscclpp,P,5,5,512,149.098,322.468,396.638,104385.546,1476.098,105861.644,902.157,701.4535000000001,0.0,False,0
13142,balanced,0,MSCCLPP-P,mscclpp,P,6,6+7,1024,212.768,443.448,487.762,138352.45,2463.974,140816.424,3867.64,3239.4215,0.0,False,0
13142,balanced,1,NCCL-D,nccl,D,0,0,512,88.818,156.693,197.096,130543.4685,186.74450000000002,130730.21299999999,223.938,49.355,0.0,False,0
13142,balanced,1,NCCL-D,nccl,D,1,1,512,36.066,105.654,115.358,141690.978,243.027,141934.005,118.652,3.2110000000000003,0.0,False,0
13142,balanced,1,NCCL-D,nccl,D,2,2,512,40.162,114.879,302.614,155876.0945,156.4795,156032.574,305.848,65.78800000000001,0.0,False,0
13142,balanced,1,NCCL-D,nccl,D,3,3,512,64.93,110.129,245.116,169253.1385,183.7825,169436.92099999997,248.108,52.407000000000004,0.0,False,0
13142,balanced,1,NCCL-D,nccl,D,4,4,512,85.882,118.035,308.792,182797.1575,157.7545,182954.912,311.904,65.544,0.0,False,0
13142,balanced,1,NCCL-D,nccl,D,5,5,512,89.384,116.036,300.628,198574.292,160.42700000000002,198734.71899999998,303.696,67.58200000000001,0.0,False,0
13142,balanced,1,NCCL-D,nccl,D,6,6+7,1024,54.655,99.31,216.064,211667.1105,531.2429999999999,212198.3535,219.254,3.098,0.0,False,0
13142,balanced,1,NCCL-P,nccl,P,0,0,512,103.476,16.259,9.624,17338.3335,220.1905,17558.523999999998,21.208,10.559999999999999,0.0,False,0
13142,balanced,1,NCCL-P,nccl,P,1,1,512,51.368,71.004,75.432,44865.825,230.65800000000002,45096.483,78.536,3.057,0.0,False,0
13142,balanced,1,NCCL-P,nccl,P,2,2,512,56.86,4199.253,4203.08,76282.6545,233.5905,76516.245,4206.536,3.2960000000000003,0.0,False,0
13142,balanced,1,NCCL-P,nccl,P,3,3,512,154.445,497.724,493.562,108040.5495,234.86700000000002,108275.41649999999,496.598,3.0709999999999997,0.0,False,0
13142,balanced,1,NCCL-P,nccl,P,4,4,512,91.182,3876.239,3882.21,139819.1265,234.6335,140053.76,3885.306,3.036,0.0,False,0
13142,balanced,1,NCCL-P,nccl,P,5,5,512,88.782,4163.966,4165.276,173264.064,235.707,173499.771,4168.388,3.044,0.0,False,0
13142,balanced,1,NCCL-P,nccl,P,6,6+7,1024,138.418,3029.544,3031.686,222177.585,564.5640000000001,222742.149,3034.798,3.059,0.0,False,0
13142,balanced,1,MSCCLPP-D,mscclpp,D,0,0,512,2547.657,5380.08,5488.923,131039.45249999998,1636.1035000000002,132675.556,7173.407,1376.8745,0.0,False,0
13142,balanced,1,MSCCLPP-D,mscclpp,D,1,1,512,2618.135,5419.312,5905.47,130587.4775,1825.779,132413.25650000002,6597.689,717.3130000000001,0.0,False,0
13142,balanced,1,MSCCLPP-D,mscclpp,D,2,2,512,2614.739,5831.236,5877.813,132714.4805,1394.0794999999998,134108.56,7292.985,1367.039,0.0,False,0
13142,balanced,1,MSCCLPP-D,mscclpp,D,3,3,512,2541.883,5814.596,5965.876,134351.4015,1693.239,136044.64049999998,8435.751,1682.4215,0.0,False,0
13142,balanced,1,MSCCLPP-D,mscclpp,D,4,4,512,2620.34,5913.333,7234.61,136303.0475,2190.6255,138493.673,8063.032,723.4535000000001,0.0,False,0
13142,balanced,1,MSCCLPP-D,mscclpp,D,5,5,512,2628.269,7170.646,7376.954,138797.71850000002,1422.979,140220.6975,8160.329,884.2265,0.0,False,0
13142,balanced,1,MSCCLPP-D,mscclpp,D,6,6+7,1024,2218.122,7272.741,7288.892,140924.9175,2275.9705,143200.88799999998,10152.001,2377.2185,0.0,False,0
13142,balanced,1,MSCCLPP-P,mscclpp,P,0,0,512,544.709,571.983,638.007,17433.273999999998,1494.0549999999998,18927.328999999998,1480.757,1082.8825000000002,0.0,False,0
13142,balanced,1,MSCCLPP-P,mscclpp,P,1,1,512,526.999,439.749,513.062,33185.29,1453.4845,34638.7745,1527.843,1006.609,0.0,False,0
13142,balanced,1,MSCCLPP-P,mscclpp,P,2,2,512,528.216,180.933,232.492,51180.6115,1475.3415,52655.953,1449.985,1329.6605,0.0,False,0
13142,balanced,1,MSCCLPP-P,mscclpp,P,3,3,512,473.707,74.753,142.375,69166.532,1444.138,70610.67,874.546,597.5070000000001,0.0,False,0
13142,balanced,1,MSCCLPP-P,mscclpp,P,4,4,512,538.53,96.395,27.609,87180.6845,1460.526,88641.2105,849.922,834.047,0.0,False,0
13142,balanced,1,MSCCLPP-P,mscclpp,P,5,5,512,526.76,52.382,48.188,105280.294,1451.212,106731.506,830.516,804.3515,0.0,False,0
13142,balanced,1,MSCCLPP-P,mscclpp,P,6,6+7,1024,533.725,195.828,215.093,139298.6925,2451.8605,141750.553,2831.406,2105.8515,0.0,False,0
13142,balanced,2,NCCL-D,nccl,D,0,0,512,488.31,176.469,304.612,130877.6325,143.34050000000002,131020.973,349.0,104.19500000000001,0.0,False,0
13142,balanced,2,NCCL-D,nccl,D,1,1,512,458.935,125.884,310.626,142443.5655,155.143,142598.7085,313.632,68.459,0.0,False,0
13142,balanced,2,NCCL-D,nccl,D,2,2,512,461.076,57.268,56.47,155885.10700000002,250.285,156135.392,59.706,3.265,0.0,False,0
13142,balanced,2,NCCL-D,nccl,D,3,3,512,464.902,118.608,309.05,170080.01799999998,156.422,170236.44,312.162,66.612,0.0,False,0
13142,balanced,2,NCCL-D,nccl,D,4,4,512,455.781,120.843,313.31,184097.197,156.1735,184253.37050000002,316.316,68.749,0.0,False,0
13142,balanced,2,NCCL-D,nccl,D,5,5,512,459.605,119.031,310.058,197668.61099999998,155.8725,197824.4835,313.096,64.827,0.0,False,0
13142,balanced,2,NCCL-D,nccl,D,6,6+7,1024,491.48,7.969,7.234,210267.9285,589.0654999999999,210856.994,10.24,3.0519999999999996,0.0,False,0
13142,balanced,2,NCCL-P,nccl,P,0,0,512,94.247,64.598,67.192,17221.343500000003,224.106,17445.4495,70.296,7.215999999999999,0.0,False,0
13142,balanced,2,NCCL-P,nccl,P,1,1,512,105.33,759.02,757.194,44669.132,232.659,44901.791,760.204,3.1529999999999996,0.0,False,0
13142,balanced,2,NCCL-P,nccl,P,2,2,512,100.32,161.959,158.858,74677.7855,233.3345,74911.12,161.864,3.056,0.0,False,0
13142,balanced,2,NCCL-P,nccl,P,3,3,512,96.761,1417.299,1419.704,104483.236,235.65050000000002,104718.8865,1422.908,3.09,0.0,False,0
13142,balanced,2,NCCL-P,nccl,P,4,4,512,94.621,1296.424,1293.668,134937.4265,236.93599999999998,135174.3625,1296.69,3.227,0.0,False,0
13142,balanced,2,NCCL-P,nccl,P,5,5,512,97.328,254.797,248.9,165148.0665,237.6135,165385.68,251.906,3.0519999999999996,0.0,False,0
13142,balanced,2,NCCL-P,nccl,P,6,6+7,1024,89.14,366.983,374.372,210056.4295,563.5345,210619.964,377.378,3.051,0.0,False,0
13142,balanced,2,MSCCLPP-D,mscclpp,D,0,0,512,3.236,6328.22,6337.428,135731.632,1700.649,137432.28100000002,7333.413,976.711,0.0,False,0
13142,balanced,2,MSCCLPP-D,mscclpp,D,1,1,512,21.525,6542.58,6534.694,135521.0085,1607.085,137128.09350000002,7489.069,696.328,0.0,False,0
13142,balanced,2,MSCCLPP-D,mscclpp,D,2,2,512,33.831,6699.115,6908.46,137493.421,1486.3705,138979.7915,7613.991,882.6875,0.0,False,0
13142,balanced,2,MSCCLPP-D,mscclpp,D,3,3,512,41.541,7092.941,6985.241,139355.994,1499.635,140855.62900000002,8738.335,1428.9925,0.0,False,0
13142,balanced,2,MSCCLPP-D,mscclpp,D,4,4,512,41.695,7164.575,7539.226,141156.83500000002,1800.3865,142957.22149999999,8883.741,1487.3595,0.0,False,0
13142,balanced,2,MSCCLPP-D,mscclpp,D,5,5,512,43.625,7718.085,7504.429,143321.52000000002,1886.46,145207.98,8675.882,875.5155,0.0,False,0
13142,balanced,2,MSCCLPP-D,mscclpp,D,6,6+7,1024,27.68,7402.753,7238.179,145602.3855,2268.6620000000003,147871.0475,10369.569,2966.0155,0.0,False,0
13142,balanced,2,MSCCLPP-P,mscclpp,P,0,0,512,27.126,23.791,57.146,17556.9945,1511.1255,19068.120000000003,1059.638,883.9335,0.0,False,0
13142,balanced,2,MSCCLPP-P,mscclpp,P,1,1,512,72.977,29.634,67.95,33245.8915,1455.5700000000002,34701.4615,715.773,650.7495,0.0,False,0
13142,balanced,2,MSCCLPP-P,mscclpp,P,2,2,512,87.877,92.747,256.372,51185.81,1498.9105,52684.720499999996,1841.505,1291.7655,0.0,False,0
13142,balanced,2,MSCCLPP-P,mscclpp,P,3,3,512,96.709,14.2,100.731,69261.1815,1433.8405,70695.022,1014.781,867.8435,0.0,False,0
13142,balanced,2,MSCCLPP-P,mscclpp,P,4,4,512,94.289,94.702,23.175,87289.9835,1463.3715,88753.35500000001,879.61,718.844,0.0,False,0
13142,balanced,2,MSCCLPP-P,mscclpp,P,5,5,512,91.298,196.105,160.409,105290.9375,1468.47,106759.4075,1041.406,881.1485,0.0,False,0
13142,balanced,2,MSCCLPP-P,mscclpp,P,6,6+7,1024,110.664,220.044,105.097,139597.71000000002,2480.4485,142078.1585,3180.547,2754.047,0.0,False,0
13142,multiple_progressive_shards,0,NCCL-D,nccl,D,0,0,128,981.52,301.543,309.112,131491.16749999998,84.9675,131576.135,469.848,162.636,0.0,False,0
13142,multiple_progressive_shards,0,NCCL-D,nccl,D,1,1,256,924.203,91.393,96.804,134777.215,75.1275,134852.3425,229.86,131.012,0.0,False,0
13142,multiple_progressive_shards,0,NCCL-D,nccl,D,2,2,384,1000.401,132.965,234.204,142002.70799999998,111.7085,142114.4165,300.596,96.794,0.0,False,0
13142,multiple_progressive_shards,0,NCCL-D,nccl,D,3,3,512,952.625,119.582,304.002,152299.5785,154.751,152454.3295,306.81,67.24499999999999,0.0,False,0
13142,multiple_progressive_shards,0,NCCL-D,nccl,D,4,4,640,951.157,116.121,382.678,166192.821,200.2935,166393.1145,385.5,67.428,0.0,False,0
13142,multiple_progressive_shards,0,NCCL-D,nccl,D,5,5,768,949.186,48.479,49.35,182838.43550000002,416.3875,183254.82299999997,52.126,2.846,0.0,False,0
13142,multiple_progressive_shards,0,NCCL-D,nccl,D,6,6+7,1408,944.845,124.17,899.594,203341.46850000002,450.6,203792.0685,902.478,65.445,0.0,False,0
13142,multiple_progressive_shards,0,NCCL-P,nccl,P,0,0,128,1687.809,1851.267,1846.264,5731.105,78.98349999999999,5810.0885,2014.68,176.94400000000002,0.0,False,1
13142,multiple_progressive_shards,0,NCCL-P,nccl,P,1,1,256,965.048,133.771,129.256,18212.8785,77.98949999999999,18290.868000000002,263.304,144.06400000000002,0.0,False,0
13142,multiple_progressive_shards,0,NCCL-P,nccl,P,2,2,384,1539.773,2051.971,2049.878,37979.808000000005,163.2385,38143.0465,2102.648,51.472,0.0,False,0
13142,multiple_progressive_shards,0,NCCL-P,nccl,P,3,3,512,1561.675,1349.793,1353.9,65432.60400000001,244.02249999999998,65676.6265,1356.676,3.0359999999999996,0.0,False,0
13142,multiple_progressive_shards,0,NCCL-P,nccl,P,4,4,640,1534.664,1575.356,1581.286,100576.245,324.956,100901.201,1584.162,3.086,0.0,False,0
13142,multiple_progressive_shards,0,NCCL-P,nccl,P,5,5,768,1572.502,664.843,666.186,142711.73249999998,404.25350000000003,143115.98599999998,669.33,3.128,0.0,False,0
13142,multiple_progressive_shards,0,NCCL-P,nccl,P,6,6+7,1408,1571.075,3727.112,3730.558,209378.77049999998,803.192,210181.9625,3733.626,2.931,0.0,False,0
13142,multiple_progressive_shards,0,MSCCLPP-D,mscclpp,D,0,0,128,644.562,2052.113,1972.019,129512.5385,851.509,130364.0475,2202.769,238.25,0.0,False,0
13142,multiple_progressive_shards,0,MSCCLPP-D,mscclpp,D,1,1,256,584.514,2105.365,2005.129,129724.3075,842.856,130567.1635,2567.316,496.648,0.0,False,0
13142,multiple_progressive_shards,0,MSCCLPP-D,mscclpp,D,2,2,384,867.621,2132.293,2068.629,130293.516,870.174,131163.69,2750.613,1033.7265,0.0,False,0
13142,multiple_progressive_shards,0,MSCCLPP-D,mscclpp,D,3,3,512,658.447,2181.531,1885.317,131672.137,1187.547,132859.684,3244.176,1119.234,0.0,False,0
13142,multiple_progressive_shards,0,MSCCLPP-D,mscclpp,D,4,4,640,654.012,1950.334,2088.083,133602.97100000002,1249.6405,134852.6115,3612.817,1148.414,0.0,False,0
13142,multiple_progressive_shards,0,MSCCLPP-D,mscclpp,D,5,5,768,654.384,1998.195,2068.645,135681.6485,1348.0700000000002,137029.7185,3518.629,1281.5465,0.0,False,0
13142,multiple_progressive_shards,0,MSCCLPP-D,mscclpp,D,6,6+7,1408,654.616,1926.093,1773.723,138477.5855,1855.725,140333.31050000002,5746.832,4687.867,0.0,False,0
13142,multiple_progressive_shards,0,MSCCLPP-P,mscclpp,P,0,0,128,1164.254,1221.734,1147.011,5092.427,610.7964999999999,5703.2235,1381.503,201.7265,0.0,False,0
13142,multiple_progressive_shards,0,MSCCLPP-P,mscclpp,P,1,1,256,1078.285,1315.308,1285.253,13470.859499999999,774.0295,14244.889,1958.019,538.1134999999999,0.0,False,0
13142,multiple_progressive_shards,0,MSCCLPP-P,mscclpp,P,2,2,384,1086.219,1276.197,1271.941,25994.231,930.1030000000001,26924.334000000003,2378.886,969.2185,0.0,False,0
13142,multiple_progressive_shards,0,MSCCLPP-P,mscclpp,P,3,3,512,1105.031,1305.418,1282.183,43073.0435,1069.3004999999998,44142.344,2309.246,981.5005000000001,0.0,False,0
13142,multiple_progressive_shards,0,MSCCLPP-P,mscclpp,P,4,4,640,1103.779,1631.875,1583.245,65168.344,1235.3339999999998,66403.678,3174.542,1511.4295,0.0,False,0
13142,multiple_progressive_shards,0,MSCCLPP-P,mscclpp,P,5,5,768,1102.386,1686.691,1576.074,91487.23449999999,1403.7295,92890.964,2453.652,1040.9065,0.0,False,0
13142,multiple_progressive_shards,0,MSCCLPP-P,mscclpp,P,6,6+7,1408,1102.644,1943.33,1780.87,138583.903,2222.977,140806.88,5087.234,3729.414,0.0,False,0
13142,multiple_progressive_shards,1,NCCL-D,nccl,D,0,0,128,620.049,187.97,192.092,130876.6045,83.91,130960.51449999999,379.44,180.985,0.0,False,0
13142,multiple_progressive_shards,1,NCCL-D,nccl,D,1,1,256,613.09,123.223,132.844,134267.0945,74.1625,134341.25699999998,252.108,129.693,0.0,False,0
13142,multiple_progressive_shards,1,NCCL-D,nccl,D,2,2,384,637.827,112.413,203.98,141371.56,119.83250000000001,141491.39250000002,258.272,93.797,0.0,False,0
13142,multiple_progressive_shards,1,NCCL-D,nccl,D,3,3,512,631.544,117.051,303.208,151515.6495,157.3085,151672.95799999998,306.0,67.031,0.0,False,0
13142,multiple_progressive_shards,1,NCCL-D,nccl,D,4,4,640,632.525,113.618,377.41,165554.9755,200.95,165755.9255,380.386,69.74,0.0,False,0
13142,multiple_progressive_shards,1,NCCL-D,nccl,D,5,5,768,650.369,111.376,358.32,182320.2065,292.868,182613.0745,361.236,13.962,0.0,False,0
13142,multiple_progressive_shards,1,NCCL-D,nccl,D,6,6+7,1408,629.103,111.993,869.048,202650.40399999998,459.4935,203109.8975,871.946,58.631,0.0,False,0
13142,multiple_progressive_shards,1,NCCL-P,nccl,P,0,0,128,2.6,140.21,141.856,5576.205,65.189,5641.394,291.904,154.848,0.0,False,0
13142,multiple_progressive_shards,1,NCCL-P,nccl,P,1,1,256,28.411,374.138,374.592,17344.999499999998,67.568,17412.567499999997,508.16,132.512,0.0,False,0
13142,multiple_progressive_shards,1,NCCL-P,nccl,P,2,2,384,36.485,1415.673,1415.65,35833.907999999996,150.8265,35984.734500000006,1464.32,49.217,0.0,False,0
13142,multiple_progressive_shards,1,NCCL-P,nccl,P,3,3,512,7.604,712.193,716.51,62566.182499999995,233.0695,62799.252,719.296,2.832,0.0,False,0
13142,multiple_progressive_shards,1,NCCL-P,nccl,P,4,4,640,23.613,7910.278,7715.65,100676.0005,212.67,100888.67050000001,7883.648,85.39099999999999,0.0,False,0
13142,multiple_progressive_shards,1,NCCL-P,nccl,P,5,5,768,26.345,8193.724,8184.902,149653.9095,387.431,150041.3405,8187.818,2.854,0.0,False,0
13142,multiple_progressive_shards,1,NCCL-P,nccl,P,6,6+7,1408,27.254,7237.696,7238.69,220833.283,788.874,221622.157,7241.878,3.112,0.0,False,0
13142,multiple_progressive_shards,1,MSCCLPP-D,mscclpp,D,0,0,128,90.083,31.296,70.74,130087.28450000001,758.662,130845.94649999999,382.037,288.766,0.0,False,0
13142,multiple_progressive_shards,1,MSCCLPP-D,mscclpp,D,1,1,256,39.062,0.818,62.552,130146.20300000001,744.575,130890.77799999999,935.922,685.5545,0.0,False,0
13142,multiple_progressive_shards,1,MSCCLPP-D,mscclpp,D,2,2,384,9.869,65.617,158.651,130733.374,902.3589999999999,131635.733,1570.828,1396.742,0.0,False,0
13142,multiple_progressive_shards,1,MSCCLPP-D,mscclpp,D,3,3,512,15.872,260.244,105.536,132056.19400000002,1304.7289999999998,133360.923,1232.958,860.664,0.0,False,0
13142,multiple_progressive_shards,1,MSCCLPP-D,mscclpp,D,4,4,640,16.785,71.976,113.74,134135.54450000002,1126.995,135262.5395,1299.536,1060.351,0.0,False,0
13142,multiple_progressive_shards,1,MSCCLPP-D,mscclpp,D,5,5,768,19.681,255.944,414.817,136084.1385,1237.8564999999999,137321.995,1658.89,1407.4920000000002,0.0,False,0
13142,multiple_progressive_shards,1,MSCCLPP-D,mscclpp,D,6,6+7,1408,17.028,496.293,563.302,138774.6555,1850.3805,140625.03600000002,5411.86,5029.898999999999,0.0,False,0
13142,multiple_progressive_shards,1,MSCCLPP-P,mscclpp,P,0,0,128,6.385,39.397,67.341,5091.082,599.102,5690.184,461.583,425.988,0.0,False,0
13142,multiple_progressive_shards,1,MSCCLPP-P,mscclpp,P,1,1,256,23.162,113.806,57.597,13609.349,764.7165,14374.0655,658.691,530.4375,0.0,False,0
13142,multiple_progressive_shards,1,MSCCLPP-P,mscclpp,P,2,2,384,14.079,238.834,239.87,26244.1865,927.678,27171.8645,1502.464,1267.711,0.0,False,0
13142,multiple_progressive_shards,1,MSCCLPP-P,mscclpp,P,3,3,512,52.744,394.155,362.753,43486.989499999996,1084.282,44571.2715,1397.765,1005.57,0.0,False,0
13142,multiple_progressive_shards,1,MSCCLPP-P,mscclpp,P,4,4,640,57.378,507.976,432.386,65811.929,1218.112,67030.041,1772.547,1177.086,0.0,False,0
13142,multiple_progressive_shards,1,MSCCLPP-P,mscclpp,P,5,5,768,63.174,494.849,556.292,91817.3635,1454.4904999999999,93271.85399999999,2638.859,2207.242,0.0,False,0
13142,multiple_progressive_shards,1,MSCCLPP-P,mscclpp,P,6,6+7,1408,68.048,1042.245,958.714,138713.1615,2216.6175,140929.77899999998,5813.496,5184.0005,0.0,False,0
13142,multiple_progressive_shards,2,NCCL-D,nccl,D,0,0,128,434.948,200.491,196.188,130862.07149999999,83.0035,130945.07500000001,350.454,158.492,0.0,False,0
13142,multiple_progressive_shards,2,NCCL-D,nccl,D,1,1,256,390.642,133.608,147.728,134230.811,69.82,134300.631,272.942,144.65300000000002,0.0,False,0
13142,multiple_progressive_shards,2,NCCL-D,nccl,D,2,2,384,392.883,96.383,189.234,140889.512,118.37450000000001,141007.88650000002,218.928,95.74199999999999,0.0,False,0
13142,multiple_progressive_shards,2,NCCL-D,nccl,D,3,3,512,400.289,125.732,308.952,151088.7955,155.18200000000002,151243.9775,311.836,70.30499999999999,0.0,False,0
13142,multiple_progressive_shards,2,NCCL-D,nccl,D,4,4,640,418.113,128.995,393.53,165191.441,197.9905,165389.4315,396.674,66.276,0.0,False,0
13142,multiple_progressive_shards,2,NCCL-D,nccl,D,5,5,768,444.015,126.793,479.514,182523.633,239.49650000000003,182763.12949999998,482.702,65.414,0.0,False,0
13142,multiple_progressive_shards,2,NCCL-D,nccl,D,6,6+7,1408,508.094,106.451,390.146,202596.5495,699.3675000000001,203295.91700000002,392.938,2.831,0.0,False,0
13142,multiple_progressive_shards,2,NCCL-P,nccl,P,0,0,128,339.702,763.506,750.71,5825.925,78.77199999999999,5904.697,943.254,177.936,0.0,False,0
13142,multiple_progressive_shards,2,NCCL-P,nccl,P,1,1,256,388.738,1175.76,1182.262,18232.33,67.761,18300.091,1340.95,147.88799999999998,0.0,False,0
13142,multiple_progressive_shards,2,NCCL-P,nccl,P,2,2,384,367.792,3288.86,3288.31,38848.102,151.534,38999.636,3368.376,65.681,0.0,False,0
13142,multiple_progressive_shards,2,NCCL-P,nccl,P,3,3,512,431.158,3170.436,3173.11,68270.286,230.906,68501.19200000001,3175.894,2.831,0.0,False,0
13142,multiple_progressive_shards,2,NCCL-P,nccl,P,4,4,640,571.124,524.717,527.992,107333.90950000001,308.3485,107642.258,530.776,2.831,0.0,False,0
13142,multiple_progressive_shards,2,NCCL-P,nccl,P,5,5,768,574.123,360.337,357.674,149536.887,379.97249999999997,149916.85950000002,360.848,2.9749999999999996,0.0,False,0
13142,multiple_progressive_shards,2,NCCL-P,nccl,P,6,6+7,1408,557.768,298.174,300.134,214131.049,779.239,214910.288,303.246,2.944,0.0,False,0
13142,multiple_progressive_shards,2,MSCCLPP-D,mscclpp,D,0,0,128,3.989,841.729,656.847,129861.049,805.877,130666.926,921.316,255.625,0.0,False,0
13142,multiple_progressive_shards,2,MSCCLPP-D,mscclpp,D,1,1,256,2.01,687.786,608.988,130081.35800000001,854.243,130935.601,1303.27,596.993,0.0,False,0
13142,multiple_progressive_shards,2,MSCCLPP-D,mscclpp,D,2,2,384,4.149,687.177,677.628,130774.09899999999,887.6525,131661.7515,1423.097,720.8985,0.0,False,0
13142,multiple_progressive_shards,2,MSCCLPP-D,mscclpp,D,3,3,512,27.105,741.326,741.097,132047.5435,1042.8535000000002,133090.397,2217.985,1621.5005,0.0,False,0
13142,multiple_progressive_shards,2,MSCCLPP-D,mscclpp,D,4,4,640,33.57,568.483,296.215,133917.6465,1466.729,135384.37550000002,1542.141,1274.3675,0.0,False,0
13142,multiple_progressive_shards,2,MSCCLPP-D,mscclpp,D,5,5,768,31.326,461.439,302.356,136169.82150000002,1397.4755,137567.29700000002,2318.343,1558.023,0.0,False,0
13142,multiple_progressive_shards,2,MSCCLPP-D,mscclpp,D,6,6+7,1408,45.155,526.023,432.418,138949.42599999998,1980.8745,140930.3005,5000.203,3845.125,0.0,False,0
13142,multiple_progressive_shards,2,MSCCLPP-P,mscclpp,P,0,0,128,1716.245,1749.935,1687.659,5095.24,634.155,5729.395,1916.073,279.586,0.0,False,1
13142,multiple_progressive_shards,2,MSCCLPP-P,mscclpp,P,1,1,256,1071.586,1949.502,1919.144,13488.936,806.875,14295.811,2734.245,605.6990000000001,0.0,False,0
13142,multiple_progressive_shards,2,MSCCLPP-P,mscclpp,P,2,2,384,1336.582,2312.792,2268.315,26252.518,901.5525,27154.0705,3523.737,872.4455,0.0,False,0
13142,multiple_progressive_shards,2,MSCCLPP-P,mscclpp,P,3,3,512,1648.405,2608.255,2573.463,43389.428,1068.335,44457.763,3762.33,874.496,0.0,False,0
13142,multiple_progressive_shards,2,MSCCLPP-P,mscclpp,P,4,4,640,1654.169,2778.473,2671.784,65325.073000000004,1204.4735,66529.5465,3939.503,1204.7425,0.0,False,0
13142,multiple_progressive_shards,2,MSCCLPP-P,mscclpp,P,5,5,768,1657.354,2970.23,2879.659,91624.411,1384.3535,93008.76449999999,4852.909,1796.094,0.0,False,0
13142,multiple_progressive_shards,2,MSCCLPP-P,mscclpp,P,6,6+7,1408,1664.215,3297.037,3126.425,138633.905,2171.917,140805.822,5931.143,3456.4919999999997,0.0,False,0
13142,skewed,0,NCCL-D,nccl,D,0,0,512,7877.835,182.784,295.4,134489.1875,143.438,134632.6255,331.336,103.89800000000001,0.0,False,0
13142,skewed,0,NCCL-D,nccl,D,1,1,512,7863.341,120.651,307.532,153870.316,154.6655,154024.9815,310.538,66.521,0.0,False,0
13142,skewed,0,NCCL-D,nccl,D,2,2,512,7834.647,117.35,307.73,175125.6555,155.55700000000002,175281.2125,310.736,65.491,0.0,False,0
13142,skewed,0,NCCL-D,nccl,D,3,3,512,7776.583,115.683,305.562,196796.662,156.46949999999998,196953.13150000002,308.568,66.879,0.0,False,0
13142,skewed,0,NCCL-D,nccl,D,4,4,512,7794.338,109.832,293.082,220480.244,161.527,220641.771,296.27,67.146,0.0,False,0
13142,skewed,0,NCCL-D,nccl,D,5,5,512,7737.223,118.675,310.962,243696.573,158.0245,243854.5975,313.968,65.65,0.0,False,0
13142,skewed,0,NCCL-D,nccl,D,6,6+7,1024,7592.747,114.906,532.736,266848.35349999997,380.946,267229.29949999996,535.726,68.11500000000001,0.0,False,0
13142,skewed,0,NCCL-P,nccl,P,0,0,512,729.459,957.67,954.82,17375.572500000002,220.417,17595.9895,966.564,12.992,0.0,False,0
13142,skewed,0,NCCL-P,nccl,P,1,1,512,746.182,12348.152,12517.352,47652.529,146.727,47799.256,12520.328,78.353,0.0,False,0
13142,skewed,0,NCCL-P,nccl,P,2,2,512,748.136,12358.977,12527.11,85485.5945,148.69650000000001,85634.291,12530.116,72.51,0.0,False,0
13142,skewed,0,NCCL-P,nccl,P,3,3,512,745.292,12335.06,12496.736,125018.11300000001,152.411,125170.524,12499.742,69.919,0.0,False,0
13142,skewed,0,NCCL-P,nccl,P,4,4,512,741.585,12221.358,12301.98,169194.6555,192.9,169387.55550000002,12304.986,94.399,0.0,False,0
13142,skewed,0,NCCL-P,nccl,P,5,5,512,662.574,12354.055,12525.536,209017.23249999998,149.6105,209166.843,12528.542,67.482,0.0,False,0
13142,skewed,0,NCCL-P,nccl,P,6,6+7,1024,647.977,26747.78,26746.546,264709.4205,563.932,265273.3525,26749.536,2.914,0.0,False,0
13142,skewed,0,MSCCLPP-D,mscclpp,D,0,0,512,1587.687,5657.062,5619.256,131735.5775,1542.465,133278.04249999998,5793.35,1186.8285,0.0,False,0
13142,skewed,0,MSCCLPP-D,mscclpp,D,1,1,512,1632.601,5525.47,4587.069,131212.5875,1839.4535,133052.041,4809.288,1196.0315,0.0,False,0
13142,skewed,0,MSCCLPP-D,mscclpp,D,2,2,512,1632.486,4520.84,3550.772,133365.09100000001,1852.8519999999999,135217.943,3781.194,1049.6175,0.0,False,0
13142,skewed,0,MSCCLPP-D,mscclpp,D,3,3,512,1646.218,3494.852,2775.615,135516.628,1655.9185,137172.5465,2981.427,1074.679,0.0,False,0
13142,skewed,0,MSCCLPP-D,mscclpp,D,4,4,512,1642.002,2720.906,1969.724,137486.481,1701.546,139188.027,2440.756,1180.1565,0.0,False,0
13142,skewed,0,MSCCLPP-D,mscclpp,D,5,5,512,1613.608,1914.218,1164.85,139399.153,1687.09,141086.24300000002,2397.172,1311.2265,0.0,False,0
13142,skewed,0,MSCCLPP-D,mscclpp,D,6,6+7,1024,1597.513,1182.769,898.631,141565.407,2449.855,144015.262,5182.469,2857.9765,0.0,False,0
13142,skewed,0,MSCCLPP-P,mscclpp,P,0,0,512,214.501,316.254,353.466,17388.0015,1442.43,18830.4315,2223.109,1244.168,0.0,False,0
13142,skewed,0,MSCCLPP-P,mscclpp,P,1,1,512,259.079,340.633,412.856,33036.81,1398.2885,34435.0985,2146.297,1201.1485,0.0,False,0
13142,skewed,0,MSCCLPP-P,mscclpp,P,2,2,512,251.476,2222.435,2201.409,52235.4065,1426.33,53661.7365,4259.659,1120.2575,0.0,False,0
13142,skewed,0,MSCCLPP-P,mscclpp,P,3,3,512,242.808,2445.343,2345.776,70147.80350000001,1373.3265,71521.13,3683.12,749.0550000000001,0.0,False,0
13142,skewed,0,MSCCLPP-P,mscclpp,P,4,4,512,248.81,2459.735,2420.558,88096.16750000001,1384.2255,89480.39300000001,3759.948,754.1715,0.0,False,0
13142,skewed,0,MSCCLPP-P,mscclpp,P,5,5,512,196.553,742.048,1057.958,107667.1085,1530.5459999999998,109197.6545,2711.547,1488.8985,0.0,False,0
13142,skewed,0,MSCCLPP-P,mscclpp,P,6,6+7,1024,252.834,4449.103,4518.083,143544.6725,2417.0119999999997,145961.6845,6386.687,3564.5389999999998,0.0,False,0
13142,skewed,1,NCCL-D,nccl,D,0,0,512,54.107,180.046,296.952,132044.03149999998,145.794,132189.82549999998,344.91,112.411,0.0,False,0
13142,skewed,1,NCCL-D,nccl,D,1,1,512,104.167,117.154,293.198,153142.21149999998,160.82600000000002,153303.0375,296.204,69.389,0.0,False,0
13142,skewed,1,NCCL-D,nccl,D,2,2,512,113.883,115.912,302.124,176151.24349999998,156.907,176308.1505,305.13,65.407,0.0,False,0
13142,skewed,1,NCCL-D,nccl,D,3,3,512,107.563,116.047,306.474,199048.385,158.6025,199206.9875,309.45,65.804,0.0,False,0
13142,skewed,1,NCCL-D,nccl,D,4,4,512,122.643,115.342,301.33,220597.99949999998,155.771,220753.77049999998,304.336,67.665,0.0,False,0
13142,skewed,1,NCCL-D,nccl,D,5,5,512,145.306,115.536,202.926,242903.164,209.166,243112.33000000002,255.662,91.011,0.0,False,0
13142,skewed,1,NCCL-D,nccl,D,6,6+7,1024,274.39,112.701,640.946,266354.2655,327.0095,266681.275,643.968,69.458,0.0,False,0
13142,skewed,1,NCCL-P,nccl,P,0,0,512,35.142,400.889,398.322,17495.4915,223.6475,17719.139,401.554,5.168,0.0,False,0
13142,skewed,1,NCCL-P,nccl,P,1,1,512,52.337,12373.288,12537.232,47280.3655,146.953,47427.3185,12540.238,72.878,0.0,False,0
13142,skewed,1,NCCL-P,nccl,P,2,2,512,62.358,12343.827,12510.932,85481.9625,150.57049999999998,85632.533,12514.288,69.71,0.0,False,0
13142,skewed,1,NCCL-P,nccl,P,3,3,512,45.184,12347.548,12504.758,123560.619,149.78,123710.399,12508.084,69.18299999999999,0.0,False,0
13142,skewed,1,NCCL-P,nccl,P,4,4,512,55.564,12339.375,12509.39,161723.9985,149.0565,161873.055,12512.41,69.77000000000001,0.0,False,0
13142,skewed,1,NCCL-P,nccl,P,5,5,512,67.841,12332.648,12496.176,199676.10249999998,154.78199999999998,199830.8845,12499.182,68.962,0.0,False,0
13142,skewed,1,NCCL-P,nccl,P,6,6+7,1024,552.932,18544.188,18544.636,251724.127,566.729,252290.856,18547.596,2.9219999999999997,0.0,False,0
13142,skewed,1,MSCCLPP-D,mscclpp,D,0,0,512,529.474,1318.124,1386.894,129855.064,1582.826,131437.89,1898.453,1135.594,0.0,False,0
13142,skewed,1,MSCCLPP-D,mscclpp,D,1,1,512,504.897,1294.047,686.504,129472.728,1671.2655,131143.99349999998,2213.875,1210.8825,0.0,False,0
13142,skewed,1,MSCCLPP-D,mscclpp,D,2,2,512,494.238,608.094,399.918,131452.152,1829.943,133282.095,2453.059,1106.438,0.0,False,0
13142,skewed,1,MSCCLPP-D,mscclpp,D,3,3,512,465.294,461.891,1317.434,133569.3935,1759.0585,135328.452,3373.637,1149.4455,0.0,False,0
13142,skewed,1,MSCCLPP-D,mscclpp,D,4,4,512,456.146,1388.006,2242.121,135633.418,1762.6325000000002,137396.0505,3820.105,943.1089999999999,0.0,False,0
13142,skewed,1,MSCCLPP-D,mscclpp,D,5,5,512,420.749,2310.443,2710.09,137629.31300000002,1527.1665,139156.47950000002,6050.371,1747.453,0.0,False,0
13142,skewed,1,MSCCLPP-D,mscclpp,D,6,6+7,1024,454.08,2758.226,3967.574,139610.57400000002,2898.9030000000002,142509.477,9308.746,3029.508,0.0,False,0
13142,skewed,1,MSCCLPP-P,mscclpp,P,0,0,512,94.205,104.62,4.448,17491.5385,1469.155,18960.6935,1535.191,858.0435,0.0,False,0
13142,skewed,1,MSCCLPP-P,mscclpp,P,1,1,512,58.266,94.067,35.034,33129.3775,1380.5375,34509.915,1352.917,737.2775,0.0,False,0
13142,skewed,1,MSCCLPP-P,mscclpp,P,2,2,512,74.934,63.2,7.974,50916.546,1392.305,52308.850999999995,1948.664,1068.539,0.0,False,0
13142,skewed,1,MSCCLPP-P,mscclpp,P,3,3,512,41.151,75.095,26.419,68826.826,1391.1799999999998,70218.006,1853.453,1014.781,0.0,False,0
13142,skewed,1,MSCCLPP-P,mscclpp,P,4,4,512,42.183,85.028,4.315,86755.9295,1401.6934999999999,88157.62299999999,1665.253,931.844,0.0,False,0
13142,skewed,1,MSCCLPP-P,mscclpp,P,5,5,512,56.726,81.676,4.887,104597.497,1383.6765,105981.1735,1883.125,1022.977,0.0,False,0
13142,skewed,1,MSCCLPP-P,mscclpp,P,6,6+7,1024,59.628,572.475,672.559,138894.3615,2450.603,141344.9645,3733.5,2039.297,0.0,False,0
13142,skewed,2,NCCL-D,nccl,D,0,0,512,51346.412,748.964,818.41,201429.41100000002,134.095,201563.506,1213.996,291.94,0.0,False,0
13142,skewed,2,NCCL-D,nccl,D,1,1,512,53046.647,228.716,403.4,232966.8315,160.10500000000002,233126.9365,655.78,200.79,0.0,False,0
13142,skewed,2,NCCL-D,nccl,D,2,2,512,53145.832,199.418,390.004,258599.84500000003,160.691,258760.53600000002,516.79,128.945,0.0,False,0
13142,skewed,2,NCCL-D,nccl,D,3,3,512,53264.025,259.884,401.264,286780.5505,142.08,286922.63049999997,531.33,132.4,0.0,False,0
13142,skewed,2,NCCL-D,nccl,D,4,4,512,53380.689,153.362,255.758,312489.26749999996,218.33,312707.59750000003,486.592,185.333,0.0,False,0
13142,skewed,2,NCCL-D,nccl,D,5,5,512,53441.074,169.38,373.096,340223.462,167.32999999999998,340390.792,446.4,101.135,0.0,False,0
13142,skewed,2,NCCL-D,nccl,D,6,6+7,1024,52871.184,146.208,686.818,372361.03500000003,341.72499999999997,372702.76,689.992,67.52000000000001,0.0,False,0
13142,skewed,2,NCCL-P,nccl,P,0,0,512,102.296,208.84,208.254,17246.438000000002,211.433,17457.871,247.998,55.392,0.0,False,0
13142,skewed,2,NCCL-P,nccl,P,1,1,512,102.658,12652.176,12627.576,54941.901,90.398,55032.299,12825.086,192.35399999999998,0.0,False,0
13142,skewed,2,NCCL-P,nccl,P,2,2,512,117.738,12251.852,12367.262,95852.946,161.196,96014.142,12424.032,104.61,0.0,False,0
13142,skewed,2,NCCL-P,nccl,P,3,3,512,134.591,12256.524,12387.29,134816.3685,158.973,134975.3415,12408.866,99.68599999999999,0.0,False,0
13142,skewed,2,NCCL-P,nccl,P,4,4,512,78.097,12238.216,12391.776,174772.5255,146.761,174919.2865,12394.75,75.454,0.0,False,0
13142,skewed,2,NCCL-P,nccl,P,5,5,512,150.493,12245.866,12363.24,212794.0145,165.659,212959.6735,12370.764,78.919,0.0,False,0
13142,skewed,2,NCCL-P,nccl,P,6,6+7,1024,169.209,22413.6,22407.736,266184.7865,545.81,266730.5965,22410.728,2.9610000000000003,0.0,False,0
13142,skewed,2,MSCCLPP-D,mscclpp,D,0,0,512,4400.067,114665.89,114546.561,182874.4235,1360.8935000000001,184235.317,114713.468,692.391,0.0,False,0
13142,skewed,2,MSCCLPP-D,mscclpp,D,1,1,512,4576.426,114374.313,114190.873,182249.8385,1052.241,183302.0795,114345.498,1274.8825,0.0,False,0
13142,skewed,2,MSCCLPP-D,mscclpp,D,2,2,512,4531.515,114102.78,112800.311,183723.4655,1577.9755,185301.441,112962.061,1352.6795,0.0,False,0
13142,skewed,2,MSCCLPP-D,mscclpp,D,3,3,512,4524.103,112707.685,111228.436,185714.006,1641.3985,187355.4045,111378.967,981.5,0.0,False,0
13142,skewed,2,MSCCLPP-D,mscclpp,D,4,4,512,4556.591,111151.397,110401.046,187772.146,1287.2325,189059.3785,110637.577,761.8515,0.0,False,0
13142,skewed,2,MSCCLPP-D,mscclpp,D,5,5,512,5126.941,110321.274,110069.265,189153.81449999998,1036.4925,190190.307,110226.983,697.359,0.0,False,0
13142,skewed,2,MSCCLPP-D,mscclpp,D,6,6+7,1024,4793.308,107128.715,106889.779,192411.1995,1641.656,194052.8555,107348.498,2763.25,0.0,False,0
13142,skewed,2,MSCCLPP-P,mscclpp,P,0,0,512,4413.553,4465.354,4514.35,17374.3215,1154.0990000000002,18528.4205,4687.405,719.36,0.0,False,0
13142,skewed,2,MSCCLPP-P,mscclpp,P,1,1,512,4373.752,3812.746,3743.272,32739.208000000002,1057.187,33796.395000000004,3897.897,804.863,0.0,False,0
13142,skewed,2,MSCCLPP-P,mscclpp,P,2,2,512,4327.051,2873.591,2806.311,50427.859,1053.656,51481.515,2970.155,732.164,0.0,False,0
13142,skewed,2,MSCCLPP-P,mscclpp,P,3,3,512,4343.176,1968.67,1908.279,67995.446,1038.9305,69034.3765,2061.873,718.8515,0.0,False,0
13142,skewed,2,MSCCLPP-P,mscclpp,P,4,4,512,4378.346,1166.138,1157.671,85577.584,1069.8944999999999,86647.4785,1550.344,893.961,0.0,False,0
13142,skewed,2,MSCCLPP-P,mscclpp,P,5,5,512,4301.52,159.728,261.595,103470.413,1103.5365000000002,104573.9495,2128.345,1041.9215,0.0,False,0
13142,skewed,2,MSCCLPP-P,mscclpp,P,6,6+7,1024,4287.562,5468.057,5659.095,139225.7945,1835.745,141061.5395,11002.33,2831.8754999999996,0.0,False,0
13142,zero_sized_pair,0,NCCL-D,nccl,D,0,0,512,841.608,163.967,173.896,127055.2195,183.1005,127238.32,232.398,89.622,0.0,False,0
13142,zero_sized_pair,0,NCCL-D,nccl,D,1,1,512,770.671,133.92,310.6,152283.2855,154.458,152437.74349999998,313.484,68.657,0.0,False,0
13142,zero_sized_pair,0,NCCL-D,nccl,D,2,2,512,764.821,124.286,310.966,179749.1545,155.807,179904.9615,313.88,67.13799999999999,0.0,False,0
13142,zero_sized_pair,0,NCCL-D,nccl,D,3,3,512,761.68,125.635,308.722,206818.9245,157.73250000000002,206976.657,311.62,66.90899999999999,0.0,False,0
13142,zero_sized_pair,0,NCCL-D,nccl,D,4,4,512,267.618,128.298,317.68,235447.566,156.058,235603.624,320.564,66.93299999999999,0.0,False,0
13142,zero_sized_pair,0,NCCL-D,nccl,D,5,5,512,248.317,130.214,320.152,265598.48250000004,155.987,265754.4695,323.052,67.964,0.0,False,0
13142,zero_sized_pair,0,NCCL-D,nccl,D,6,6+7,1024,43.789,130.063,653.342,293143.495,325.29650000000004,293468.79150000005,656.212,63.416000000000004,0.0,False,0
13142,zero_sized_pair,0,NCCL-P,nccl,P,0,0,512,14.787,643.303,638.728,17062.972999999998,214.69150000000002,17277.6645,668.104,35.168,0.0,False,0
13142,zero_sized_pair,0,NCCL-P,nccl,P,1,1,512,50.215,12059.877,12219.022,62600.381,146.59050000000002,62746.9715,12221.866,74.49499999999999,0.0,False,0
13142,zero_sized_pair,0,NCCL-P,nccl,P,2,2,512,29.413,12031.675,12200.1,109451.80799999999,150.4605,109602.2685,12203.014,75.78999999999999,0.0,False,0
13142,zero_sized_pair,0,NCCL-P,nccl,P,3,3,512,33.425,12045.6,12210.438,155573.6165,154.142,155727.7585,12213.322,67.26899999999999,0.0,False,0
13142,zero_sized_pair,0,NCCL-P,nccl,P,4,4,512,17.35,12040.173,12210.91,200052.20150000002,150.8535,200203.055,12213.764,70.084,0.0,False,0
13142,zero_sized_pair,0,NCCL-P,nccl,P,5,5,512,452.051,12061.817,12231.19,246384.228,150.4965,246534.7245,12234.058,71.15899999999999,0.0,False,0
13142,zero_sized_pair,0,NCCL-P,nccl,P,6,6+7,1024,81.628,24087.741,24592.962,299482.6045,320.3845,299802.989,24595.86,74.646,0.0,False,0
13142,zero_sized_pair,0,MSCCLPP-D,mscclpp,D,0,0,512,115.531,914.167,827.295,128975.668,1054.299,130029.967,3149.828,1628.5075,0.0,False,0
13142,zero_sized_pair,0,MSCCLPP-D,mscclpp,D,1,1,512,80.733,968.613,1026.487,128127.20300000001,1880.3909999999998,130007.594,4447.658,1766.906,0.0,False,0
13142,zero_sized_pair,0,MSCCLPP-D,mscclpp,D,2,2,512,93.012,927.887,3278.252,130419.9715,1991.5725,132411.544,5578.174,1205.258,0.0,False,0
13142,zero_sized_pair,0,MSCCLPP-D,mscclpp,D,3,3,512,99.582,3207.17,4437.424,132836.83500000002,1431.301,134268.136,7076.283,1388.5545,0.0,False,0
13142,zero_sized_pair,0,MSCCLPP-D,mscclpp,D,4,4,512,97.624,4362.564,5995.94,134694.58899999998,1579.775,136274.364,8723.877,1371.1405,0.0,False,0
13142,zero_sized_pair,0,MSCCLPP-D,mscclpp,D,5,5,512,51.516,5901.609,7589.283,136253.8785,1636.6529999999998,137890.5315,9160.111,820.734,0.0,False,0
13142,zero_sized_pair,0,MSCCLPP-D,mscclpp,D,6,6+7,1024,646.504,7503.172,7440.815,138688.97100000002,1345.1385,140034.10950000002,16271.799,4457.4765,0.0,False,0
13142,zero_sized_pair,0,MSCCLPP-P,mscclpp,P,0,0,512,135.135,253.147,312.725,16583.201,904.454,17487.655,2761.726,1411.5855000000001,0.0,False,0
13142,zero_sized_pair,0,MSCCLPP-P,mscclpp,P,1,1,512,96.71,350.795,412.061,31051.8625,886.3499999999999,31938.2125,2455.554,1280.5155,0.0,False,0
13142,zero_sized_pair,0,MSCCLPP-P,mscclpp,P,2,2,512,93.576,592.54,626.084,47812.10400000001,858.558,48670.662,2958.343,1513.4724999999999,0.0,False,0
13142,zero_sized_pair,0,MSCCLPP-P,mscclpp,P,3,3,512,124.455,827.486,864.663,64488.1365,853.1205,65341.257,2590.718,1338.8819999999998,0.0,False,0
13142,zero_sized_pair,0,MSCCLPP-P,mscclpp,P,4,4,512,118.32,1341.054,1386.898,81427.36,837.53,82264.89,3868.672,1998.8515,0.0,False,0
13142,zero_sized_pair,0,MSCCLPP-P,mscclpp,P,5,5,512,127.073,1616.84,1649.038,97765.9975,838.75,98604.7475,2550.782,1313.2820000000002,0.0,False,0
13142,zero_sized_pair,0,MSCCLPP-P,mscclpp,P,6,6+7,1024,807.975,6579.89,6607.272,132512.24349999998,1488.409,134000.6525,8136.703,4146.68,0.0,False,0
13142,zero_sized_pair,1,NCCL-D,nccl,D,0,0,512,450.771,193.442,301.03,126173.2015,143.047,126316.2485,349.088,107.29299999999999,0.0,False,0
13142,zero_sized_pair,1,NCCL-D,nccl,D,1,1,512,501.096,148.482,323.078,150095.892,149.367,150245.25900000002,326.176,67.932,0.0,False,0
13142,zero_sized_pair,1,NCCL-D,nccl,D,2,2,512,505.193,135.353,314.244,176371.44799999997,152.02249999999998,176523.4705,317.63,81.771,0.0,False,0
13142,zero_sized_pair,1,NCCL-D,nccl,D,3,3,512,506.012,137.014,322.148,202710.124,153.445,202863.569,325.26,66.215,0.0,False,0
13142,zero_sized_pair,1,NCCL-D,nccl,D,4,4,512,511.234,154.219,337.726,231127.4135,153.1395,231280.553,341.16,64.133,0.0,False,0
13142,zero_sized_pair,1,NCCL-D,nccl,D,5,5,512,509.246,137.664,322.01,260343.602,156.59,260500.19199999998,325.306,64.057,0.0,False,0
13142,zero_sized_pair,1,NCCL-D,nccl,D,6,6+7,1024,549.322,128.624,654.742,287611.448,323.295,287934.743,657.946,63.20099999999999,0.0,False,0
13142,zero_sized_pair,1,NCCL-P,nccl,P,0,0,512,115.979,354.318,341.42,16771.4065,204.91199999999998,16976.3185,377.388,39.328,0.0,False,0
13142,zero_sized_pair,1,NCCL-P,nccl,P,1,1,512,97.685,12133.916,12287.562,50857.3165,142.54399999999998,50999.860499999995,12290.668,73.872,0.0,False,0
13142,zero_sized_pair,1,NCCL-P,nccl,P,2,2,512,103.056,12079.758,12250.568,92967.943,149.59799999999998,93117.541,12253.672,71.07100000000001,0.0,False,0
13142,zero_sized_pair,1,NCCL-P,nccl,P,3,3,512,146.061,12055.015,12203.724,135261.34600000002,162.6125,135423.9585,12206.792,68.65,0.0,False,0
13142,zero_sized_pair,1,NCCL-P,nccl,P,4,4,512,157.762,12058.927,12231.57,179578.1815,150.8315,179729.01299999998,12234.638,68.07700000000001,0.0,False,0
13142,zero_sized_pair,1,NCCL-P,nccl,P,5,5,512,154.133,12065.622,12212.528,225004.9105,138.781,225143.69150000002,12215.642,68.696,0.0,False,0
13142,zero_sized_pair,1,NCCL-P,nccl,P,6,6+7,1024,155.905,24117.968,24613.238,278497.4315,320.447,278817.8785,24616.322,76.523,0.0,False,0
13142,zero_sized_pair,1,MSCCLPP-D,mscclpp,D,0,0,512,743.029,2147.316,2082.669,125692.46350000001,1028.8465,126721.31,2413.235,1264.6565,0.0,False,0
13142,zero_sized_pair,1,MSCCLPP-D,mscclpp,D,1,1,512,673.521,2202.28,859.684,124767.9675,1504.523,126272.4905,1973.25,1030.6485,0.0,False,0
13142,zero_sized_pair,1,MSCCLPP-D,mscclpp,D,2,2,512,688.138,945.351,32.238,126686.4345,1272.5195,127958.954,2129.379,1060.344,0.0,False,0
13142,zero_sized_pair,1,MSCCLPP-D,mscclpp,D,3,3,512,693.381,88.4,958.957,128392.6525,1331.3265000000001,129723.97899999999,4009.441,1560.57,0.0,False,0
13142,zero_sized_pair,1,MSCCLPP-D,mscclpp,D,4,4,512,689.459,882.019,2881.004,130138.38,1790.9145,131929.29450000002,5507.551,1349.1175,0.0,False,0
13142,zero_sized_pair,1,MSCCLPP-D,mscclpp,D,5,5,512,684.354,2804.18,4375.019,131891.26,1596.9695000000002,133488.22950000002,7557.613,1635.836,0.0,False,0
13142,zero_sized_pair,1,MSCCLPP-D,mscclpp,D,6,6+7,1024,657.598,4346.933,5559.785,133923.02850000001,1973.85,135896.8785,12684.785,3612.164,0.0,False,0
13142,zero_sized_pair,1,MSCCLPP-P,mscclpp,P,0,0,512,6702.04,6903.944,6923.924,16754.856,899.239,17654.095,6943.377,1214.9765,0.0,False,0
13142,zero_sized_pair,1,MSCCLPP-P,mscclpp,P,1,1,512,6650.6,7064.011,7089.807,31071.6275,847.102,31918.7295,7106.198,748.039,0.0,False,0
13142,zero_sized_pair,1,MSCCLPP-P,mscclpp,P,2,2,512,6622.427,7397.078,7449.213,47683.4125,845.1715,48528.584,7464.588,942.5935,0.0,False,0
13142,zero_sized_pair,1,MSCCLPP-P,mscclpp,P,3,3,512,6598.247,7702.185,7750.284,64399.0,839.2294999999999,65238.2295,7767.706,1844.2265,0.0,False,0
13142,zero_sized_pair,1,MSCCLPP-P,mscclpp,P,4,4,512,6627.177,8211.667,8247.94,81191.792,828.4855,82020.2775,8264.331,967.164,0.0,False,0
13142,zero_sized_pair,1,MSCCLPP-P,mscclpp,P,5,5,512,6716.733,8595.187,8712.846,97606.889,860.7935,98467.6825,8729.237,935.4300000000001,0.0,False,0
13142,zero_sized_pair,1,MSCCLPP-P,mscclpp,P,6,6+7,1024,6120.539,10495.106,10163.846,130796.6615,1653.489,132450.1505,10181.268,4216.3205,0.0,False,0
13142,zero_sized_pair,2,NCCL-D,nccl,D,0,0,512,354.29,193.17,301.302,126814.99799999999,140.452,126955.45000000001,355.248,131.05700000000002,0.0,False,0
13142,zero_sized_pair,2,NCCL-D,nccl,D,1,1,512,338.41,128.009,306.864,150755.0015,156.3305,150911.332,309.978,69.97800000000001,0.0,False,0
13142,zero_sized_pair,2,NCCL-D,nccl,D,2,2,512,320.529,132.739,315.912,176948.017,154.6985,177102.7155,319.024,67.779,0.0,False,0
13142,zero_sized_pair,2,NCCL-D,nccl,D,3,3,512,349.26,159.346,328.364,203226.061,149.654,203375.715,331.828,65.666,0.0,False,0
13142,zero_sized_pair,2,NCCL-D,nccl,D,4,4,512,350.004,121.498,303.248,231644.664,157.416,231802.08000000002,306.344,67.916,0.0,False,0
13142,zero_sized_pair,2,NCCL-D,nccl,D,5,5,512,335.271,125.239,313.792,261186.33299999998,156.84550000000002,261343.1785,316.904,64.972,0.0,False,0
13142,zero_sized_pair,2,NCCL-D,nccl,D,6,6+7,1024,294.663,139.79,652.078,288691.3005,319.28999999999996,289010.5905,655.19,67.779,0.0,False,0
13142,zero_sized_pair,2,NCCL-P,nccl,P,0,0,512,285.13,413.058,410.95,16596.542,219.898,16816.44,414.054,10.256,0.0,False,0
13142,zero_sized_pair,2,NCCL-P,nccl,P,1,1,512,262.691,12031.062,12196.49,50395.7375,148.363,50544.1005,12203.848,77.168,0.0,False,0
13142,zero_sized_pair,2,NCCL-P,nccl,P,2,2,512,249.868,12089.906,12242.536,92204.672,148.72,92353.39199999999,12245.642,74.387,0.0,False,0
13142,zero_sized_pair,2,NCCL-P,nccl,P,3,3,512,295.564,12220.007,12381.956,137720.98450000002,147.2355,137868.22,12391.248,77.476,0.0,False,0
13142,zero_sized_pair,2,NCCL-P,nccl,P,4,4,512,286.573,12056.12,12223.432,182008.6795,150.6,182159.2795,12226.546,69.673,0.0,False,0
13142,zero_sized_pair,2,NCCL-P,nccl,P,5,5,512,293.601,12063.38,12228.666,227418.8225,150.728,227569.5505,12231.778,72.212,0.0,False,0
13142,zero_sized_pair,2,NCCL-P,nccl,P,6,6+7,1024,298.174,24102.936,24604.672,280734.926,318.26,281053.186,24607.784,71.243,0.0,False,0
13142,zero_sized_pair,2,MSCCLPP-D,mscclpp,D,0,0,512,38.67,1204.623,1137.966,126324.10250000001,1052.7624999999998,127376.865,3203.703,1646.5705,0.0,False,0
13142,zero_sized_pair,2,MSCCLPP-D,mscclpp,D,1,1,512,55.992,1272.38,856.05,125366.65,1885.737,127252.38699999999,3690.488,1479.1725000000001,0.0,False,0
13142,zero_sized_pair,2,MSCCLPP-D,mscclpp,D,2,2,512,54.7,755.642,2538.472,127688.592,1704.371,129392.96299999999,5454.815,1526.773,0.0,False,0
13142,zero_sized_pair,2,MSCCLPP-D,mscclpp,D,3,3,512,49.375,2464.64,4302.831,129814.8395,1726.6935,131541.533,6372.331,1093.633,0.0,False,0
13142,zero_sized_pair,2,MSCCLPP-D,mscclpp,D,4,4,512,57.702,4215.44,5247.971,131960.52,1329.8805,133290.4005,7345.128,1083.8985,0.0,False,0
13142,zero_sized_pair,2,MSCCLPP-D,mscclpp,D,5,5,512,49.825,5184.376,6267.894,133234.8835,1321.388,134556.2715,8952.815,1392.6399999999999,0.0,False,0
13142,zero_sized_pair,2,MSCCLPP-D,mscclpp,D,6,6+7,1024,86.994,6199.471,7052.268,134937.9375,1795.7195,136733.657,14780.393,3890.172,0.0,False,0
13142,zero_sized_pair,2,MSCCLPP-P,mscclpp,P,0,0,512,14.332,206.751,248.36,16663.735500000003,908.6885,17572.424,3773.438,1934.336,0.0,False,0
13142,zero_sized_pair,2,MSCCLPP-P,mscclpp,P,1,1,512,9.745,518.463,568.906,31064.21,877.0195,31941.2295,2156.547,1126.3905,0.0,False,0
13142,zero_sized_pair,2,MSCCLPP-P,mscclpp,P,2,2,512,3.977,904.737,950.821,47849.562999999995,866.8779999999999,48716.441,2253.813,1160.703,0.0,False,0
13142,zero_sized_pair,2,MSCCLPP-P,mscclpp,P,3,3,512,19.945,1062.171,1082.914,64661.824,852.5195,65514.343499999995,3696.64,1893.3825,0.0,False,0
13142,zero_sized_pair,2,MSCCLPP-P,mscclpp,P,4,4,512,15.929,1329.654,1365.554,81471.1075,851.337,82322.4445,2891.765,1485.8125,0.0,False,0
13142,zero_sized_pair,2,MSCCLPP-P,mscclpp,P,5,5,512,3.364,1675.925,1720.867,97832.4525,841.046,98673.4985,2674.672,1378.297,0.0,False,0
13142,zero_sized_pair,2,MSCCLPP-P,mscclpp,P,6,6+7,1024,575.97,2188.727,2200.102,130346.5005,1494.0315,131840.532,7520.25,3797.5,0.0,False,0
13242,all_to_one_like,0,NCCL-D,nccl,D,0,0,512,1156.409,56.431,87.624,129459.796,195.59550000000002,129655.3915,99.786,47.135000000000005,0.0,False,0
13242,all_to_one_like,0,NCCL-D,nccl,D,1,1,512,1066.0,151.122,308.478,152093.83299999998,148.186,152242.019,352.85,95.41999999999999,0.0,False,0
13242,all_to_one_like,0,NCCL-D,nccl,D,2,2,512,1074.723,140.684,315.984,177099.50449999998,152.862,177252.3665,320.974,68.985,0.0,False,0
13242,all_to_one_like,0,NCCL-D,nccl,D,3,3,512,1064.993,133.473,316.414,202842.82,154.6015,202997.4215,319.42,66.498,0.0,False,0
13242,all_to_one_like,0,NCCL-D,nccl,D,4,4,512,1089.805,135.556,322.548,228292.94449999998,155.062,228448.00650000002,325.554,65.438,0.0,False,0
13242,all_to_one_like,0,NCCL-D,nccl,D,5,5,512,1089.534,132.487,318.564,253593.24949999998,154.6765,253747.92599999998,321.554,64.452,0.0,False,0
13242,all_to_one_like,0,NCCL-D,nccl,D,6,6+7,1024,1155.741,136.318,655.66,279604.1555,326.186,279930.3415,658.652,65.048,0.0,False,0
13242,all_to_one_like,0,NCCL-P,nccl,P,0,0,512,3110.903,3690.807,3688.96,17474.150999999998,208.33749999999998,17682.4885,3716.704,43.44,0.0,False,0
13242,all_to_one_like,0,NCCL-P,nccl,P,1,1,512,2981.578,12255.323,12400.926,52101.6665,142.8525,52244.519,12423.52,90.08,0.0,False,0
13242,all_to_one_like,0,NCCL-P,nccl,P,2,2,512,2925.611,12289.543,12443.392,93195.119,148.1615,93343.2805,12468.186,86.349,0.0,False,0
13242,all_to_one_like,0,NCCL-P,nccl,P,3,3,512,2892.556,12302.687,12462.266,137199.8555,146.6795,137346.535,12465.318,76.866,0.0,False,0
13242,all_to_one_like,0,NCCL-P,nccl,P,4,4,512,2889.49,12296.138,12452.258,181176.452,151.239,181327.691,12455.264,75.707,0.0,False,0
13242,all_to_one_like,0,NCCL-P,nccl,P,5,5,512,2308.45,12587.133,12747.65,224827.6635,147.0985,224974.762,12750.656,78.239,0.0,False,0
13242,all_to_one_like,0,NCCL-P,nccl,P,6,6+7,1024,2204.224,23463.584,23950.134,277756.06,320.322,278076.382,23953.156,76.46199999999999,0.0,False,0
13242,all_to_one_like,0,MSCCLPP-D,mscclpp,D,0,0,512,562.833,1414.491,1504.169,129512.162,1389.3870000000002,130901.549,3968.45,1243.398,0.0,False,0
13242,all_to_one_like,0,MSCCLPP-D,mscclpp,D,1,1,512,512.51,1369.224,3000.779,128811.875,1767.8185,130579.6935,6426.06,1746.953,0.0,False,0
13242,all_to_one_like,0,MSCCLPP-D,mscclpp,D,2,2,512,519.118,2877.952,5555.654,130909.606,2212.682,133122.288,9118.154,1815.047,0.0,False,0
13242,all_to_one_like,0,MSCCLPP-D,mscclpp,D,3,3,512,515.353,5422.606,8268.247,133451.6905,2265.7965,135717.48700000002,10110.419,930.3045,0.0,False,0
13242,all_to_one_like,0,MSCCLPP-D,mscclpp,D,4,4,512,516.622,8137.986,9277.889,136053.207,1411.9095,137465.1165,12174.795,1507.836,0.0,False,0
13242,all_to_one_like,0,MSCCLPP-D,mscclpp,D,5,5,512,518.042,9155.831,11321.81,137807.7205,1917.7224999999999,139725.443,13937.107,1378.305,0.0,False,0
13242,all_to_one_like,0,MSCCLPP-D,mscclpp,D,6,6+7,1024,511.554,10812.586,11986.373,140459.416,2170.6875,142630.10350000003,19771.857,3955.7185000000004,0.0,False,0
13242,all_to_one_like,0,MSCCLPP-P,mscclpp,P,0,0,512,4.251,130.976,179.388,17066.3335,1208.757,18275.0905,2636.99,1238.5275,0.0,False,0
13242,all_to_one_like,0,MSCCLPP-P,mscclpp,P,1,1,512,8.777,110.087,178.365,32307.081,1140.589,33447.67,2119.873,979.969,0.0,False,0
13242,all_to_one_like,0,MSCCLPP-P,mscclpp,P,2,2,512,16.407,348.043,18.237,49990.407999999996,1116.382,51106.79,2735.109,1381.3785,0.0,False,0
13242,all_to_one_like,0,MSCCLPP-P,mscclpp,P,3,3,512,16.671,363.191,61.252,67498.10800000001,1139.4265,68637.53450000001,2340.875,1179.6565,0.0,False,0
13242,all_to_one_like,0,MSCCLPP-P,mscclpp,P,4,4,512,32.432,299.998,0.201,85072.6,1130.0215,86202.6215,3104.966,1561.6015,0.0,False,0
13242,all_to_one_like,0,MSCCLPP-P,mscclpp,P,5,5,512,27.328,126.284,155.842,102656.393,1124.221,103780.614,2520.264,1190.4065,0.0,False,0
13242,all_to_one_like,0,MSCCLPP-P,mscclpp,P,6,6+7,1024,52.304,1199.65,1684.685,135802.653,2033.9765000000002,137836.6295,9259.2,3795.9685,0.0,False,0
13242,all_to_one_like,1,NCCL-D,nccl,D,0,0,512,4.747,164.504,280.866,129885.43650000001,151.665,130037.10149999999,311.43,109.535,0.0,False,0
13242,all_to_one_like,1,NCCL-D,nccl,D,1,1,512,45.183,132.774,304.248,155683.0825,154.551,155837.6335,307.254,73.181,0.0,False,0
13242,all_to_one_like,1,NCCL-D,nccl,D,2,2,512,34.757,135.166,315.28,185499.5595,155.098,185654.6575,318.546,68.848,0.0,False,0
13242,all_to_one_like,1,NCCL-D,nccl,D,3,3,512,40.386,125.663,312.914,213419.2055,154.80349999999999,213574.00900000002,315.92,64.606,0.0,False,0
13242,all_to_one_like,1,NCCL-D,nccl,D,4,4,512,43.44,130.717,314.134,243058.3135,157.2175,243215.53100000002,317.14,65.02499999999999,0.0,False,0
13242,all_to_one_like,1,NCCL-D,nccl,D,5,5,512,427.333,123.18,308.184,270942.3105,157.113,271099.42350000003,311.236,68.115,0.0,False,0
13242,all_to_one_like,1,NCCL-D,nccl,D,6,6+7,1024,601.123,135.742,1071.49,299886.27650000004,528.5939999999999,300414.87049999996,1214.832,134.095,0.0,False,0
13242,all_to_one_like,1,NCCL-P,nccl,P,0,0,512,830.772,7834.288,7754.466,20746.277000000002,165.989,20912.266000000003,8090.53,201.92000000000002,0.0,False,0
13242,all_to_one_like,1,NCCL-P,nccl,P,1,1,512,1103.78,12094.842,12184.672,84522.561,118.301,84640.862,12376.132,178.368,0.0,False,0
13242,all_to_one_like,1,NCCL-P,nccl,P,2,2,512,1146.7,12063.52,12202.694,127361.402,138.512,127499.91399999999,12337.352,143.745,0.0,False,0
13242,all_to_one_like,1,NCCL-P,nccl,P,3,3,512,1205.792,12024.979,12167.17,169238.7685,139.09449999999998,169377.863,12320.078,147.75,0.0,False,0
13242,all_to_one_like,1,NCCL-P,nccl,P,4,4,512,1269.225,15935.666,16059.78,217181.4115,136.494,217317.9055,16171.29,129.943,0.0,False,0
13242,all_to_one_like,1,NCCL-P,nccl,P,5,5,512,1311.368,12031.69,12172.83,265127.397,138.61700000000002,265266.01399999997,12259.044,116.578,0.0,False,0
13242,all_to_one_like,1,NCCL-P,nccl,P,6,6+7,1024,722.255,25143.49,25551.218,320477.4675,273.217,320750.6845,25786.51,196.25900000000001,0.0,False,0
13242,all_to_one_like,1,MSCCLPP-D,mscclpp,D,0,0,512,324.386,3402.507,3546.555,127535.53450000001,1296.4850000000001,128832.0195,5683.633,1080.828,0.0,False,0
13242,all_to_one_like,1,MSCCLPP-D,mscclpp,D,1,1,512,349.888,3402.34,4729.29,126720.26699999999,1617.074,128337.34099999999,7687.618,1487.3595,0.0,False,0
13242,all_to_one_like,1,MSCCLPP-D,mscclpp,D,2,2,512,349.881,4599.908,6824.384,128650.5785,1975.576,130626.1545,10974.649,2083.328,0.0,False,0
13242,all_to_one_like,1,MSCCLPP-D,mscclpp,D,3,3,512,363.784,6694.155,10079.696,130955.9945,2569.0695,133525.064,12612.04,1304.5705,0.0,False,0
13242,all_to_one_like,1,MSCCLPP-D,mscclpp,D,4,4,512,371.381,9956.275,11796.93,133859.228,1727.7485000000001,135586.9765,14553.539,1385.4759999999999,0.0,False,0
13242,all_to_one_like,1,MSCCLPP-D,mscclpp,D,5,5,512,973.894,11674.909,13724.102,135612.8935,1857.5265,137470.42,16044.493,1197.0625,0.0,False,0
13242,all_to_one_like,1,MSCCLPP-D,mscclpp,D,6,6+7,1024,1171.762,13563.929,14584.243,137868.1985,2004.5169999999998,139872.7155,20788.665,3138.5625,0.0,False,0
13242,all_to_one_like,1,MSCCLPP-P,mscclpp,P,0,0,512,324.718,725.968,1038.333,16829.76,1139.0484999999999,17968.8085,3679.224,1331.711,0.0,False,0
13242,all_to_one_like,1,MSCCLPP-P,mscclpp,P,1,1,512,327.531,1472.245,1794.037,31670.75,1094.38,32765.13,4687.857,1455.0975,0.0,False,0
13242,all_to_one_like,1,MSCCLPP-P,mscclpp,P,2,2,512,301.274,2178.245,2524.153,48816.8965,1090.213,49907.1095,5490.669,1491.4455,0.0,False,0
13242,all_to_one_like,1,MSCCLPP-P,mscclpp,P,3,3,512,319.32,3168.892,3529.724,65980.356,1089.429,67069.785,5750.771,1118.203,0.0,False,0
13242,all_to_one_like,1,MSCCLPP-P,mscclpp,P,4,4,512,319.211,3987.576,4336.614,83217.7975,1079.536,84297.33350000001,6855.661,1267.203,0.0,False,0
13242,all_to_one_like,1,MSCCLPP-P,mscclpp,P,5,5,512,98.562,4867.09,5215.239,100182.39,1074.7275,101257.1175,8283.13,1545.7265,0.0,False,0
13242,all_to_one_like,1,MSCCLPP-P,mscclpp,P,6,6+7,1024,329.256,2274.454,2953.192,135300.751,1894.57,137195.321,10139.63,3601.4065,0.0,False,0
13242,all_to_one_like,2,NCCL-D,nccl,D,0,0,512,1520.73,198.71,296.828,132266.459,141.835,132408.294,366.21,130.661,0.0,False,0
13242,all_to_one_like,2,NCCL-D,nccl,D,1,1,512,1548.31,144.39,308.624,158152.824,152.79000000000002,158305.614,311.598,75.97999999999999,0.0,False,0
13242,all_to_one_like,2,NCCL-D,nccl,D,2,2,512,1545.498,202.656,330.826,188097.51799999998,140.927,188238.445,480.484,174.331,0.0,False,0
13242,all_to_one_like,2,NCCL-D,nccl,D,3,3,512,1518.974,129.711,292.77,217913.4855,159.0115,218072.497,295.776,77.248,0.0,False,0
13242,all_to_one_like,2,NCCL-D,nccl,D,4,4,512,1520.562,189.891,320.48,250538.34350000002,141.7675,250680.111,369.186,97.47300000000001,0.0,False,0
13242,all_to_one_like,2,NCCL-D,nccl,D,5,5,512,1036.347,131.855,303.054,278513.632,156.8105,278670.4425,306.044,69.503,0.0,False,0
13242,all_to_one_like,2,NCCL-D,nccl,D,6,6+7,1024,329.402,296.451,631.424,308215.6975,305.4495,308521.147,1805.404,716.583,0.0,False,0
13242,all_to_one_like,2,NCCL-P,nccl,P,0,0,512,284.108,861.321,871.744,16954.639499999997,217.3915,17172.031,878.656,34.96,0.0,False,0
13242,all_to_one_like,2,NCCL-P,nccl,P,1,1,512,231.69,11938.443,12095.68,50767.6045,145.0905,50912.695,12098.75,77.13499999999999,0.0,False,0
13242,all_to_one_like,2,NCCL-P,nccl,P,2,2,512,201.061,11938.27,12092.578,96195.87150000001,149.547,96345.4185,12095.584,76.721,0.0,False,0
13242,all_to_one_like,2,NCCL-P,nccl,P,3,3,512,186.868,11941.262,12102.794,140138.769,149.81900000000002,140288.588,12105.89,75.965,0.0,False,0
13242,all_to_one_like,2,NCCL-P,nccl,P,4,4,512,181.543,11944.159,12104.122,185805.437,152.9525,185958.3895,12107.128,74.318,0.0,False,0
13242,all_to_one_like,2,NCCL-P,nccl,P,5,5,512,438.707,11936.319,12090.57,229310.363,153.6495,229464.0125,12093.546,71.487,0.0,False,0
13242,all_to_one_like,2,NCCL-P,nccl,P,6,6+7,1024,106.902,23924.737,24420.666,283569.1775,320.40749999999997,283889.58499999996,24423.688,82.35199999999999,0.0,False,0
13242,all_to_one_like,2,MSCCLPP-D,mscclpp,D,0,0,512,7.203,3921.254,4106.776,127649.8205,1265.478,128915.2985,7696.87,1805.2895,0.0,False,0
13242,all_to_one_like,2,MSCCLPP-D,mscclpp,D,1,1,512,8.585,3971.753,6726.104,126857.518,2312.7195,129170.2375,9244.135,1267.711,0.0,False,0
13242,all_to_one_like,2,MSCCLPP-D,mscclpp,D,2,2,512,6.818,6604.42,8364.525,129507.388,1751.0055,131258.3935,11429.353,1539.578,0.0,False,0
13242,all_to_one_like,2,MSCCLPP-D,mscclpp,D,3,3,512,0.894,8244.234,10574.322,131568.75900000002,2014.78,133583.539,13286.9,1406.4685,0.0,False,0
13242,all_to_one_like,2,MSCCLPP-D,mscclpp,D,4,4,512,18.34,10456.863,12459.494,133889.4295,1837.3495,135726.77899999998,14716.4,1187.3355,0.0,False,0
13242,all_to_one_like,2,MSCCLPP-D,mscclpp,D,5,5,512,498.884,12336.142,13901.291,135801.019,1613.2665,137414.2855,16521.713,1317.375,0.0,False,0
13242,all_to_one_like,2,MSCCLPP-D,mscclpp,D,6,6+7,1024,84.855,13716.515,15095.275,138152.612,2098.546,140251.158,22633.963,3804.1565,0.0,False,0
13242,all_to_one_like,2,MSCCLPP-P,mscclpp,P,0,0,512,171.136,742.494,1036.165,16912.371,1143.0194999999999,18055.3905,3193.728,1088.512,0.0,False,0
13242,all_to_one_like,2,MSCCLPP-P,mscclpp,P,1,1,512,197.386,1496.719,1844.102,31684.160499999998,1099.4225000000001,32783.583,4491.141,1332.2265000000002,0.0,False,0
13242,all_to_one_like,2,MSCCLPP-P,mscclpp,P,2,2,512,189.714,2177.361,2527.118,48872.4225,1091.1085,49963.531,5290.9,1390.0865000000001,0.0,False,0
13242,all_to_one_like,2,MSCCLPP-P,mscclpp,P,3,3,512,181.269,3072.917,3428.227,66031.054,1092.701,67123.755,5214.087,901.1175,0.0,False,0
13242,all_to_one_like,2,MSCCLPP-P,mscclpp,P,4,4,512,175.226,3958.434,4336.524,83253.44200000001,1104.538,84357.98000000001,7596.931,1638.3990000000001,0.0,False,0
13242,all_to_one_like,2,MSCCLPP-P,mscclpp,P,5,5,512,303.793,4773.96,5109.65,100280.0295,1068.5919999999999,101348.6215,7890.822,1398.7815,0.0,False,0
13242,all_to_one_like,2,MSCCLPP-P,mscclpp,P,6,6+7,1024,536.493,6091.17,6794.119,133133.3115,1891.3015,135024.613,14131.072,3676.672,0.0,False,0
13242,balanced,0,NCCL-D,nccl,D,0,0,512,1277.614,796.157,904.588,132184.9545,133.10750000000002,132318.062,1006.668,131.904,0.0,False,0
13242,balanced,0,NCCL-D,nccl,D,1,1,512,1370.19,127.584,303.39,143975.82799999998,155.71,144131.538,306.976,72.81500000000001,0.0,False,0
13242,balanced,0,NCCL-D,nccl,D,2,2,512,1353.022,101.487,221.42,157585.9375,190.08350000000002,157776.021,224.656,35.828,0.0,False,0
13242,balanced,0,NCCL-D,nccl,D,3,3,512,1342.055,127.866,317.534,171510.3765,154.34,171664.7165,320.678,69.679,0.0,False,0
13242,balanced,0,NCCL-D,nccl,D,4,4,512,1358.148,109.481,139.16,185075.5995,235.88850000000002,185311.488,142.396,3.35,0.0,False,0
13242,balanced,0,NCCL-D,nccl,D,5,5,512,978.498,121.635,306.122,199779.57150000002,158.34550000000002,199937.91700000002,309.19,70.67200000000001,0.0,False,0
13242,balanced,0,NCCL-D,nccl,D,6,6+7,1024,1478.415,113.793,639.846,213065.112,329.2465,213394.3585,642.974,69.87,0.0,False,0
13242,balanced,0,NCCL-P,nccl,P,0,0,512,152.247,442.59,445.948,17581.5425,225.11,17806.6525,453.756,9.568,0.0,False,0
13242,balanced,0,NCCL-P,nccl,P,1,1,512,258.295,976.91,977.956,45121.1025,236.971,45358.0735,981.058,3.054,0.0,False,0
13242,balanced,0,NCCL-P,nccl,P,2,2,512,261.143,1083.794,1085.534,76985.2475,238.199,77223.44649999999,1088.546,9.51,0.0,False,0
13242,balanced,0,NCCL-P,nccl,P,3,3,512,293.752,309.197,305.894,107605.5355,241.3555,107846.891,309.8,3.456,0.0,False,0
13242,balanced,0,NCCL-P,nccl,P,4,4,512,288.85,1030.113,1031.134,138207.09649999999,241.2505,138448.347,1034.14,3.242,0.0,False,0
13242,balanced,0,NCCL-P,nccl,P,5,5,512,263.903,1883.306,1798.042,169280.9055,254.914,169535.81949999998,2034.34,374.023,0.0,False,0
13242,balanced,0,NCCL-P,nccl,P,6,6+7,1024,409.303,1174.797,1176.002,218339.561,577.1195,218916.68050000002,1179.038,3.067,0.0,False,0
13242,balanced,0,MSCCLPP-D,mscclpp,D,0,0,512,8911.447,16955.562,17001.713,141893.0215,2286.3795,144179.401,18892.026,1643.016,0.0,False,0
13242,balanced,0,MSCCLPP-D,mscclpp,D,1,1,512,8963.128,17135.423,17215.745,141605.51549999998,1832.2069999999999,143437.72249999997,17893.62,595.953,0.0,False,0
13242,balanced,0,MSCCLPP-D,mscclpp,D,2,2,512,9049.015,17293.716,17295.589,143632.9085,1406.8865,145039.79499999998,18007.276,1052.156,0.0,False,0
13242,balanced,0,MSCCLPP-D,mscclpp,D,3,3,512,9056.886,17358.158,16959.744,145309.633,1530.824,146840.457,17975.557,1030.1405,0.0,False,0
13242,balanced,0,MSCCLPP-D,mscclpp,D,4,4,512,9171.497,17036.188,17014.025,147054.5915,1630.8895,148685.481,18287.838,1327.0625,0.0,False,0
13242,balanced,0,MSCCLPP-D,mscclpp,D,5,5,512,9111.573,17057.426,15062.276,148898.1415,2582.566,151480.70750000002,15998.213,816.1405,0.0,False,0
13242,balanced,0,MSCCLPP-D,mscclpp,D,6,6+7,1024,9118.395,15166.525,15072.495,153638.396,2249.5280000000002,155887.924,17539.307,3021.297,0.0,False,0
13242,balanced,0,MSCCLPP-P,mscclpp,P,0,0,512,1475.546,1764.013,1795.041,17332.874499999998,1540.4050000000002,18873.279499999997,2594.791,853.5074999999999,0.0,False,0
13242,balanced,0,MSCCLPP-P,mscclpp,P,1,1,512,1411.511,1841.75,1758.174,32871.3385,1440.199,34311.5375,2798.565,797.6995000000001,0.0,False,0
13242,balanced,0,MSCCLPP-P,mscclpp,P,2,2,512,1399.984,1770.874,1716.182,50627.001000000004,1420.42,52047.421,2495.447,1087.488,0.0,False,0
13242,balanced,0,MSCCLPP-P,mscclpp,P,3,3,512,1373.429,1688.871,1602.518,68343.025,1392.7905,69735.8155,2348.003,795.6410000000001,0.0,False,0
13242,balanced,0,MSCCLPP-P,mscclpp,P,4,4,512,1303.482,1547.731,1535.955,86099.7425,1405.8919999999998,87505.6345,2452.44,914.4300000000001,0.0,False,0
13242,balanced,0,MSCCLPP-P,mscclpp,P,5,5,512,840.089,1716.212,1661.924,103654.6225,1402.363,105056.98550000001,2576.377,770.578,0.0,False,0
13242,balanced,0,MSCCLPP-P,mscclpp,P,6,6+7,1024,1243.298,795.484,846.873,139015.964,2370.7775,141386.7415,3670.045,2841.0860000000002,0.0,False,0
13242,balanced,1,NCCL-D,nccl,D,0,0,512,218.369,166.481,277.462,130790.386,158.8125,130949.1985,323.224,117.143,0.0,False,0
13242,balanced,1,NCCL-D,nccl,D,1,1,512,310.536,131.739,305.684,142524.84350000002,154.1535,142678.997,308.796,75.462,0.0,False,0
13242,balanced,1,NCCL-D,nccl,D,2,2,512,345.341,126.383,315.212,156255.27000000002,154.5795,156409.8495,318.218,72.174,0.0,False,0
13242,balanced,1,NCCL-D,nccl,D,3,3,512,365.282,112.959,300.496,169834.72249999997,155.3785,169990.10100000002,303.562,68.717,0.0,False,0
13242,balanced,1,NCCL-D,nccl,D,4,4,512,362.977,209.03,331.12,188991.8455,126.805,189118.6505,388.462,96.36699999999999,0.0,False,0
13242,balanced,1,NCCL-D,nccl,D,5,5,512,376.822,130.858,315.404,205525.925,157.861,205683.786,325.75,73.494,0.0,False,0
13242,balanced,1,NCCL-D,nccl,D,6,6+7,1024,387.854,130.01,655.308,220226.18300000002,323.25,220549.43300000002,658.406,66.13900000000001,0.0,False,0
13242,balanced,1,NCCL-P,nccl,P,0,0,512,687.808,1733.379,1738.02,17623.773500000003,222.13850000000002,17845.912,1742.724,5.856,0.0,False,0
13242,balanced,1,NCCL-P,nccl,P,1,1,512,753.71,977.875,977.668,45920.239499999996,236.6905,46156.93,980.772,3.0549999999999997,0.0,False,0
13242,balanced,1,NCCL-P,nccl,P,2,2,512,804.316,165.556,163.78,76127.987,239.45600000000002,76367.443,166.854,3.056,0.0,False,0
13242,balanced,1,NCCL-P,nccl,P,3,3,512,807.258,475.388,477.378,105567.613,239.891,105807.504,480.544,3.101,0.0,False,0
13242,balanced,1,NCCL-P,nccl,P,4,4,512,809.745,4449.881,4447.034,137502.832,240.4135,137743.24550000002,4450.148,3.0599999999999996,0.0,False,0
13242,balanced,1,NCCL-P,nccl,P,5,5,512,823.333,5027.162,5027.13,171252.84350000002,240.75900000000001,171493.60249999998,5030.242,3.044,0.0,False,0
13242,balanced,1,NCCL-P,nccl,P,6,6+7,1024,842.126,2426.825,2425.276,222895.5185,579.7825,223475.30099999998,2428.388,3.059,0.0,False,0
13242,balanced,1,MSCCLPP-D,mscclpp,D,0,0,512,284.112,883.518,868.003,129738.84700000001,1619.5865,131358.43349999998,2297.034,1423.117,0.0,False,0
13242,balanced,1,MSCCLPP-D,mscclpp,D,1,1,512,362.062,965.204,914.643,129344.527,1778.6185,131123.14549999998,1726.674,931.8435,0.0,False,0
13242,balanced,1,MSCCLPP-D,mscclpp,D,2,2,512,371.338,998.589,719.049,131394.3985,1571.142,132965.5405,1291.265,912.898,0.0,False,0
13242,balanced,1,MSCCLPP-D,mscclpp,D,3,3,512,406.03,779.984,528.596,133221.71399999998,1539.3400000000001,134761.054,1394.909,1104.9065,0.0,False,0
13242,balanced,1,MSCCLPP-D,mscclpp,D,4,4,512,387.926,587.27,297.158,135057.169,1644.547,136701.71600000001,1738.75,1286.1485,0.0,False,0
13242,balanced,1,MSCCLPP-D,mscclpp,D,5,5,512,374.453,362.671,298.794,136995.589,1809.9764999999998,138805.56550000003,1443.844,968.711,0.0,False,0
13242,balanced,1,MSCCLPP-D,mscclpp,D,6,6+7,1024,374.583,278.637,374.56,139316.69,2354.1925,141670.8825,3452.7,3231.2259999999997,0.0,False,0
13242,balanced,1,MSCCLPP-P,mscclpp,P,0,0,512,143.316,237.149,265.709,17558.785499999998,1595.412,19154.197500000002,1175.569,908.0515,0.0,False,0
13242,balanced,1,MSCCLPP-P,mscclpp,P,1,1,512,71.974,464.297,451.599,33219.114499999996,1463.6709999999998,34682.7855,1220.617,990.2149999999999,0.0,False,0
13242,balanced,1,MSCCLPP-P,mscclpp,P,2,2,512,68.479,588.567,523.272,51054.348,1425.5075,52479.855500000005,1290.256,995.3320000000001,0.0,False,0
13242,balanced,1,MSCCLPP-P,mscclpp,P,3,3,512,38.286,548.899,514.06,68709.7385,1426.7825,70136.52100000001,1427.469,972.297,0.0,False,0
13242,balanced,1,MSCCLPP-P,mscclpp,P,4,4,512,41.026,612.234,564.232,86534.935,1422.0140000000001,87956.949,1403.919,1052.1635,0.0,False,0
13242,balanced,1,MSCCLPP-P,mscclpp,P,5,5,512,508.06,711.741,661.514,104216.9495,1409.8815,105626.831,1070.092,692.7345,0.0,False,0
13242,balanced,1,MSCCLPP-P,mscclpp,P,6,6+7,1024,47.963,790.868,762.888,138295.6275,2362.4629999999997,140658.0905,2899.982,2475.0074999999997,0.0,False,0
13242,balanced,2,NCCL-D,nccl,D,0,0,512,260.702,182.996,308.88,131338.91100000002,145.19299999999998,131484.104,381.298,162.422,0.0,False,0
13242,balanced,2,NCCL-D,nccl,D,1,1,512,366.649,134.745,303.752,142770.826,156.8055,142927.63150000002,306.758,72.258,0.0,False,0
13242,balanced,2,NCCL-D,nccl,D,2,2,512,479.967,137.298,312.092,156413.1485,147.937,156561.0855,315.342,75.493,0.0,False,0
13242,balanced,2,NCCL-D,nccl,D,3,3,512,501.708,110.009,141.118,169871.31650000002,234.38049999999998,170105.697,144.262,3.075,0.0,False,0
13242,balanced,2,NCCL-D,nccl,D,4,4,512,529.503,109.465,299.358,183410.592,157.0495,183567.6415,302.396,71.405,0.0,False,0
13242,balanced,2,NCCL-D,nccl,D,5,5,512,522.047,126.73,314.778,197229.5835,155.744,197385.3275,317.862,69.383,0.0,False,0
13242,balanced,2,NCCL-D,nccl,D,6,6+7,1024,502.79,121.998,555.378,212525.36800000002,370.949,212896.31699999998,558.49,72.166,0.0,False,0
13242,balanced,2,NCCL-P,nccl,P,0,0,512,232.443,451.452,444.234,17436.9415,213.027,17649.968500000003,483.786,41.488,0.0,False,0
13242,balanced,2,NCCL-P,nccl,P,1,1,512,309.533,36.056,33.416,44981.6735,230.29500000000002,45211.9685,36.968,3.343,0.0,False,0
13242,balanced,2,NCCL-P,nccl,P,2,2,512,309.217,1947.873,1948.42,75276.22099999999,235.61149999999998,75511.83249999999,1952.418,3.547,0.0,False,0
13242,balanced,2,NCCL-P,nccl,P,3,3,512,305.238,1609.679,1607.372,106650.8925,237.76350000000002,106888.656,1610.568,3.105,0.0,False,0
13242,balanced,2,NCCL-P,nccl,P,4,4,512,336.343,1918.548,1915.744,138043.0325,239.27300000000002,138282.30550000002,1918.828,3.045,0.0,False,0
13242,balanced,2,NCCL-P,nccl,P,5,5,512,356.375,3304.526,3302.982,169758.9225,241.048,169999.9705,3306.92,3.472,0.0,False,0
13242,balanced,2,NCCL-P,nccl,P,6,6+7,1024,445.643,2962.551,2959.476,220756.286,577.5375,221333.8235,2962.604,3.121,0.0,False,0
13242,balanced,2,MSCCLPP-D,mscclpp,D,0,0,512,6.937,738.209,716.635,129848.269,1601.72,131449.989,1294.354,855.125,0.0,False,0
13242,balanced,2,MSCCLPP-D,mscclpp,D,1,1,512,41.939,799.106,416.776,129447.6065,1572.601,131020.20749999999,1128.453,823.8199999999999,0.0,False,0
13242,balanced,2,MSCCLPP-D,mscclpp,D,2,2,512,28.561,505.535,237.572,131314.447,1512.1815000000001,132826.6285,1486.843,996.8670000000001,0.0,False,0
13242,balanced,2,MSCCLPP-D,mscclpp,D,3,3,512,36.993,305.969,197.615,133073.553,1606.99,134680.543,1512.453,1081.8595,0.0,False,0
13242,balanced,2,MSCCLPP-D,mscclpp,D,4,4,512,21.256,126.789,276.494,134982.05550000002,1570.2675,136552.323,1647.609,1458.1715,0.0,False,0
13242,balanced,2,MSCCLPP-D,mscclpp,D,5,5,512,440.755,341.333,64.506,136614.03100000002,1818.4125,138432.4435,824.328,754.1714999999999,0.0,False,0
13242,balanced,2,MSCCLPP-D,mscclpp,D,6,6+7,1024,5.663,40.766,79.866,139146.1005,2325.4970000000003,141471.5975,2808.819,2221.055,0.0,False,0
13242,balanced,2,MSCCLPP-P,mscclpp,P,0,0,512,971.911,1084.094,1063.678,17381.1365,1529.58,18910.7165,2062.084,1219.5855000000001,0.0,False,0
13242,balanced,2,MSCCLPP-P,mscclpp,P,1,1,512,938.719,1208.549,1229.569,32979.354,1446.189,34425.543000000005,1854.21,668.1565,0.0,False,0
13242,balanced,2,MSCCLPP-P,mscclpp,P,2,2,512,919.481,1365.154,1323.78,50756.8885,1434.379,52191.2675,2114.311,754.6835,0.0,False,0
13242,balanced,2,MSCCLPP-P,mscclpp,P,3,3,512,904.722,1331.406,1264.397,68422.03899999999,1407.9765,69830.01550000001,1794.819,682.4925000000001,0.0,False,0
13242,balanced,2,MSCCLPP-P,mscclpp,P,4,4,512,892.847,1297.779,1297.147,86215.373,1416.665,87632.038,2213.632,1108.485,0.0,False,0
13242,balanced,2,MSCCLPP-P,mscclpp,P,5,5,512,416.991,1483.379,1396.491,104188.36499999999,1389.423,105577.788,2142.991,779.781,0.0,False,0
13242,balanced,2,MSCCLPP-P,mscclpp,P,6,6+7,1024,876.599,373.23,437.494,139251.69650000002,2381.3469999999998,141633.0435,3315.719,2930.1875,0.0,False,0
13242,multiple_progressive_shards,0,NCCL-D,nccl,D,0,0,128,439.675,164.617,156.082,135111.848,88.5885,135200.4365,319.9,175.621,0.0,False,0
13242,multiple_progressive_shards,0,NCCL-D,nccl,D,1,1,256,387.237,133.446,147.37,138666.73450000002,69.85499999999999,138736.5895,269.196,128.51,0.0,False,0
13242,multiple_progressive_shards,0,NCCL-D,nccl,D,2,2,384,312.086,118.934,220.382,145530.167,116.50500000000001,145646.67200000002,242.692,77.927,0.0,False,0
13242,multiple_progressive_shards,0,NCCL-D,nccl,D,3,3,512,335.174,113.427,300.63,155686.60749999998,155.5965,155842.204,303.406,68.76400000000001,0.0,False,0
13242,multiple_progressive_shards,0,NCCL-D,nccl,D,4,4,640,329.599,91.005,91.386,169212.052,333.66650000000004,169545.71850000002,94.254,2.838,0.0,False,0
13242,multiple_progressive_shards,0,NCCL-D,nccl,D,5,5,768,328.965,173.726,500.184,191754.5525,228.905,191983.45750000002,503.098,69.74799999999999,0.0,False,0
13242,multiple_progressive_shards,0,NCCL-D,nccl,D,6,6+7,1408,329.876,188.71,937.242,222583.50199999998,436.84499999999997,223020.347,940.11,67.642,0.0,False,0
13242,multiple_progressive_shards,0,NCCL-P,nccl,P,0,0,128,5665.224,3535.399,3534.692,6616.8395,67.6045,6684.4439999999995,3694.66,173.584,0.0,False,1
13242,multiple_progressive_shards,0,NCCL-P,nccl,P,1,1,256,5425.864,518.866,518.588,23189.135000000002,65.34,23254.475,679.356,152.43200000000002,0.0,False,0
13242,multiple_progressive_shards,0,NCCL-P,nccl,P,2,2,384,5326.351,3303.849,3305.126,42783.341,150.46550000000002,42933.806500000006,3362.888,59.074,0.0,False,0
13242,multiple_progressive_shards,0,NCCL-P,nccl,P,3,3,512,5085.0,987.054,990.112,71271.837,232.099,71503.936,993.156,5.905,0.0,False,0
13242,multiple_progressive_shards,0,NCCL-P,nccl,P,4,4,640,5297.746,2622.669,2627.236,106562.5165,313.0115,106875.52799999999,2630.15,2.896,0.0,False,0
13242,multiple_progressive_shards,0,NCCL-P,nccl,P,5,5,768,5288.579,2620.777,2705.696,155725.022,350.0335,156075.05550000002,2708.61,2.915,0.0,False,0
13242,multiple_progressive_shards,0,NCCL-P,nccl,P,6,6+7,1408,5188.484,6750.844,6761.512,225138.87,789.1020000000001,225927.972,6764.426,2.899,0.0,False,0
13242,multiple_progressive_shards,0,MSCCLPP-D,mscclpp,D,0,0,128,845.909,2197.418,2079.778,139658.0435,830.5419999999999,140488.5855,2395.169,250.36700000000002,0.0,False,0
13242,multiple_progressive_shards,0,MSCCLPP-D,mscclpp,D,1,1,256,1199.595,1943.464,1733.669,139439.3615,912.9445000000001,140352.30599999998,2298.919,499.1875,0.0,False,0
13242,multiple_progressive_shards,0,MSCCLPP-D,mscclpp,D,2,2,384,672.001,1814.965,1684.544,140125.70299999998,1000.3815000000001,141126.0845,2669.622,1297.914,0.0,False,0
13242,multiple_progressive_shards,0,MSCCLPP-D,mscclpp,D,3,3,512,661.904,1595.479,926.763,141611.01049999997,1476.696,143087.7065,1618.982,967.1645,0.0,False,0
13242,multiple_progressive_shards,0,MSCCLPP-D,mscclpp,D,4,4,640,645.643,856.112,375.873,143749.0295,1403.8995,145152.929,2002.938,1299.953,0.0,False,0
13242,multiple_progressive_shards,0,MSCCLPP-D,mscclpp,D,5,5,768,641.134,336.624,701.409,145833.266,1759.1865,147592.4525,2923.532,2180.094,0.0,False,0
13242,multiple_progressive_shards,0,MSCCLPP-D,mscclpp,D,6,6+7,1408,598.241,798.013,1267.658,149040.992,2724.5074999999997,151765.4995,4257.812,3288.078,0.0,False,0
13242,multiple_progressive_shards,0,MSCCLPP-P,mscclpp,P,0,0,128,3.985,83.686,12.857,4971.6795,650.8865000000001,5622.566000000001,324.61,283.13300000000004,0.0,False,0
13242,multiple_progressive_shards,0,MSCCLPP-P,mscclpp,P,1,1,256,80.694,66.224,255.44,13396.048999999999,865.816,14261.865000000002,710.648,581.625,0.0,False,0
13242,multiple_progressive_shards,0,MSCCLPP-P,mscclpp,P,2,2,384,144.304,977.753,1186.253,26109.7555,1046.516,27156.2715,2294.222,1378.813,0.0,False,0
13242,multiple_progressive_shards,0,MSCCLPP-P,mscclpp,P,3,3,512,123.419,1803.193,2103.768,43434.785,1260.7615,44695.5465,3104.213,930.816,0.0,False,0
13242,multiple_progressive_shards,0,MSCCLPP-P,mscclpp,P,4,4,640,132.088,2388.862,2740.675,65737.594,1410.7514999999999,67148.3455,3634.628,747.5155,0.0,False,0
13242,multiple_progressive_shards,0,MSCCLPP-P,mscclpp,P,5,5,768,140.055,3097.46,3559.878,91697.53150000001,1692.95,93390.4815,4533.722,862.219,0.0,False,0
13242,multiple_progressive_shards,0,MSCCLPP-P,mscclpp,P,6,6+7,1408,160.864,6708.195,7513.549,140482.0325,2660.815,143142.8475,12072.409,3786.2425,0.0,False,0
13242,multiple_progressive_shards,1,NCCL-D,nccl,D,0,0,128,1039.596,10.959,14.0,131283.94650000002,81.6185,131365.565,165.612,150.337,0.0,False,0
13242,multiple_progressive_shards,1,NCCL-D,nccl,D,1,1,256,463.99,126.614,140.678,134125.041,70.137,134195.178,259.88,127.388,0.0,False,0
13242,multiple_progressive_shards,1,NCCL-D,nccl,D,2,2,384,705.926,105.814,209.482,140895.34600000002,115.606,141010.952,250.374,85.998,0.0,False,0
13242,multiple_progressive_shards,1,NCCL-D,nccl,D,3,3,512,945.791,136.728,278.084,153857.63650000002,169.00900000000001,154026.6455,281.852,63.026,0.0,False,0
13242,multiple_progressive_shards,1,NCCL-D,nccl,D,4,4,640,997.873,107.893,345.206,167737.733,217.6635,167955.39649999997,348.12,50.895,0.0,False,0
13242,multiple_progressive_shards,1,NCCL-D,nccl,D,5,5,768,1026.3,111.999,131.004,184619.3385,410.8985,185030.237,134.224,3.052,0.0,False,0
13242,multiple_progressive_shards,1,NCCL-D,nccl,D,6,6+7,1408,1040.078,105.307,398.568,204726.73249999998,694.7525,205421.485,401.42,2.883,0.0,False,0
13242,multiple_progressive_shards,1,NCCL-P,nccl,P,0,0,128,9.829,189.764,190.934,5503.4985,64.188,5567.6865,350.486,163.952,0.0,False,0
13242,multiple_progressive_shards,1,NCCL-P,nccl,P,1,1,256,11.762,72.651,72.182,17303.5435,65.6815,17369.225,218.198,143.88799999999998,0.0,False,0
13242,multiple_progressive_shards,1,NCCL-P,nccl,P,2,2,384,49.05,653.579,652.904,35887.4555,150.50650000000002,36037.962,710.602,57.585,0.0,False,0
13242,multiple_progressive_shards,1,NCCL-P,nccl,P,3,3,512,211.614,946.094,949.192,62408.527,233.893,62642.42,952.106,2.899,0.0,False,0
13242,multiple_progressive_shards,1,NCCL-P,nccl,P,4,4,640,28.49,308.077,307.536,98124.3725,306.89750000000004,98431.27,310.39,2.995,0.0,False,0
13242,multiple_progressive_shards,1,NCCL-P,nccl,P,5,5,768,27.839,102.315,102.802,139230.13799999998,390.6305,139620.7685,105.686,2.9,0.0,False,0
13242,multiple_progressive_shards,1,NCCL-P,nccl,P,6,6+7,1408,25.424,315.633,327.694,204997.77049999998,775.5274999999999,205773.298,330.608,2.899,0.0,False,0
13242,multiple_progressive_shards,1,MSCCLPP-D,mscclpp,D,0,0,128,329.35,1263.674,1111.527,130789.84599999999,882.9365,131672.7825,1450.902,285.906,0.0,False,0
13242,multiple_progressive_shards,1,MSCCLPP-D,mscclpp,D,1,1,256,273.704,1242.157,1354.652,131021.2455,905.3744999999999,131926.62,1939.355,404.4765,0.0,False,0
13242,multiple_progressive_shards,1,MSCCLPP-D,mscclpp,D,2,2,384,229.666,1294.343,1466.277,131489.00650000002,955.163,132444.16950000002,2776.98,985.078,0.0,False,0
13242,multiple_progressive_shards,1,MSCCLPP-D,mscclpp,D,3,3,512,204.633,1457.937,2154.387,132966.439,1369.321,134335.76,2908.059,664.5785000000001,0.0,False,0
13242,multiple_progressive_shards,1,MSCCLPP-D,mscclpp,D,4,4,640,145.311,2082.354,2496.402,135072.1815,1354.2350000000001,136426.4165,3344.293,963.086,0.0,False,0
13242,multiple_progressive_shards,1,MSCCLPP-D,mscclpp,D,5,5,768,128.639,2506.117,3087.262,137155.566,1492.1955,138647.76150000002,4886.418,2368.5074999999997,0.0,False,0
13242,multiple_progressive_shards,1,MSCCLPP-D,mscclpp,D,6,6+7,1408,117.942,3089.148,3446.699,140178.854,2707.2245000000003,142886.0785,6736.809,3192.3205,0.0,False,0
13242,multiple_progressive_shards,1,MSCCLPP-P,mscclpp,P,0,0,128,592.865,729.777,672.921,4954.8369999999995,694.473,5649.3099999999995,862.366,192.2735,0.0,False,0
13242,multiple_progressive_shards,1,MSCCLPP-P,mscclpp,P,1,1,256,23.48,579.886,418.428,13251.572,923.8199999999999,14175.392,622.21,409.606,0.0,False,0
13242,multiple_progressive_shards,1,MSCCLPP-P,mscclpp,P,2,2,384,289.42,226.647,400.767,26128.8445,1041.346,27170.1905,1111.423,787.9685,0.0,False,0
13242,multiple_progressive_shards,1,MSCCLPP-P,mscclpp,P,3,3,512,501.381,1490.825,1789.307,43787.852,1245.994,45033.846000000005,2157.955,652.8045,0.0,False,0
13242,multiple_progressive_shards,1,MSCCLPP-P,mscclpp,P,4,4,640,487.347,318.529,628.087,68225.458,1495.582,69721.04000000001,1617.921,1300.9995,0.0,False,0
13242,multiple_progressive_shards,1,MSCCLPP-P,mscclpp,P,5,5,768,488.82,686.488,1184.135,94478.16399999999,1714.8245,96192.9885,2225.541,1485.828,0.0,False,0
13242,multiple_progressive_shards,1,MSCCLPP-P,mscclpp,P,6,6+7,1408,495.408,1510.527,2240.9,147195.4785,2740.0545,149935.533,6660.478,4272.6405,0.0,False,0
13242,multiple_progressive_shards,2,NCCL-D,nccl,D,0,0,128,3.913,160.164,133.582,132673.1875,91.417,132764.60450000002,301.704,176.743,0.0,False,0
13242,multiple_progressive_shards,2,NCCL-D,nccl,D,1,1,256,483.118,53.918,54.22,135583.305,77.59899999999999,135660.90399999998,167.624,118.088,0.0,False,0
13242,multiple_progressive_shards,2,NCCL-D,nccl,D,2,2,384,155.298,103.365,206.9,142273.5025,115.0665,142388.56900000002,233.296,78.459,0.0,False,0
13242,multiple_progressive_shards,2,NCCL-D,nccl,D,3,3,512,102.767,34.12,34.998,152255.2485,250.28300000000002,152505.53149999998,37.836,3.128,0.0,False,0
13242,multiple_progressive_shards,2,NCCL-D,nccl,D,4,4,640,114.065,105.061,275.626,165913.494,248.5605,166162.0545,278.54,24.284000000000002,0.0,False,0
13242,multiple_progressive_shards,2,NCCL-D,nccl,D,5,5,768,108.995,104.901,317.358,185413.501,311.4045,185724.9055,320.242,2.884,0.0,False,0
13242,multiple_progressive_shards,2,NCCL-D,nccl,D,6,6+7,1408,116.389,97.256,280.34,205484.99949999998,750.525,206235.5245,283.256,2.9,0.0,False,0
13242,multiple_progressive_shards,2,NCCL-P,nccl,P,0,0,128,10016.119,5304.973,5324.628,10557.207,76.2465,10633.4535,5533.652,192.752,0.0,False,1
13242,multiple_progressive_shards,2,NCCL-P,nccl,P,1,1,256,9760.816,6037.044,6057.62,27471.857,77.77199999999999,27549.629,6241.876,161.55200000000002,0.0,False,0
13242,multiple_progressive_shards,2,NCCL-P,nccl,P,2,2,384,10450.244,8653.26,8629.044,53945.002,141.301,54086.303,8764.21,96.783,0.0,False,0
13242,multiple_progressive_shards,2,NCCL-P,nccl,P,3,3,512,10320.029,12921.129,12894.424,91053.552,222.0475,91275.59950000001,12969.048,38.769,0.0,False,0
13242,multiple_progressive_shards,2,NCCL-P,nccl,P,4,4,640,10556.471,1815.932,1816.948,134167.4625,311.08000000000004,134478.5425,1819.832,2.9139999999999997,0.0,False,0
13242,multiple_progressive_shards,2,NCCL-P,nccl,P,5,5,768,10560.49,251.595,249.228,176028.80349999998,390.2025,176419.006,252.112,2.899,0.0,False,0
13242,multiple_progressive_shards,2,NCCL-P,nccl,P,6,6+7,1408,10544.607,11725.014,11701.578,258497.9975,759.846,259257.84350000002,11704.476,2.899,0.0,False,0
13242,multiple_progressive_shards,2,MSCCLPP-D,mscclpp,D,0,0,128,100.289,2504.939,2361.131,134087.798,860.125,134947.923,2836.631,357.5625,0.0,False,0
13242,multiple_progressive_shards,2,MSCCLPP-D,mscclpp,D,1,1,256,691.047,2494.658,2568.335,134046.72149999999,971.1675,135017.889,3394.71,651.7815,0.0,False,0
13242,multiple_progressive_shards,2,MSCCLPP-D,mscclpp,D,2,2,384,397.737,2444.257,2683.022,134618.772,1106.9945,135725.76650000003,4131.991,1571.336,0.0,False,0
13242,multiple_progressive_shards,2,MSCCLPP-D,mscclpp,D,3,3,512,708.353,2738.935,2859.147,135528.726,1705.862,137234.588,3603.585,1298.9375,0.0,False,0
13242,multiple_progressive_shards,2,MSCCLPP-D,mscclpp,D,4,4,640,542.64,2907.774,2773.116,137421.948,1653.18,139075.12800000003,3718.288,1311.242,0.0,False,0
13242,multiple_progressive_shards,2,MSCCLPP-D,mscclpp,D,5,5,768,161.021,2873.932,5998.726,139633.6335,3167.965,142801.59850000002,8085.632,1824.25,0.0,False,0
13242,multiple_progressive_shards,2,MSCCLPP-D,mscclpp,D,6,6+7,1408,1482.578,5715.508,4164.757,143686.445,3733.7025000000003,147420.14750000002,8925.335,4782.086,0.0,False,0
13242,multiple_progressive_shards,2,MSCCLPP-P,mscclpp,P,0,0,128,0.427,15.581,74.394,4933.37,657.4915000000001,5590.8615,348.156,309.754,0.0,False,0
13242,multiple_progressive_shards,2,MSCCLPP-P,mscclpp,P,1,1,256,37.088,336.402,552.605,13435.692,889.5945,14325.2865,1145.495,633.3395,0.0,False,0
13242,multiple_progressive_shards,2,MSCCLPP-P,mscclpp,P,2,2,384,69.64,4006.613,1907.355,27526.5235,2220.58,29747.103499999997,2883.222,1289.7265,0.0,False,0
13242,multiple_progressive_shards,2,MSCCLPP-P,mscclpp,P,3,3,512,58.686,2169.025,2538.144,46275.7675,1258.2565,47534.024,3216.027,724.4765,0.0,False,0
13242,multiple_progressive_shards,2,MSCCLPP-P,mscclpp,P,4,4,640,52.321,3010.999,3369.628,68328.01800000001,1452.0145,69780.0325,4951.707,1320.4454999999998,0.0,False,0
13242,multiple_progressive_shards,2,MSCCLPP-P,mscclpp,P,5,5,768,47.725,3627.344,4165.269,94491.8545,1665.0255000000002,96156.88,5704.347,1457.664,0.0,False,0
13242,multiple_progressive_shards,2,MSCCLPP-P,mscclpp,P,6,6+7,1408,41.081,4262.375,5127.848,143188.718,2663.9565000000002,145852.6745,9079.457,3250.1795,0.0,False,0
13242,skewed,0,NCCL-D,nccl,D,0,0,512,362.408,179.865,308.904,133212.2695,143.5445,133355.814,369.162,120.88000000000001,0.0,False,0
13242,skewed,0,NCCL-D,nccl,D,1,1,512,374.706,138.326,299.338,152930.041,150.409,153080.45,302.344,79.757,0.0,False,0
13242,skewed,0,NCCL-D,nccl,D,2,2,512,316.748,121.0,307.502,174284.72100000002,157.69,174442.411,310.508,72.785,0.0,False,0
13242,skewed,0,NCCL-D,nccl,D,3,3,512,304.044,118.92,306.862,201144.086,156.154,201300.24,309.868,70.976,0.0,False,0
13242,skewed,0,NCCL-D,nccl,D,4,4,512,306.268,113.27,296.576,224980.876,158.06,225138.936,299.568,71.862,0.0,False,0
13242,skewed,0,NCCL-D,nccl,D,5,5,512,245.449,117.07,306.722,246289.85249999998,154.983,246444.8355,309.728,68.542,0.0,False,0
13242,skewed,0,NCCL-D,nccl,D,6,6+7,1024,277.081,115.315,643.44,269253.935,325.46950000000004,269579.40449999995,646.462,67.628,0.0,False,0
13242,skewed,0,NCCL-P,nccl,P,0,0,512,184.223,14.118,23.928,17379.4195,220.224,17599.6435,26.936,10.911999999999999,0.0,False,0
13242,skewed,0,NCCL-P,nccl,P,1,1,512,140.673,12383.334,12555.512,47213.9745,148.052,47362.02650000001,12558.52,74.128,0.0,False,0
13242,skewed,0,NCCL-P,nccl,P,2,2,512,132.984,12360.589,12533.392,84941.57149999999,151.0405,85092.612,12536.658,74.158,0.0,False,0
13242,skewed,0,NCCL-P,nccl,P,3,3,512,123.268,12357.349,12531.516,123227.3285,150.8075,123378.136,12534.492,71.744,0.0,False,0
13242,skewed,0,NCCL-P,nccl,P,4,4,512,118.687,12466.744,12640.12,161568.4985,152.942,161721.4405,12643.126,71.571,0.0,False,0
13242,skewed,0,NCCL-P,nccl,P,5,5,512,125.667,12497.181,12672.698,199461.43099999998,151.6605,199613.09149999998,12675.674,72.624,0.0,False,0
13242,skewed,0,NCCL-P,nccl,P,6,6+7,1024,94.089,16532.68,16532.654,250332.8235,577.24,250910.0635,16535.706,2.9610000000000003,0.0,False,0
13242,skewed,0,MSCCLPP-D,mscclpp,D,0,0,512,243.958,1602.615,1780.907,130704.5125,1660.051,132364.5635,3554.22,968.0550000000001,0.0,False,0
13242,skewed,0,MSCCLPP-D,mscclpp,D,1,1,512,272.297,1917.504,2401.204,130403.5805,1634.534,132038.1145,3733.439,767.5005,0.0,False,0
13242,skewed,0,MSCCLPP-D,mscclpp,D,2,2,512,273.701,2492.677,2597.814,132349.988,1417.5214999999998,133767.5095,5183.408,1493.508,0.0,False,0
13242,skewed,0,MSCCLPP-D,mscclpp,D,3,3,512,303.635,2660.169,4024.236,134056.094,2040.7235,136096.8175,5627.814,1072.633,0.0,False,0
13242,skewed,0,MSCCLPP-D,mscclpp,D,4,4,512,296.106,4083.591,4505.517,136396.37050000002,1561.882,137958.2525,7544.751,1677.828,0.0,False,0
13242,skewed,0,MSCCLPP-D,mscclpp,D,5,5,512,250.491,4565.755,6400.955,138202.217,2263.765,140465.982,7636.908,712.6955,0.0,False,0
13242,skewed,0,MSCCLPP-D,mscclpp,D,6,6+7,1024,338.972,6455.308,6369.189,140921.896,2289.2645,143211.1605,11861.923,2954.2340000000004,0.0,False,0
13242,skewed,0,MSCCLPP-P,mscclpp,P,0,0,512,485.387,198.376,142.903,17776.0265,1490.4035,19266.43,1944.122,1148.4145,0.0,False,0
13242,skewed,0,MSCCLPP-P,mscclpp,P,1,1,512,552.877,375.371,318.005,33192.334,1389.824,34582.157999999996,2209.333,1025.0194999999999,0.0,False,0
13242,skewed,0,MSCCLPP-P,mscclpp,P,2,2,512,557.741,446.428,380.481,50865.798500000004,1345.5005,52211.299,1689.169,740.8755000000001,0.0,False,0
13242,skewed,0,MSCCLPP-P,mscclpp,P,3,3,512,577.282,499.951,470.582,68465.4915,1354.9715,69820.46299999999,2319.926,1136.6405,0.0,False,0
13242,skewed,0,MSCCLPP-P,mscclpp,P,4,4,512,563.247,561.255,572.974,86218.6,1359.5065,87578.1065,2889.27,1462.273,0.0,False,0
13242,skewed,0,MSCCLPP-P,mscclpp,P,5,5,512,683.228,783.555,791.099,103916.6985,1362.469,105279.16750000001,2673.208,1060.867,0.0,False,0
13242,skewed,0,MSCCLPP-P,mscclpp,P,6,6+7,1024,1041.842,2034.674,2087.355,139353.383,2336.3835,141689.7665,8340.469,4364.281499999999,0.0,False,0
13242,skewed,1,NCCL-D,nccl,D,0,0,512,164.029,184.696,310.384,131390.27049999998,143.06,131533.3305,392.232,138.176,0.0,False,0
13242,skewed,1,NCCL-D,nccl,D,1,1,512,205.518,157.874,319.844,152957.424,145.667,153103.09100000001,323.08,78.78999999999999,0.0,False,0
13242,skewed,1,NCCL-D,nccl,D,2,2,512,237.475,125.087,308.75,174541.266,156.16649999999998,174697.4325,311.726,72.243,0.0,False,0
13242,skewed,1,NCCL-D,nccl,D,3,3,512,241.353,127.131,313.42,197570.027,154.7135,197724.7405,316.426,68.496,0.0,False,0
13242,skewed,1,NCCL-D,nccl,D,4,4,512,244.467,130.398,312.61,220802.0975,158.358,220960.45549999998,373.95,98.365,0.0,False,0
13242,skewed,1,NCCL-D,nccl,D,5,5,512,280.905,118.764,304.462,243910.0115,157.36599999999999,244067.3775,307.438,69.046,0.0,False,0
13242,skewed,1,NCCL-D,nccl,D,6,6+7,1024,295.503,121.168,647.236,266898.7795,325.467,267224.2465,650.228,68.80199999999999,0.0,False,0
13242,skewed,1,NCCL-P,nccl,P,0,0,512,302.216,363.231,368.088,17257.7205,226.3185,17484.038999999997,371.224,3.232,0.0,False,0
13242,skewed,1,NCCL-P,nccl,P,1,1,512,297.953,12380.611,12551.098,47710.352,149.9655,47860.317500000005,12554.104,72.382,0.0,False,0
13242,skewed,1,NCCL-P,nccl,P,2,2,512,306.091,12450.388,12623.55,85691.5325,152.24,85843.77249999999,12626.556,69.474,0.0,False,0
13242,skewed,1,NCCL-P,nccl,P,3,3,512,286.4,12393.484,12567.52,123621.542,150.08,123771.622,12570.526,69.343,0.0,False,0
13242,skewed,1,NCCL-P,nccl,P,4,4,512,282.393,12365.031,12539.862,161317.56,150.4155,161467.9755,12543.22,69.436,0.0,False,0
13242,skewed,1,NCCL-P,nccl,P,5,5,512,317.47,12362.476,12539.36,199055.11,150.696,199205.80599999998,12542.396,69.679,0.0,False,0
13242,skewed,1,NCCL-P,nccl,P,6,6+7,1024,341.48,16217.724,16218.07,249975.235,577.351,250552.586,16221.032,3.076,0.0,False,0
13242,skewed,1,MSCCLPP-D,mscclpp,D,0,0,512,100.267,294.723,340.018,129489.13500000001,1591.5585,131080.6935,2043.859,1136.1095,0.0,False,0
13242,skewed,1,MSCCLPP-D,mscclpp,D,1,1,512,102.037,267.979,548.747,129118.157,1787.06,130905.21699999999,3359.637,1507.3355,0.0,False,0
13242,skewed,1,MSCCLPP-D,mscclpp,D,2,2,512,72.775,617.7,2206.607,131184.6225,2142.2445,133326.867,4472.716,1270.2655,0.0,False,0
13242,skewed,1,MSCCLPP-D,mscclpp,D,3,3,512,39.214,2269.935,3340.169,133586.0725,1891.357,135477.4295,5192.591,1011.711,0.0,False,0
13242,skewed,1,MSCCLPP-D,mscclpp,D,4,4,512,47.943,3404.716,4070.294,135779.7665,1693.551,137473.3175,6236.044,1199.0935,0.0,False,0
13242,skewed,1,MSCCLPP-D,mscclpp,D,5,5,512,75.419,4130.582,5116.825,137730.9205,1843.7375,139574.658,6901.653,996.3515,0.0,False,0
13242,skewed,1,MSCCLPP-D,mscclpp,D,6,6+7,1024,52.151,5150.928,5217.169,140104.0015,2406.1955,142510.197,10634.138,2985.9925,0.0,False,0
13242,skewed,1,MSCCLPP-P,mscclpp,P,0,0,512,1189.146,2391.403,2324.151,17989.1065,1433.8319999999999,19422.9385,4270.776,1063.422,0.0,False,0
13242,skewed,1,MSCCLPP-P,mscclpp,P,1,1,512,1207.757,2222.51,2143.924,33563.3935,1363.152,34926.5455,4009.658,1003.519,0.0,False,0
13242,skewed,1,MSCCLPP-P,mscclpp,P,2,2,512,1198.396,1987.352,1918.658,51326.576,1348.309,52674.885,3386.049,810.5,0.0,False,0
13242,skewed,1,MSCCLPP-P,mscclpp,P,3,3,512,1175.259,1922.878,1833.658,68953.4055,1364.391,70317.7965,3618.486,1005.0545,0.0,False,0
13242,skewed,1,MSCCLPP-P,mscclpp,P,4,4,512,1169.43,1823.418,1748.674,86692.148,1339.0819999999999,88031.23,3078.846,746.4925000000001,0.0,False,0
13242,skewed,1,MSCCLPP-P,mscclpp,P,5,5,512,1155.69,1929.184,2252.108,109246.774,1502.0720000000001,110748.84599999999,2420.045,992.258,0.0,False,0
13242,skewed,1,MSCCLPP-P,mscclpp,P,6,6+7,1024,890.954,4015.327,4127.06,145170.0545,2367.1585,147537.213,6116.359,3251.2030000000004,0.0,False,0
13242,skewed,2,NCCL-D,nccl,D,0,0,512,1136.055,211.091,295.352,131614.489,138.8435,131753.3325,354.556,133.843,0.0,False,0
13242,skewed,2,NCCL-D,nccl,D,1,1,512,1173.086,141.614,308.746,150411.403,153.827,150565.22999999998,311.752,72.304,0.0,False,0
13242,skewed,2,NCCL-D,nccl,D,2,2,512,1172.686,124.945,306.944,171207.1215,154.2105,171361.332,309.966,68.993,0.0,False,0
13242,skewed,2,NCCL-D,nccl,D,3,3,512,1159.82,148.664,330.154,192256.006,156.612,192412.61800000002,333.16,68.795,0.0,False,0
13242,skewed,2,NCCL-D,nccl,D,4,4,512,1160.611,122.301,306.776,213299.49599999998,155.9395,213455.43550000002,309.812,66.627,0.0,False,0
13242,skewed,2,NCCL-D,nccl,D,5,5,512,1184.566,127.687,312.772,234787.2555,155.31550000000001,234942.571,315.794,66.887,0.0,False,0
13242,skewed,2,NCCL-D,nccl,D,6,6+7,1024,1328.657,125.902,648.542,254962.06650000002,324.29699999999997,255286.3635,651.564,66.11699999999999,0.0,False,0
13242,skewed,2,NCCL-P,nccl,P,0,0,512,637.133,495.853,506.42,17660.299,208.4325,17868.7315,565.236,70.864,0.0,False,0
13242,skewed,2,NCCL-P,nccl,P,1,1,512,581.417,12440.845,12599.89,47560.581,150.0985,47710.6795,12618.678,94.819,0.0,False,0
13242,skewed,2,NCCL-P,nccl,P,2,2,512,553.827,12397.563,12562.518,85205.065,153.4645,85358.5295,12578.898,82.253,0.0,False,0
13242,skewed,2,NCCL-P,nccl,P,3,3,512,531.636,12386.815,12553.194,123301.5355,155.7465,123457.282,12556.186,74.53699999999999,0.0,False,0
13242,skewed,2,NCCL-P,nccl,P,4,4,512,471.452,12378.772,12546.83,161291.45,155.571,161447.021,12549.836,71.403,0.0,False,0
13242,skewed,2,NCCL-P,nccl,P,5,5,512,102.636,12908.786,13078.356,199174.256,152.089,199326.34499999997,13081.56,74.608,0.0,False,0
13242,skewed,2,NCCL-P,nccl,P,6,6+7,1024,313.194,21160.882,21164.828,253235.659,574.034,253809.693,21167.848,2.9450000000000003,0.0,False,0
13242,skewed,2,MSCCLPP-D,mscclpp,D,0,0,512,726.931,423.777,364.582,129761.242,1572.1765,131333.4185,1934.878,870.14,0.0,False,0
13242,skewed,2,MSCCLPP-D,mscclpp,D,1,1,512,711.128,434.1,714.285,129332.46299999999,1570.2815,130902.7445,2702.879,1095.1565,0.0,False,0
13242,skewed,2,MSCCLPP-D,mscclpp,D,2,2,512,700.229,769.823,1498.66,131208.146,1740.2435,132948.3895,3343.91,1018.3675000000001,0.0,False,0
13242,skewed,2,MSCCLPP-D,mscclpp,D,3,3,512,684.044,1544.772,2182.691,133229.934,1677.1745,134907.1085,4106.785,1073.1405,0.0,False,0
13242,skewed,2,MSCCLPP-D,mscclpp,D,4,4,512,685.689,2227.654,2956.847,135211.94650000002,1708.0414999999998,136919.988,4748.847,973.3125,0.0,False,0
13242,skewed,2,MSCCLPP-D,mscclpp,D,5,5,512,691.975,3009.637,3596.832,137191.37900000002,1660.3485,138851.72749999998,6553.129,1602.5705,0.0,False,0
13242,skewed,2,MSCCLPP-D,mscclpp,D,6,6+7,1024,690.271,3620.977,4433.457,139349.146,2746.3450000000003,142095.49099999998,9694.769,2872.8355,0.0,False,0
13242,skewed,2,MSCCLPP-P,mscclpp,P,0,0,512,5500.197,7865.398,7744.048,18638.4895,1360.118,19998.6075,7914.032,987.1365,0.0,False,0
13242,skewed,2,MSCCLPP-P,mscclpp,P,1,1,512,6851.85,8649.615,8421.931,33661.0355,1224.379,34885.4145,8594.985,1009.6635,0.0,False,0
13242,skewed,2,MSCCLPP-P,mscclpp,P,2,2,512,6846.91,9158.511,8958.509,51725.428499999995,1253.109,52978.5375,9110.056,1064.9534999999998,0.0,False,0
13242,skewed,2,MSCCLPP-P,mscclpp,P,3,3,512,6822.418,9661.951,9433.65,69692.75349999999,1219.2645,70912.01800000001,9605.681,970.75,0.0,False,0
13242,skewed,2,MSCCLPP-P,mscclpp,P,4,4,512,6818.87,10083.727,9833.008,87703.2415,1213.5135,88916.755,9995.821,684.0315,0.0,False,0
13242,skewed,2,MSCCLPP-P,mscclpp,P,5,5,512,6791.854,14012.808,15687.227,107475.191,2176.3585000000003,109651.5495,15866.43,652.8045,0.0,False,0
13242,skewed,2,MSCCLPP-P,mscclpp,P,6,6+7,1024,7415.0,15732.702,15173.165,142122.412,2095.6575,144218.06949999998,15501.868,2467.8360000000002,0.0,False,0
13242,zero_sized_pair,0,NCCL-D,nccl,D,0,0,512,127.398,159.129,261.544,129535.6365,149.2025,129684.839,291.116,112.656,0.0,False,0
13242,zero_sized_pair,0,NCCL-D,nccl,D,1,1,512,409.896,131.333,308.71,155263.8555,156.94549999999998,155420.80099999998,311.824,69.23700000000001,0.0,False,0
13242,zero_sized_pair,0,NCCL-D,nccl,D,2,2,512,402.178,120.348,305.292,183188.853,158.456,183347.309,308.406,68.116,0.0,False,0
13242,zero_sized_pair,0,NCCL-D,nccl,D,3,3,512,405.765,4.237,91.09,212911.709,207.3625,213119.07150000002,185.242,94.17,0.0,False,0
13242,zero_sized_pair,0,NCCL-D,nccl,D,4,4,512,409.266,124.288,313.228,240864.427,155.946,241020.373,316.34,69.76299999999999,0.0,False,0
13242,zero_sized_pair,0,NCCL-D,nccl,D,5,5,512,920.566,119.095,305.062,268430.0115,157.3565,268587.368,308.328,67.978,0.0,False,0
13242,zero_sized_pair,0,NCCL-D,nccl,D,6,6+7,1024,1148.506,114.661,639.018,295341.5345,327.83349999999996,295669.368,642.13,69.77799999999999,0.0,False,0
13242,zero_sized_pair,0,NCCL-P,nccl,P,0,0,512,1.957,523.222,521.372,16971.667500000003,207.074,17178.7415,566.364,57.55199999999999,0.0,False,0
13242,zero_sized_pair,0,NCCL-P,nccl,P,1,1,512,39.296,12166.135,12325.882,53316.5495,147.4765,53464.026,12328.762,79.088,0.0,False,0
13242,zero_sized_pair,0,NCCL-P,nccl,P,2,2,512,38.83,13608.173,13770.36,98246.5235,149.9025,98396.426,13773.336,76.592,0.0,False,0
13242,zero_sized_pair,0,NCCL-P,nccl,P,3,3,512,59.95,12152.219,12319.286,145208.7455,151.0735,145359.81900000002,12322.17,74.508,0.0,False,0
13242,zero_sized_pair,0,NCCL-P,nccl,P,4,4,512,67.281,12185.304,12351.576,189824.17450000002,151.316,189975.4905,12354.46,75.875,0.0,False,0
13242,zero_sized_pair,0,NCCL-P,nccl,P,5,5,512,712.215,12163.016,12329.878,233978.8515,149.027,234127.8785,12332.762,72.96,0.0,False,0
13242,zero_sized_pair,0,NCCL-P,nccl,P,6,6+7,1024,74.212,24379.348,24880.598,287439.976,321.10799999999995,287761.08400000003,24883.526,75.759,0.0,False,0
13242,zero_sized_pair,0,MSCCLPP-D,mscclpp,D,0,0,512,266.455,4803.544,5090.089,127662.9515,1230.6325,128893.584,5121.152,1444.8045,0.0,False,0
13242,zero_sized_pair,0,MSCCLPP-D,mscclpp,D,1,1,512,150.324,5062.799,3698.262,126860.2775,1934.3125,128794.59,3792.465,935.9375,0.0,False,0
13242,zero_sized_pair,0,MSCCLPP-D,mscclpp,D,2,2,512,138.557,3651.35,3159.636,129149.8535,1455.748,130605.6015,3172.949,1566.719,0.0,False,0
13242,zero_sized_pair,0,MSCCLPP-D,mscclpp,D,3,3,512,134.075,3117.709,1446.48,130963.18299999999,2033.4735,132996.65649999998,3100.672,1603.0785,0.0,False,0
13242,zero_sized_pair,0,MSCCLPP-D,mscclpp,D,4,4,512,111.45,1397.279,283.051,133327.5415,2018.308,135345.8495,3301.816,1516.0384999999999,0.0,False,0
13242,zero_sized_pair,0,MSCCLPP-D,mscclpp,D,5,5,512,380.09,331.641,1904.051,135461.6995,1978.663,137440.3625,6000.036,2096.6335,0.0,False,0
13242,zero_sized_pair,0,MSCCLPP-D,mscclpp,D,6,6+7,1024,651.985,2055.522,3335.598,137930.4985,2781.167,140711.6655,12147.113,4466.687,0.0,False,0
13242,zero_sized_pair,0,MSCCLPP-P,mscclpp,P,0,0,512,47.596,315.952,714.206,16891.915,1109.666,18001.581,3578.867,1834.488,0.0,False,0
13242,zero_sized_pair,0,MSCCLPP-P,mscclpp,P,1,1,512,34.486,1258.051,1656.292,31752.089500000002,1061.1725,32813.262,1671.652,591.8715,0.0,False,0
13242,zero_sized_pair,0,MSCCLPP-P,mscclpp,P,2,2,512,25.941,2408.214,5449.19,49089.4335,2382.184,51471.6175,5463.534,1130.5040000000001,0.0,False,0
13242,zero_sized_pair,0,MSCCLPP-P,mscclpp,P,3,3,512,39.769,1230.907,1167.895,71162.071,1237.6619999999998,72399.73300000001,3407.395,1130.5,0.0,False,0
13242,zero_sized_pair,0,MSCCLPP-P,mscclpp,P,4,4,512,12.287,746.667,335.395,88730.382,1078.664,89809.046,3761.692,1720.82,0.0,False,0
13242,zero_sized_pair,0,MSCCLPP-P,mscclpp,P,5,5,512,455.388,939.917,1360.37,106153.8995,1103.3185,107257.218,2228.234,1147.906,0.0,False,0
13242,zero_sized_pair,0,MSCCLPP-P,mscclpp,P,6,6+7,1024,74.106,318.983,1045.98,140601.65149999998,1964.6295,142566.28100000002,9269.25,4682.7655,0.0,False,0
13242,zero_sized_pair,1,NCCL-D,nccl,D,0,0,512,535.641,178.45,281.182,130455.4565,150.498,130605.95449999999,319.65,141.525,0.0,False,0
13242,zero_sized_pair,1,NCCL-D,nccl,D,1,1,512,542.323,130.767,307.428,153757.353,157.7875,153915.14049999998,310.572,71.16,0.0,False,0
13242,zero_sized_pair,1,NCCL-D,nccl,D,2,2,512,524.142,119.81,299.784,179545.486,161.118,179706.604,303.324,70.458,0.0,False,0
13242,zero_sized_pair,1,NCCL-D,nccl,D,3,3,512,480.917,122.439,293.024,205419.41700000002,165.68650000000002,205585.1035,296.58,73.281,0.0,False,0
13242,zero_sized_pair,1,NCCL-D,nccl,D,4,4,512,450.373,122.655,309.336,231032.673,157.5005,231190.1735,312.738,65.36099999999999,0.0,False,0
13242,zero_sized_pair,1,NCCL-D,nccl,D,5,5,512,12.388,129.31,309.9,256474.43,153.6,256628.03,313.012,70.586,0.0,False,0
13242,zero_sized_pair,1,NCCL-D,nccl,D,6,6+7,1024,153.751,121.494,649.468,281161.0625,326.667,281487.7295,652.582,65.079,0.0,False,0
13242,zero_sized_pair,1,NCCL-P,nccl,P,0,0,512,212.67,706.211,706.67,16854.0515,219.8135,17073.865,710.19,13.296,0.0,False,0
13242,zero_sized_pair,1,NCCL-P,nccl,P,1,1,512,212.385,12188.55,12336.874,53488.2565,145.11599999999999,53633.3725,12344.844,84.16,0.0,False,0
13242,zero_sized_pair,1,NCCL-P,nccl,P,2,2,512,210.139,12185.587,12345.23,97828.397,153.1935,97981.59049999999,12348.878,74.353,0.0,False,0
13242,zero_sized_pair,1,NCCL-P,nccl,P,3,3,512,176.963,12173.011,12344.238,143932.248,150.6395,144082.8875,12347.336,70.992,0.0,False,0
13242,zero_sized_pair,1,NCCL-P,nccl,P,4,4,512,164.285,12149.829,12323.47,188269.171,152.5495,188421.7205,12327.148,72.014,0.0,False,0
13242,zero_sized_pair,1,NCCL-P,nccl,P,5,5,512,457.283,12173.054,12343.216,232318.9195,150.56900000000002,232469.4885,12346.924,72.92999999999999,0.0,False,0
13242,zero_sized_pair,1,NCCL-P,nccl,P,6,6+7,1024,80.153,24335.487,24832.366,285837.855,321.5715,286159.4265,24835.48,82.658,0.0,False,0
13242,zero_sized_pair,1,MSCCLPP-D,mscclpp,D,0,0,512,713.864,3464.036,3664.793,127812.003,1268.6325,129080.6355,3687.231,1663.93,0.0,False,0
13242,zero_sized_pair,1,MSCCLPP-D,mscclpp,D,1,1,512,729.215,3619.191,1848.168,126978.11499999999,2155.6825,129133.7975,1942.386,464.90549999999996,0.0,False,0
13242,zero_sized_pair,1,MSCCLPP-D,mscclpp,D,2,2,512,738.48,1792.511,2204.527,129490.2255,1014.179,130504.4045,4349.937,2230.2655,0.0,False,0
13242,zero_sized_pair,1,MSCCLPP-D,mscclpp,D,3,3,512,744.436,2151.618,728.222,130860.223,2638.537,133498.76,2326.691,859.1405,0.0,False,0
13242,zero_sized_pair,1,MSCCLPP-D,mscclpp,D,4,4,512,811.182,788.564,954.52,133833.96600000001,1290.836,135124.802,4247.692,1673.719,0.0,False,0
13242,zero_sized_pair,1,MSCCLPP-D,mscclpp,D,5,5,512,1346.671,1021.452,2849.957,135222.5005,2118.1735,137340.674,5451.926,1330.18,0.0,False,0
13242,zero_sized_pair,1,MSCCLPP-D,mscclpp,D,6,6+7,1024,1586.389,2986.487,2978.973,137780.053,2146.026,139926.07900000003,10673.301,3884.0235000000002,0.0,False,0
13242,zero_sized_pair,1,MSCCLPP-P,mscclpp,P,0,0,512,110.336,13.061,380.133,17217.7535,1109.907,18327.660499999998,3136.515,1603.0739999999998,0.0,False,0
13242,zero_sized_pair,1,MSCCLPP-P,mscclpp,P,1,1,512,50.843,924.66,1336.555,32090.9355,1069.0055,33159.941,2000.906,1053.1875,0.0,False,0
13242,zero_sized_pair,1,MSCCLPP-P,mscclpp,P,2,2,512,44.867,2027.281,2457.837,49233.808000000005,1049.093,50282.901,2473.181,1236.469,0.0,False,0
13242,zero_sized_pair,1,MSCCLPP-P,mscclpp,P,3,3,512,35.054,2950.113,3371.235,66368.5505,1048.74,67417.2905,3387.61,956.414,0.0,False,0
13242,zero_sized_pair,1,MSCCLPP-P,mscclpp,P,4,4,512,55.541,3983.149,4407.516,83591.6,1046.0365,84637.6365,4421.86,1266.6955,0.0,False,0
13242,zero_sized_pair,1,MSCCLPP-P,mscclpp,P,5,5,512,59.39,4971.351,5396.72,100817.88949999999,1032.6865,101850.576,5411.048,1051.133,0.0,False,0
13242,zero_sized_pair,1,MSCCLPP-P,mscclpp,P,6,6+7,1024,467.295,4636.031,5389.532,135555.289,1871.5335,137426.8225,8084.468,4113.9135,0.0,False,0
13242,zero_sized_pair,2,NCCL-D,nccl,D,0,0,512,19.859,167.566,262.884,129217.34950000001,144.323,129361.6725,312.704,121.467,0.0,False,0
13242,zero_sized_pair,2,NCCL-D,nccl,D,1,1,512,10.02,133.695,310.69,156794.29249999998,153.1185,156947.41100000002,313.802,72.28,0.0,False,0
13242,zero_sized_pair,2,NCCL-D,nccl,D,2,2,512,29.241,120.808,282.402,184699.1665,167.794,184866.9605,285.498,67.237,0.0,False,0
13242,zero_sized_pair,2,NCCL-D,nccl,D,3,3,512,36.089,118.46,305.028,214260.3495,157.114,214417.4635,308.172,65.91,0.0,False,0
13242,zero_sized_pair,2,NCCL-D,nccl,D,4,4,512,45.881,117.701,306.19,242128.823,157.0055,242285.8285,309.256,67.34400000000001,0.0,False,0
13242,zero_sized_pair,2,NCCL-D,nccl,D,5,5,512,514.757,117.303,308.066,271548.30299999996,155.4865,271703.7895,311.18,64.56099999999999,0.0,False,0
13242,zero_sized_pair,2,NCCL-D,nccl,D,6,6+7,1024,738.822,114.961,636.954,298576.3955,327.8905,298904.28599999996,640.16,68.23899999999999,0.0,False,0
13242,zero_sized_pair,2,NCCL-P,nccl,P,0,0,512,165.935,643.053,589.364,17079.134,192.3345,17271.4685,692.084,73.888,0.0,False,0
13242,zero_sized_pair,2,NCCL-P,nccl,P,1,1,512,195.096,12180.165,12334.104,51346.2215,147.00650000000002,51493.228,12337.816,78.064,0.0,False,0
13242,zero_sized_pair,2,NCCL-P,nccl,P,2,2,512,203.583,12167.766,12337.906,97198.75349999999,149.637,97348.3905,12341.232,89.164,0.0,False,0
13242,zero_sized_pair,2,NCCL-P,nccl,P,3,3,512,270.3,12152.125,12290.932,143261.7515,167.9635,143429.715,12294.03,83.694,0.0,False,0
13242,zero_sized_pair,2,NCCL-P,nccl,P,4,4,512,302.802,12386.713,12557.93,189476.97749999998,151.3705,189628.348,12561.912,72.898,0.0,False,0
13242,zero_sized_pair,2,NCCL-P,nccl,P,5,5,512,906.695,12151.83,12323.28,236112.9295,153.849,236266.77850000001,12326.378,71.93,0.0,False,0
13242,zero_sized_pair,2,NCCL-P,nccl,P,6,6+7,1024,402.354,24552.556,25051.842,291614.87899999996,325.527,291940.406,25054.924,76.76599999999999,0.0,False,0
13242,zero_sized_pair,2,MSCCLPP-D,mscclpp,D,0,0,512,604.418,2897.662,3196.977,127913.492,1249.3865,129162.87849999999,3302.156,1694.469,0.0,False,0
13242,zero_sized_pair,2,MSCCLPP-D,mscclpp,D,1,1,512,634.404,3166.58,1362.993,127129.344,2146.4275,129275.7715,1609.735,841.2189999999999,0.0,False,0
13242,zero_sized_pair,2,MSCCLPP-D,mscclpp,D,2,2,512,639.927,1324.297,1048.618,129635.324,1369.7855,131005.1095,2207.75,1139.711,0.0,False,0
13242,zero_sized_pair,2,MSCCLPP-D,mscclpp,D,3,3,512,630.211,997.381,236.587,131360.552,1593.245,132953.797,2804.735,1433.0865000000001,0.0,False,0
13242,zero_sized_pair,2,MSCCLPP-D,mscclpp,D,4,4,512,634.541,186.255,1173.475,133322.16499999998,1879.2160000000001,135201.381,4347.866,1625.594,0.0,False,0
13242,zero_sized_pair,2,MSCCLPP-D,mscclpp,D,5,5,512,1100.489,1232.493,2954.21,135331.312,2052.8914999999997,137384.2035,5027.803,1079.8039999999999,0.0,False,0
13242,zero_sized_pair,2,MSCCLPP-D,mscclpp,D,6,6+7,1024,1316.578,3046.323,2548.694,137854.0735,1902.0025,139756.076,9429.991,3473.4139999999998,0.0,False,0
13242,zero_sized_pair,2,MSCCLPP-P,mscclpp,P,0,0,512,1166.406,710.99,248.202,16965.013,1124.356,18089.369,3852.202,1812.5625,0.0,False,0
13242,zero_sized_pair,2,MSCCLPP-P,mscclpp,P,1,1,512,1203.97,370.567,808.665,31739.1515,1090.634,32829.7855,2971.649,1540.094,0.0,False,0
13242,zero_sized_pair,2,MSCCLPP-P,mscclpp,P,2,2,512,1167.442,1376.549,1784.524,48891.2815,1077.1435000000001,49968.425,2168.82,1120.7615,0.0,False,0
13242,zero_sized_pair,2,MSCCLPP-P,mscclpp,P,3,3,512,1153.444,2603.54,3008.204,66255.431,1048.038,67303.469,3023.563,1100.7965,0.0,False,0
13242,zero_sized_pair,2,MSCCLPP-P,mscclpp,P,4,4,512,1160.986,3576.921,4010.704,83492.2305,1053.5485,84545.779,4025.048,1243.1405,0.0,False,0
13242,zero_sized_pair,2,MSCCLPP-P,mscclpp,P,5,5,512,1653.695,4540.074,4956.892,100488.0095,1033.749,101521.7585,4973.282,1397.2575,0.0,False,0
13242,zero_sized_pair,2,MSCCLPP-P,mscclpp,P,6,6+7,1024,1882.224,5248.963,6015.72,133807.7825,1874.3695,135682.152,7847.953,3983.875,0.0,False,0
